"conversation_id_str","created_at","favorite_count","full_text","id_str","image_url","in_reply_to_screen_name","lang","location","quote_count","reply_count","retweet_count","tweet_url","user_id_str","username"
"2105521866110861731","2026-10-01T04:55:06.000Z","6","Kapolri jadi ganti  to ?","2105521866110861731","","","in","","0","1","0","https://x.com/SMujsin/status/2105521866110861731","1138335162188554240","SMujsin"
"2105521861903983024","2026-10-01T04:55:05.000Z","0","Pak Kapolri Suyudi A.S.  Selamat ya, Pak.
Tolong usut tuntas kasus Vina Cirebon yang tidak pernah bisa diselesaikan oleh Listyo.
Harapan saya tindak tegas siapa yang bersalah dan bebaskan yang tidak bersalah.","2105521861903983024","","","in","","0","0","0","https://x.com/denyspam/status/2105521861903983024","96872350","denyspam"
"2105521831457230900","2026-10-01T04:54:57.000Z","0","Dalam paparan visinya di ruang sidang DPR

Komjen Suyudi menekankan pentingnya penguatan internal Polri—mulai dari harmonisasi SOP penyidikan
#Kapolri #KomjenSuyudi #DPRRI #tvceritaini https://t.co/1hV5EErGtz","2105521831457230900","https://pbs.twimg.com/ext_tw_video_thumb/2105521742407983104/pu/img/l_eGpNpYDfwzyQ4d.jpg","","in","","0","0","0","https://x.com/aurapri123/status/2105521831457230900","2047145063491461120","aurapri123"
"2105502523268415850","2026-10-01T04:54:33.000Z","25","@FahmiAgustian ganti kapolri selanjutnya ganti kapolda &amp; pejabat dibawahnya plus ganti mendagri, panglima tni. ditambah wapres di diskualifilasi dibiarkan mundur sendiri, diprediksi TL bakal penuh hujatan makian kader gajah dan termul wkwwkwk","2105521727300321337","","FahmiAgustian","in","","0","4","0","https://x.com/SotoAyam1970/status/2105521727300321337","1587265721146707968","SotoAyam1970"
"2105490263762501912","2026-10-01T04:54:32.000Z","2","@kompascom ah yang benerrrrr..... 😀

kalau ini bener semoga ini benar2 jadi puncak perpecahan jokowi dan Prab's, 
dan akan terus pecah berkeping dengan digantinya pejabat2 bau jokowi yang tidak enak yang lainnya,

dan membuat POLRI akan menjadi kembali jadi agak baik, 

setelah total","2105521726008569933","","kompascom","in","","0","1","0","https://x.com/Wicaksono_J/status/2105521726008569933","132092841","Wicaksono_J"
"2105521708065312824","2026-10-01T04:54:28.000Z","0","🔴BREAKING NEWS: Prabowo Berhentikan Listyo Sigit sebagai Kapolri, Digantikan Komjen Suyudi

https://t.co/apFmmq0eK3","2105521708065312824","","","in","","0","0","0","https://x.com/video_tribunid/status/2105521708065312824","1892110442090332162","video_tribunid"
"2105521695427891638","2026-10-01T04:54:25.000Z","0","Komisi III DPR menggelar fit and proper test terhadap calon Kapolri di Kompleks Parlemen, Senayan, Jakarta, pada Kamis pagi.

Dalam fit and proper test ini, Komjen Pol. Suyudi Ario Seto menjadi calon tunggal Kapolri yang baru.

#sinpotv #sinpotvnews #CalonKapolri #KomisiIIIDPR https://t.co/lEyg0FCin6","2105521695427891638","https://pbs.twimg.com/amplify_video_thumb/2105521524073787392/img/6aKEIEtNfJkAadez.jpg","","in","","0","0","0","https://x.com/sinpotv/status/2105521695427891638","1012174601055449088","sinpotv"
"2105519195018715221","2026-10-01T04:54:24.000Z","0","Masa Pensiun Kapolri Jenderal Listyo Sigit Prabowo:

■ UU Lama (UU 2/2002): Pensiun usia 58 pada Juni 2027.
■ UU Baru (UU 5/2026): Pensiun perwira tinggi jadi 60 tahun, bergeser ke Juni 2029.","2105521690826694934","","triwahyuutama15","in","","0","0","0","https://x.com/triwahyuutama15/status/2105521690826694934","373848200","triwahyuutama15"
"2105521672283697460","2026-10-01T04:54:20.000Z","1","Baca di sini: https://t.co/EIAlHCJAqh

Puan Maharani menyebut kemungkinan Listyo Sigit Prabowo bergabung dalam Kabinet Merah Putih setelah tak lagi menjadi Kapolri merupakan hak prerogatif Presiden Prabowo Subianto.

~IQ #ListyoSigit #KabinetMerahPutih [2026100111275151] https://t.co/wasWe41gTN","2105521672283697460","https://pbs.twimg.com/media/HThQpmua0AA0Ba4.jpg","","in","","0","0","0","https://x.com/kompascom/status/2105521672283697460","23343960","kompascom"
"2105521661948874758","2026-10-01T04:54:17.000Z","0","Akhirnya, kapolri baru kah??","2105521661948874758","","","in","","0","0","0","https://x.com/lucimaya123/status/2105521661948874758","3032152165","lucimaya123"
"2105521639673000029","2026-10-01T04:54:12.000Z","5","Rapat Paripurna ke-8 DPR RI Masa Persidangan I Tahun Sidang 2026–2027 resmi mengesahkan laporan hasil uji kelayakan Komisi III DPR RI terkait suksesi kepemimpinan Polri di Gedung Nusantara, Senayan, Jakarta, Kamis (1/10/2026).

Ketua DPR RI Puan Maharani memimpin langsung https://t.co/6RNMcPfa5B","2105521639673000029","https://pbs.twimg.com/amplify_video_thumb/2105509801799364608/img/F3T-9W7k3GdDUw2u.jpg","","in","","0","0","1","https://x.com/Metro_TV/status/2105521639673000029","57261519","Metro_TV"
"2105521627815428226","2026-10-01T04:54:09.000Z","0","Komisi III DPR RI menggelar uji kepatutan dan kelayakan (fit and proper test) bagi Calon Kapolri.

#Kapolri #KomjenSuyudi #DPRRI #Komisi3DPR https://t.co/vAmO74LHDk","2105521627815428226","https://pbs.twimg.com/ext_tw_video_thumb/2105521537268744192/pu/img/5O1NweaA5JFNaT80.jpg","","in","","0","0","0","https://x.com/tvrkytberitakit/status/2105521627815428226","2091715634300407808","tvrkytberitakit"
"2105498040740245702","2026-10-01T04:53:46.000Z","0","@kompascom Selamat bertugas untuk Bapak Sujudi Ario Seto, semoga Polri semakin baik dan profesional serta menjadi pelayan bagi seluruh rakyat Indonesia. Amin Ya Rabbalallamin🤲

Sebelum menjabat Kapolri beliau pernah menjadi Kapolda Banten sama dengan pendahulunya Pak Sigit.

Sepuh Banten🙏","2105521532542025890","","kompascom","in","","0","1","0","https://x.com/harya101/status/2105521532542025890","992134573","harya101"
"2104591641097220441","2026-10-01T04:53:41.000Z","0","@sigitwid @cokro_tv @aryobimmo @MikhailGorbaDom @Uki23 Gara² pamer KTA, kapolri jadi diganti 

Hancur deh dinasty ming","2105521510719090836","","sigitwid","in","","0","0","0","https://x.com/Arman_topbgt/status/2105521510719090836","1430913775083745295","Arman_topbgt"
"2105521429605450237","2026-10-01T04:53:22.000Z","26","Rangkuman kasus besar yang pernah ditangani oleh Kapolri Suyudi Ario Seto beserta perannya:

☑️ Kasus Penyerangan Novel Baswedan (2019): Berperan sebagai Dirreskrimum Polda Metro Jaya yang memimpin tim khusus untuk membongkar teka-teki kasus dan menangkap dua oknum polisi pelaku https://t.co/Z9AokFvdYe","2105521429605450237","https://pbs.twimg.com/media/HThQkxCaAAAxsJD.jpg","","in","","1","5","11","https://x.com/suncomeinrain/status/2105521429605450237","1389107518702374915","suncomeinrain"
"2105521387993718954","2026-10-01T04:53:12.000Z","0","Udh berapa kali kapolri ganti,emang ada yg bener?🤣🤣🤣","2105521387993718954","","","in","","0","0","0","https://x.com/ajikotak/status/2105521387993718954","61518513","ajikotak"
"2105521225972015382","2026-10-01T04:52:33.000Z","3","Kapolri mau di ganti guys sama Pak pres","2105521225972015382","","","in","","0","4","1","https://x.com/filosofikantor/status/2105521225972015382","1902849545131921409","filosofikantor"
"2105521183513055549","2026-10-01T04:52:23.000Z","6","bisa kali kapolri baru itungitung naikin kepercayaan publik","2105521183513055549","","","in","","0","0","0","https://x.com/Yaitu12921776/status/2105521183513055549","1283015320618205184","Yaitu12921776"
"2105521143096713337","2026-10-01T04:52:13.000Z","1","Satu hal lg semoga calon Kapolri yg baru berani utk melawan hoax/fitnah.
Tdk seperti era Pak Listyo hoax/fitnah merajalela. Kalau pun ditindak ujung2nya RJ, pdhal dampaknya sdh kemana2.","2105521143096713337","","","in","","0","0","0","https://x.com/BeBuzzerNKRI/status/2105521143096713337","998800626816499712","BeBuzzerNKRI"
"2105521097148170636","2026-10-01T04:52:02.000Z","0","Komjen Pol Suyudi Ario Seto, Kepala Badan Narkotika Nasional (BNN) RI, menyampaikan pernyataan dan visi misi sebagai Calon Kapolri dalam uji kelayakan dan kepatuhan yang digelar Komisi III DPR RI, Kamis (1/10/2026).

Dalam rapat yang dipimpin oleh Ketua  Komisi III DPR RI,","2105521097148170636","","","in","","0","0","1","https://x.com/tribunnews/status/2105521097148170636","124171593","tribunnews"
"2105521070078116103","2026-10-01T04:51:56.000Z","1","Profil Komjen Suyudi Ario Seto, Jenderal yang Menggantikan Kapolri Listyo Sigit Prabowo

https://t.co/Mq1vyo1WDy","2105521070078116103","","","in","","0","0","0","https://x.com/radartuban/status/2105521070078116103","2543075562","radartuban"
"2105515051495145667","2026-10-01T04:51:49.000Z","0","@grok @arifin34533 @grok apa pertimbangan utama pengangkatan beliau sebagai Kapolri?

Apakah ada kedekatan dengan listyi Sigit sebelumnya?","2105521039732253167","","grok","in","","0","1","0","https://x.com/qinkqonk/status/2105521039732253167","170971387","qinkqonk"
"2105521035659665830","2026-10-01T04:51:48.000Z","41","Kapolri Baru

Dari Tembok Ratapan terdengar suara;
saya akan lawan..!! https://t.co/NosTCAJ0GL","2105521035659665830","https://pbs.twimg.com/media/HThQNmkbAAAqatO.jpg","","in","","1","11","6","https://x.com/AirinDatangLagi/status/2105521035659665830","228628424","AirinDatangLagi"
"2105521024460788027","2026-10-01T04:51:45.000Z","2","Tugas Kapolri berikutnya bukan hanya melakukan reformasi di tubuh Polri, tetapi juga membangun legitimasi patron dan loyalitas kepemimpinan baru. Tantangannya tidak ringan, mengingat jejaring yang terbentuk Listyo Sigit telah cukup mengakar di tubuh kepolisian.","2105521024460788027","","","in","","0","0","0","https://x.com/faizbaagil/status/2105521024460788027","1121251949783814144","faizbaagil"
"2105520989425844345","2026-10-01T04:51:37.000Z","0","DPR Setujui Suyudi Jadi Kapolri, 100 Hari Pertama Fokus Cek Perkara hingga Polsek
 
https://t.co/cZI2iOtksZ","2105520989425844345","","","in","","0","0","0","https://x.com/rmtvnewscom/status/2105520989425844345","1287081099613491202","rmtvnewscom"
"2105520967678063028","2026-10-01T04:51:32.000Z","0","Komjen Suyudi paparkan visi penguatan internal Polri di DPR, mulai dari penyidikan hingga transparansi perkara! Apa tantangan terbesar Kapolri baru nanti? 💭 #TVInfoinHiburan #KomjenSuyudi #KapolriBaru https://t.co/e2UsxAUqk6","2105520967678063028","https://pbs.twimg.com/ext_tw_video_thumb/2105520872748437504/pu/img/34aMF9pKGYYhdvit.jpg","","in","","0","0","0","https://x.com/TVInfoinHiburan/status/2105520967678063028","2091016324759814144","TVInfoinHiburan"
"2105520965321130195","2026-10-01T04:51:31.000Z","30","Listyo adalah kapolri terlama dlm sejarah nasional.
Apakah pensiun bakal slow living jadi petani?","2105520965321130195","","","in","","3","15","6","https://x.com/suryadelalu/status/2105520965321130195","131712155","suryadelalu"
"2105520960048910844","2026-10-01T04:51:30.000Z","4","Komjen Pol Suyudi Ario Seto memaparkan enam program prioritas yang akan dijalankan jika dirinya resmi ditetapkan sebagai Kapolri, menggantikan Jenderal Listyo Sigit Prabowo. Program tersebut disampaikannya dalam uji kelayakan dan kepatutan (fit and proper test) calon Kapolri di https://t.co/XagUAtY2O2","2105520960048910844","https://pbs.twimg.com/amplify_video_thumb/2105518676804042752/img/BmsVwyHjPfOYPRTW.jpg","","in","","0","1","2","https://x.com/Metro_TV/status/2105520960048910844","57261519","Metro_TV"
"2105518205712413005","2026-10-01T04:51:27.000Z","1","@AirinDatangLagi Kita tunggu gebrakan kerjanya jgn berharap berlebihan dulu toh blm dilantik resmi sbg kapolri","2105520949684752609","","AirinDatangLagi","in","","0","0","0","https://x.com/no_aryo36371/status/2105520949684752609","1893372430879727617","no_aryo36371"
"2105520867447115996","2026-10-01T04:51:08.000Z","4165","Jangan senang dulu ya teman2 banteng, coba liat itu Kapolri baru masuk dikawal siapa. Kode-kode begini masa gak paham 🫣","2105520867447115996","","","in","","28","112","691","https://x.com/aqfiazfan/status/2105520867447115996","261912160","aqfiazfan"
"2105503951147962800","2026-10-01T04:50:59.000Z","0","@Mr_MountBlanc UU itu dibuat bukan memperpanjang Jabatan KAPOLRI khususnya SIIGIT. Itu dibuat untuk mennjebatani banyaknya perwira2 yang nganggur di POLRI dan TNI.  Dan ketika adek anggkatan meloncati kakak angkatan.","2105520832374325758","","Mr_MountBlanc","in","","0","0","0","https://x.com/DMarginale/status/2105520832374325758","1346210508265799682","DMarginale"
"2105520362121462234","2026-10-01T04:50:49.000Z","0","Dari non-job ke Kapolri cm 13 bulan, ini bukan karir normal. Dipolri klo udh jadi pati tnp jabatan itu sinyal pensiun dini atau kena masalah. Dia malah lompat ke BNN dalam 20 hari. Siapa yang tarik dia dari parkiran ke istana?😃","2105520788493521353","","yuenlea11","in","","0","0","0","https://x.com/yuenlea11/status/2105520788493521353","1609106883675312128","yuenlea11"
"2105520776355144017","2026-10-01T04:50:46.000Z","0","saya pribadi mengharap sangat kpd Kapolri baru mengevaluasi kembali tatanan jajaran lembaga kepolisian RI . 
Laksanakan tugas Negara menurut tempatnya masing² dan amanah . jgn di campur adukan yg bukan wewenangnya , agar hukum bisa berjalan dgn adil tanpa lahir masalah lain .","2105520776355144017","","","in","","0","0","0","https://x.com/cut_wahyudin/status/2105520776355144017","1807800205297008640","cut_wahyudin"
"2105516300978319842","2026-10-01T04:50:19.000Z","9","@regar_op0sisi Semoga sesuai dg ucapannya dan semoga membawa perubahan dg pergantian kapolri yg baru ini","2105520661808681055","","regar_op0sisi","in","","0","1","0","https://x.com/MananAl5/status/2105520661808681055","1115191799742472192","MananAl5"
"2105513522981683636","2026-10-01T04:50:15.000Z","0","@LambeSahamjja Emang udah kudu diganti, Sigit kapolri bermasalah, era nya polri jadi parcok","2105520645333536949","","LambeSahamjja","in","","0","0","1","https://x.com/C2P_CCP/status/2105520645333536949","953803159121489920","C2P_CCP"
"2105520635757895695","2026-10-01T04:50:12.000Z","0","Wow.. Calon Kapolri sudah disetujui DPR yakni Komjen Pol Suyudi
Mudah2an ada Reformasi POLRI ....sesuai harapan masyarakat.... dah itu saja...","2105520635757895695","","","in","","0","0","0","https://x.com/Udinzen_/status/2105520635757895695","1942036349542129664","Udinzen_"
"2105520631324581953","2026-10-01T04:50:11.000Z","96","Tadi pas Upacara Hari Kesaktian Pancasila, raut wajah Listyo Sigit sama Gibran kayaknya udah mulai kepikiran 😂🤣

Setelah ditandatangani Ketua DPR RI, siang ini, Presiden Prabowo MELANTIK Kapolri baru di Istana. https://t.co/lrcv6lsHWU","2105520631324581953","https://pbs.twimg.com/amplify_video_thumb/2105520596570488832/img/LqUNUKcRXM-3Jrt6.jpg","","in","","1","6","31","https://x.com/SudutTakKasat/status/2105520631324581953","1680107892417126406","SudutTakKasat"
"2105519560921420237","2026-10-01T04:50:11.000Z","4","@tempodotco Prabowo ahli prank juga ya rupanya.
Tempo hari dia bilang susah ganti Kapolri dan Panglima TNI.
Sen kiri belok kanan, tidak ada rame2, tetipa Kapolri diganti. Bisa berikutnya Panglima TNI.","2105520630615470290","","tempodotco","in","","0","0","1","https://x.com/pedang_malammm/status/2105520630615470290","1745303315150413824","pedang_malammm"
"2105466294133035156","2026-10-01T04:49:47.000Z","54","@ListyoSigitP Anda kapolri terburuk sepanjang hidup saya yg saya ketahui, smoga pewaris Anda jauh lebih baik, agar Indonesia tidak bubar seperti ramalan pak prabowo.","2105520529147113556","","ListyoSigitP","in","","0","0","0","https://x.com/TheRingOfFire7/status/2105520529147113556","1335586475006554114","TheRingOfFire7"
"2105520444480815216","2026-10-01T04:49:27.000Z","75","Kapolri yang baru alumni 6 ye #gorasix","2105520444480815216","","","in","","1","2","21","https://x.com/karf1anda/status/2105520444480815216","1799239558858772480","karf1anda"
"2105519660074721417","2026-10-01T04:46:20.000Z","5","Komisi III Setujui Suyudi Ario Seto Jadi Kapolri

Komisi III DPR RI menyetujui Komjen Pol Suyudi Ario Seto sebagai calon Kapolri setelah menjalani fit and proper test.

#SuyudiArioSeto #Kapolri #KomisiIII #DPRRI #HalloNews https://t.co/XzlXACyyx1","2105519660074721417","https://pbs.twimg.com/amplify_video_thumb/2105519493833449472/img/tH1OMt-HEuzjAZ_w.jpg","","in","","1","0","1","https://x.com/MedsosHallonews/status/2105519660074721417","1991118878160887808","MedsosHallonews"
"2105492419882185125","2026-10-01T04:46:20.000Z","0","@SudutTakKasat Berita baik, sudah kelamaan orang oslo itu jadi Kapolri.","2105519659844063391","","SudutTakKasat","in","","0","0","0","https://x.com/Muhaminu/status/2105519659844063391","76417978","Muhaminu"
"2105498040740245702","2026-10-01T04:46:20.000Z","0","@kompascom MAU LIHAT KAPOLRI LAMA JADI PETANI https://t.co/Jb42sW77KX","2105519659793711495","https://pbs.twimg.com/media/HThO9vMbAAAS_IR.jpg","kompascom","in","","0","0","0","https://x.com/Konoha_Asuu/status/2105519659793711495","1571081398102142978","Konoha_Asuu"
"2105494539129753983","2026-10-01T04:46:14.000Z","0","@Bambangmulyonoo KAPOLRI Jabatan Profesional. Walau berganti tdk ada kaitan dgn pihak mana pun. Jgn kerdil.","2105519635290542483","","Bambangmulyonoo","in","","0","0","0","https://x.com/Dank89375697/status/2105519635290542483","1597253898317991936","Dank89375697"
"2105519610690982116","2026-10-01T04:46:08.000Z","0","Selamat bertugas dengan ikhlas demi Indonesia Pak Suyudi, Kapolri baru. 

Tantangan lebih berat kedepannya 💪🙏","2105519610690982116","","","in","","0","0","0","https://x.com/nirwanevan1/status/2105519610690982116","1414975511785218049","nirwanevan1"
"2105519598485606480","2026-10-01T04:46:05.000Z","0","Saya menjual The Old Man and the Sea | Ernest Hemingway (Novel) seharga Rp47.025. Ayo beli di Shopee! https://t.co/L4i0PgcifF kapolri","2105519598485606480","","","in","","0","0","0","https://x.com/fajarkurnianto/status/2105519598485606480","96859522","fajarkurnianto"
"2105499810124145148","2026-10-01T04:46:02.000Z","0","@poer739ke3 @LambeSahamjja Setuju nih ...rusaknya institus harus dibenahi dulu, untuk mengambil kepercayaan masyarakat, yg efeknya punya wibawa dimata masyarakat, bersihkan personil personil nakal, yg  jd beban institusi , yg bisa menggerogoti nama baik Kapolri sendiri.","2105519585906880513","","poer739ke3","in","","0","0","0","https://x.com/ridwan_har/status/2105519585906880513","1315478005133664257","ridwan_har"
"2105458674135355618","2026-10-01T04:46:02.000Z","2","@DokterTifa Mudah-mudahan dengan kapolri baru masalah ijazah ini cepat diselesaikan dgn adil.","2105519583776133316","","DokterTifa","in","","0","0","0","https://x.com/alfinlee5/status/2105519583776133316","1264734396","alfinlee5"
"2105519560921420237","2026-10-01T04:45:56.000Z","133","DPR RI menyetujui Komjen Suyudi Ario Seto sebagai Kapolri menggantikan Listyo Sigit usai pelaksanaan uji kepatuhan dan kelayakan pagi ini. https://t.co/CUwpw2mNCD","2105519560921420237","https://pbs.twimg.com/media/HThO4LxbcAAXoxM.jpg","","in","","24","22","14","https://x.com/tempodotco/status/2105519560921420237","18129942","tempodotco"
"2105502600523342325","2026-10-01T04:45:52.000Z","0","@pw_gun tumbangnya nih kapolri apakah bakal jadi awal jatuhnya raja solo?","2105519545415045299","","pw_gun","in","","0","1","0","https://x.com/NasgorBas1/status/2105519545415045299","1915750293398282240","NasgorBas1"
"2105519535285821442","2026-10-01T04:45:50.000Z","0","Profil Komjen Suyudi Ario Seto, Disetujui DPR Jadi Kapolri

Baca selengkapnya di: https://t.co/D8vKZqwYGF","2105519535285821442","","","in","","0","0","0","https://x.com/sulawesinetwrk/status/2105519535285821442","1662795655977517056","sulawesinetwrk"
"2105519518869242099","2026-10-01T04:45:46.000Z","1","Siang ini pergantian Kapolri.","2105519518869242099","","","in","","0","1","1","https://x.com/EdiKeceput2/status/2105519518869242099","1530489102180958208","EdiKeceput2"
"2105519508110852583","2026-10-01T04:45:44.000Z","0","Saya menjual The Door-to-Door Bookstore | Carsten Henn (Novel) seharga Rp84.645. Ayo beli di Shopee! https://t.co/7uA3oA0zjN kapolri","2105519508110852583","","","in","","0","0","0","https://x.com/fajarkurnianto/status/2105519508110852583","96859522","fajarkurnianto"
"2105504855771287714","2026-10-01T04:45:18.000Z","0","@suryadelalu Oleh
Kalau sama ya sama-sama kapolri wqqq","2105519399310606350","","suryadelalu","in","","0","1","0","https://x.com/arieparikesit/status/2105519399310606350","77976639","arieparikesit"
"2105501561724243983","2026-10-01T04:45:14.000Z","1","@is_pelssy Henky heriadi jadi kapolri, premanisme tamat. Oleh karena itu kyknya ga mgkn😋","2105519383758115223","","is_pelssy","in","","0","1","0","https://x.com/ariarjiwinata02/status/2105519383758115223","2383287949","ariarjiwinata02"
"2105519372404224472","2026-10-01T04:45:11.000Z","0","Saya menjual All the Rivers | Dorit Rabinyan (Novel) seharga Rp82.840. Ayo beli di Shopee! https://t.co/ojcDceaFpc kapolri","2105519372404224472","","","in","","0","0","0","https://x.com/fajarkurnianto/status/2105519372404224472","96859522","fajarkurnianto"
"2105519362040012811","2026-10-01T04:45:09.000Z","69","MENGAPA KAPOLRI SEOLAH LEBIH PENTING DARI PANGLIMA TNI? https://t.co/9VzCytHPCT https://t.co/PUZfQ1hw00","2105519362040012811","https://pbs.twimg.com/media/HThOsqrbYAA4dyA.jpg","","in","","4","38","18","https://x.com/alisyarief/status/2105519362040012811","30201110","alisyarief"
"2105519275570331986","2026-10-01T04:44:48.000Z","0","Presiden Prabowo lantik Suyudi Ario Seto sebagai Kapolri siang ini
https://t.co/cOcNRCfkyz","2105519275570331986","","","in","","0","0","0","https://x.com/okezonenews/status/2105519275570331986","47274731","okezonenews"
"2105519255861227713","2026-10-01T04:44:43.000Z","0","Komjen Pol Suyudi Ario Seto mendapat persetujuan DPR RI untuk menjadi Kapolri, setelah sebelumnya menjalani karier panjang di kepolisian hingga dipercaya memimpin Badan Narkotika Nasional (BNN).

Pengajuan Suyudi menjadi Kapolri sebelumnya diusulkan oleh Presiden Prabowo https://t.co/KNioRykI7Q","2105519255861227713","https://pbs.twimg.com/media/HThOk2zbsAAvsyZ.jpg","","in","","0","0","0","https://x.com/suaradotcom/status/2105519255861227713","2340155395","suaradotcom"
"2105519217500099013","2026-10-01T04:44:34.000Z","3","📢BREAKING NEWS: RESMI! DPR SETUJUI SUYUDI ARIO SETO GANTIKAN LISTYO SIGIT SEBAGAI KAPOLRI‼️

DPR RI resmi menyetujui Komjen Pol. Suyudi Ario Seto sebagai Kapolri baru dalam rapat paripurna pada Kamis (1/10/2026).

Sebelumnya, Komisi III DPR telah menyetujui Suyudi melalui uji https://t.co/U3lFyCiWJG","2105519217500099013","https://pbs.twimg.com/media/HThOjZgaYAAs46c.jpg","","in","","0","0","1","https://x.com/suncomeinrain/status/2105519217500099013","1389107518702374915","suncomeinrain"
"2105518070148239518","2026-10-01T04:40:01.000Z","15","Alhamdulillah, semoga dengan terpilihnya Komjen Suyudi sebagai Kapolri baru, institusi Polri bisa semakin amanah, profesional, dan fokus pada pelayanan masyarakat.","2105518070148239518","","","in","","0","1","12","https://x.com/senjakelam07/status/2105518070148239518","974755820708573184","senjakelam07"
"2105518066209878193","2026-10-01T04:40:00.000Z","0","RAPAT Paripurna Ke-8 DPR RI Masa Persidangan I Tahun Sidang 2026–2027 secara resmi menyetujui penunjukan Komjen Suyudi Ario Seto sebagai Kepala Kepolisian Negara Republik Indonesia (Kapolri) menggantikan Jenderal Listyo Sigit Prabowo, dalam Rapat Paripurna, Kamis (1/10/2026).","2105518066209878193","","","in","","0","0","0","https://x.com/mediaindonesia/status/2105518066209878193","68930552","mediaindonesia"
"2105518019783131387","2026-10-01T04:39:49.000Z","0","Komisi III DPR RI secara aklamasi menyetujui Komjen Pol Suyudi Ario Seto sebagai Kapolri. Persetujuan itu dicapai dalam uji kelayakan calon Kapolri yang digelar di Kompleks Parlemen, Senayan, Jakarta, Kamis, 1 Oktober 2026. https://t.co/zYyzli7D6v","2105518019783131387","","","in","","0","0","0","https://x.com/indomediaco/status/2105518019783131387","876510994104590336","indomediaco"
"2105510452608586064","2026-10-01T04:39:41.000Z","2","@arifbalikpapan1 Gulungan Solo bukan ini Kapolri baru","2105517988585558030","","arifbalikpapan1","in","","0","0","0","https://x.com/keepithink_crab/status/2105517988585558030","1138988249358196736","keepithink_crab"
"2105494539129753983","2026-10-01T04:39:36.000Z","4","@Bambangmulyonoo Laah kocak...emang lu kira kapolri nggak bakal pensiun apa... pergantian itumah biasa aja...nggak usah lebay laah...","2105517967509524531","","Bambangmulyonoo","in","","0","0","0","https://x.com/SayurLodehBTW2/status/2105517967509524531","759159155428962304","SayurLodehBTW2"
"2105511161190100996","2026-10-01T04:39:31.000Z","1","@LambeSahamjja start the day with new Kapolri","2105517945451687997","","LambeSahamjja","en","","0","0","0","https://x.com/PadamuYaRabb/status/2105517945451687997","153593671","PadamuYaRabb"
"2105504855771287714","2026-10-01T04:39:21.000Z","0","@suryadelalu Sama kapolri juga","2105517902334185879","","suryadelalu","in","","0","1","0","https://x.com/arieparikesit/status/2105517902334185879","77976639","arieparikesit"
"2105466294133035156","2026-10-01T04:39:20.000Z","25","@ListyoSigitP ..semoga anda segera pensiun, nikmati hari tua dengan tenang, aman, nyaman bersama keluarga.
..dan semoga, tak ada lagi kapolri seperti anda di negeri ini. salam sehat selalu...","2105517899566006476","","ListyoSigitP","in","","0","1","0","https://x.com/daffiriffi/status/2105517899566006476","1604184554415493120","daffiriffi"
"2105510727360417889","2026-10-01T04:39:07.000Z","4","@pw_gun Manuvernya luar biasa, bahkan beritanya baru naik stlh beliau hadir di DPR td pagi 🤯 
Kurang dr 24 jam lgsg ganti kapolri. 
Next?? Apakah ada pergantian Panglima TNI baru?","2105517846034002122","","pw_gun","in","","0","1","1","https://x.com/sebuahtujuan/status/2105517846034002122","977618393397264384","sebuahtujuan"
"2105517826505310575","2026-10-01T04:39:03.000Z","2","Kebetulan pas Tanggal 1 Oktober. 
✅ Kesaktian Pancasila. 
✅ Kapolri Baru 🤠🥳 https://t.co/vf3ifSTbwp","2105517826505310575","https://pbs.twimg.com/media/HThNTMNaoAA8Zg5.jpg","","in","","0","0","0","https://x.com/komputerr99/status/2105517826505310575","1653785910083977217","komputerr99"
"2105517804636254534","2026-10-01T04:38:57.000Z","0","Calon Kapolri Suyudi: 100 Hari Pertama Bukan Panggung, tapi Membuktikan Arah!

https://t.co/MzSFkso9au","2105517804636254534","","","in","","0","0","0","https://x.com/rmtvnewscom/status/2105517804636254534","1287081099613491202","rmtvnewscom"
"2105517787141865901","2026-10-01T04:38:53.000Z","1","DPR RI setujui komjen suyudi ario seto jadi kapolri #berita #dpr #kapolri #suyudiarioseto

Skuy https://t.co/gKeM0EZQbK https://t.co/wXpc8n2qHP","2105517787141865901","https://pbs.twimg.com/amplify_video_thumb/2105517686444986368/img/9FF7Ny8c5buAlZDd.jpg","","in","","0","0","0","https://x.com/kohrullynews/status/2105517787141865901","1438454469608435715","kohrullynews"
"2105517769584476225","2026-10-01T04:38:49.000Z","0","Nama Komjen Suyudi Ario Seto tengah menjadi sorotan setelah masuk dalam pembahasan calon Kapolri.

Di balik namanya, ada perjalanan panjang di tubuh Polri, dari berbagai penugasan hingga menduduki sejumlah posisi strategis.

Siapa sebenarnya Komjen Suyudi Ario Seto? Dan seperti https://t.co/r7UcJxrmS9","2105517769584476225","https://pbs.twimg.com/media/HThMCBhbkAAUmd5.jpg","","in","","0","1","0","https://x.com/garudatvnews/status/2105517769584476225","502140136","garudatvnews"
"2105498639338746034","2026-10-01T04:38:47.000Z","2","@msaid_didu @grok apakah kapolri baru ini antek jokowi atau antek prabowo?","2105517759966872063","","msaid_didu","in","","0","2","0","https://x.com/RakyatNgenez/status/2105517759966872063","1639315365489709056","RakyatNgenez"
"2105517756431167953","2026-10-01T04:38:46.000Z","2","Suasana terkini dari Gedung DPR RI dengan jalannya agenda Fit and Proper Test (uji kelayakan dan kepatutan) calon Kapolri tunggal Komjen Pol. Suyudi Ario Seto di Komisi III DPR RI. Dipimpin oleh Ketua Komisi III DPR RI, Habiburakhman, prosesi ini diawali dengan persiapan matang https://t.co/tsV0F70Ek0","2105517756431167953","https://pbs.twimg.com/amplify_video_thumb/2105516876080271361/img/3qtmdd8lWRCv-IJL.jpg","","in","","0","0","0","https://x.com/Metro_TV/status/2105517756431167953","57261519","Metro_TV"
"2105517700755919099","2026-10-01T04:38:33.000Z","54","Jenderal Listyo Sigit Prabowo tetap menghadiri Upacara Peringatan Hari Kesaktian Pancasila di Lubang Buaya, Jakarta Timur (1/10/2026).

Kehadirannya berlangsung di saat DPR mengumumkan telah menerima Surpres terkait pergantian posisi Kapolri.

Listyo terekam kamera berbincang https://t.co/vXzpUtpJC6","2105517700755919099","https://pbs.twimg.com/amplify_video_thumb/2105517630849454080/img/JWQQ4pIabqp9E9Ch.jpg","","in","","0","5","9","https://x.com/inilahdotcom/status/2105517700755919099","46693036","inilahdotcom"
"2105517673648198010","2026-10-01T04:38:26.000Z","10","Komisi III DPR RI sepakat menyetujui Komjen Pol Suyudi Ario Seto sebagai Kapolri menggantikan Jenderal Listyo Sigit Prabowo. Keputusan ini diambil setelah Suyudi menjalani fit and proper test dalam rapat pleno di Kompleks Parlemen, Senayan, Jakarta Pusat, Kamis (1/10/2026). https://t.co/fLjYPYmUWC","2105517673648198010","https://pbs.twimg.com/media/HThNKHlaYAEk9aP.jpg","","in","","0","1","6","https://x.com/bagindo_kopi/status/2105517673648198010","1091031753924403200","bagindo_kopi"
"2105506065861546069","2026-10-01T04:37:42.000Z","0","@AlejandroAyubi Kapolri baru genk Solo juga 
Drama doang ini mah
🤪😜","2105517488863871231","","AlejandroAyubi","in","","0","0","0","https://x.com/Pak_Doang/status/2105517488863871231","2889040506","Pak_Doang"
"2105517471948267696","2026-10-01T04:37:38.000Z","22","Berita 15 September 2025 tahun lalu dan sekarang tanggal 1 Oktober 2026 atau tepatnya 1 tahun 2 minggu kemudian....

Link :
https://t.co/6MpNwRZZoH https://t.co/tfCDNkQdDT","2105517471948267696","https://pbs.twimg.com/media/HThM-u9a0AA1nRg.jpg","","in","","1","6","3","https://x.com/dwioktariyadi/status/2105517471948267696","1270077187","dwioktariyadi"
"2105505329975038343","2026-10-01T04:37:30.000Z","0","@Tan_Mar3M bukannya seneng tan, PS udah berani ganti Kapolri?","2105517437005558007","","Tan_Mar3M","in","","0","0","0","https://x.com/3easy_Cuaan/status/2105517437005558007","1840399132755922945","3easy_Cuaan"
"2105492434427969810","2026-10-01T04:37:25.000Z","5","@abulmuzaffar10 Kapolri terlama sepanjang sejarah Indonesia, daridulu yg namanya Kapolri itu diambil dr jenderal tertinggi yg hampir purna jabatan. Jadi regenerasinya jelas dan ngikut sistem meritokrasi. Gara-garane lak wong kae seh.. ngrusak","2105517418416422963","","abulmuzaffar10","in","","0","0","0","https://x.com/QuincySiri81679/status/2105517418416422963","1682236791401885696","QuincySiri81679"
"2105517349860503706","2026-10-01T04:37:09.000Z","3","Komisi III DPR RI menyetujui penunjukan Komjen Pol. Suyudi Ario Seto menjadi Kepala Kepolisian Negara Republik Indonesia (Kapolri) menggantikan Jenderal Pol. Listyo Sigit Prabowo, Kamis (1/10).

Ketua DPR RI Puan Maharani mengatakan Suyudi akan dilantik oleh Presiden Prabowo https://t.co/3PZbT2yRA6","2105517349860503706","https://pbs.twimg.com/media/HThM0qpaMAAGkzx.jpg","","in","","0","0","0","https://x.com/magdaleneid/status/2105517349860503706","1521159020","magdaleneid"
"2105517341480239598","2026-10-01T04:37:07.000Z","0","Bersamaan dengan sidang MK, ada pergantian Kapolri https://t.co/83ccd7g47U","2105517341480239598","https://pbs.twimg.com/media/HThM3ELbUAAApcc.jpg","","in","","1","0","0","https://x.com/aagunawan_/status/2105517341480239598","1435753843162107906","aagunawan_"
"2105495760162967750","2026-10-01T04:37:07.000Z","0","@riekediahp Kalo emang hrs di ganti , ganti aja lah ! 
Kita liat kapolri yg baru ada perubahan gak di tubuh kepolisian.","2105517341396344930","","riekediahp","in","","0","0","0","https://x.com/theband41453401/status/2105517341396344930","1603598896185253889","theband41453401"
"2105517290209018232","2026-10-01T04:36:55.000Z","0","Babak Baru Pembuktian Ijazah Palsu @jokowi dan @gibran_tweet

Semoga Kapolri yang Baru NETRAL
Tidak terafiliasi Genk Solo
@dennyindrayana @oegro
@susno2g

Resmi! DPR RI Setujui Komjen Suyudi Ario Seto Jadi Kapolri
https://t.co/w9kj7rBn6a","2105517290209018232","","","in","","0","0","0","https://x.com/jawir69/status/2105517290209018232","174193809","jawir69"
"2105454134409453949","2026-10-01T04:36:47.000Z","0","@kafiradikalis pas...ada peralihan kapolri...gmn kebetulan gak...","2105517256885313620","","kafiradikalis","in","","0","0","0","https://x.com/positiveconten1/status/2105517256885313620","1095989865475276800","positiveconten1"
"2105502556189536291","2026-10-01T04:36:31.000Z","0","@HansAhmadLubis @Bapakezone Waktu Mulyono presiden, ngantor di Istiana Bogor, Kapolri baru ini Kapolres Bogor 😂","2105517192070726087","","HansAhmadLubis","in","","0","0","0","https://x.com/Pak_Doang/status/2105517192070726087","2889040506","Pak_Doang"
"2105517170499477939","2026-10-01T04:36:26.000Z","0","Komisi III DPR Gelar Uji Kelayakan Calon Kapolri Baru, Suyudi Ario Seto https://t.co/tSHNVRsynk","2105517170499477939","","","in","","0","0","0","https://x.com/yopi_yacob/status/2105517170499477939","475546468","yopi_yacob"
"2105517105747739027","2026-10-01T04:36:11.000Z","0","#ListyoSigitPrabowo #SuyudiArioSeto #Kapolri #KapolriBaru #Polri #PergantianKapolri #DPRRI #KomisiIIIDPR #PrabowoSubianto #BNN #BeritaNasional #PolitikNasional

Listyo Sigit Diberhentikan, Suyudi Ario Seto Jadi Kapolri Baru: Ini Profilnya https://t.co/iV7okuKwza","2105517105747739027","","","in","","0","0","0","https://x.com/indoposonlineid/status/2105517105747739027","994510171","indoposonlineid"
"2105517068909166649","2026-10-01T04:36:02.000Z","0","kan udh keliatan dr si gibran yg udh kontra dgn MBG. btw pemecatan kapolri ini valid krn udh masuk di beberapa media","2105517068909166649","","","in","","0","0","0","https://x.com/Skyshy77/status/2105517068909166649","1995698533102759936","Skyshy77"
"2105517037321859303","2026-10-01T04:35:54.000Z","20","Saya sangat mendukung jika Komjen Pol Suyudi Ario Seto yang saat ini menjabat sebagai Kepala BNN diusulkan menjadi Kapolri menggantikan Jenderal Listyo Sigit Prabowo.

Bukan tanpa alasan. Beliau ini rekam jejaknya jelas dan mentereng. Sukses memimpin BNN dalam perang melawan https://t.co/NKlocF1SPo","2105517037321859303","https://pbs.twimg.com/amplify_video_thumb/2105517011971473408/img/H0SfCmy5LzRLD_I1.jpg","","in","","1","3","5","https://x.com/Alitt4mb3ng/status/2105517037321859303","1701647494655139841","Alitt4mb3ng"
"2105517023602340232","2026-10-01T04:35:51.000Z","21","Rapat Paripurna Ke-8 DPR RI Masa Persidangan I Tahun Sidang 2026-2027 menyetujui Komisaris Jenderal Polisi Suyudi Ario Seto sebagai Kepala Kepolisian Negara Republik Indonesia (Kapolri) menggantikan Jenderal Polisi Listyo Sigit Prabowo.

""Kami meminta persetujuan pengangkatan https://t.co/ELmNJTDMK0","2105517023602340232","https://pbs.twimg.com/media/HThMj45boAEUSh1.jpg","","in","","0","1","2","https://x.com/GNFI/status/2105517023602340232","39677695","GNFI"
"2105516992434487317","2026-10-01T04:35:44.000Z","0","mantan Kapolri akan masuk d kabinet sbg menteri😊","2105516992434487317","","","in","","0","0","0","https://x.com/ZulkifliThamrin/status/2105516992434487317","201637651","ZulkifliThamrin"
"2105516990962221189","2026-10-01T04:35:43.000Z","0","Tantangan Kapolri Baru Suyudi Ario Seto https://t.co/X8H62494qh","2105516990962221189","","","in","","0","0","0","https://x.com/KangSarjono1/status/2105516990962221189","2230871244","KangSarjono1"
"2105516941461061734","2026-10-01T04:35:32.000Z","349","Tentakel Mulyono, diamputasi—
Prabowo satu demi satu, diawali dengan:

""𝗞𝗔𝗣𝗢𝗟𝗥𝗜""

Listyo Sigit Prabowo: out
Suyudi Ario Seto: login

Ya sudah, tinggal menunggu aja
runtuhnya tembok ratapan Solo
dalam waktu singkat.

""𝗠𝗨𝗟𝗬𝗢𝗡𝗢 𝗡𝗗𝗟𝗢𝗦𝗢𝗥"" https://t.co/BjtiHeLvuC","2105516941461061734","https://pbs.twimg.com/amplify_video_thumb/2105516910519730176/img/urkpSwVaH8PGF-21.jpg","","in","","5","47","81","https://x.com/ShenoWirang/status/2105516941461061734","1282459217878642688","ShenoWirang"
"2105516911375364185","2026-10-01T04:35:24.000Z","0","Wah, Kapolri diganti ya? Ada gebrakan apa yaa","2105516911375364185","","","in","","0","0","0","https://x.com/alttaaaaa/status/2105516911375364185","1095574034366922752","alttaaaaa"
"2105516773366018453","2026-10-01T04:34:52.000Z","0","https://t.co/YGs3AQcKvA

Usulan Komjen Suyudi Ario Seto menjadi Kapolri menggantikan Jenderal (Pol) Listyo Sigit Prabowo disetujui secara aklamasi di Komisi III DPR RI, Kamis (1/10/2026). https://t.co/97VNwjdWc1","2105516773366018453","https://pbs.twimg.com/media/HThHlVWb0AAfb9N.jpg","","in","","0","0","0","https://x.com/tribunkaltim/status/2105516773366018453","103551225","tribunkaltim"
"2105516689500893291","2026-10-01T04:34:32.000Z","24","Kapolri diGanti..??

Auto Sujud Syukur.
Gak pernah aku Sebagia ini mendengar berita dari @prabowo","2105516689500893291","","","in","","1","7","2","https://x.com/AirinDatangLagi/status/2105516689500893291","228628424","AirinDatangLagi"
"2105516675755917427","2026-10-01T04:34:28.000Z","1","Baca di sini: https://t.co/KMwASQjEKk

Puan Maharani menyebut pemberhentian Listyo Sigit Prabowo sebagai Kapolri dilakukan karena “sudah waktunya”, sementara Prabowo mengusulkan Komjen Suyudi Ario Seto sebagai satu-satunya calon pengganti.

~IQ #Prabowo #Kapolri https://t.co/MvNKNe8Ngc","2105516675755917427","https://pbs.twimg.com/media/HThMHGGakAA3-h5.jpg","","in","","0","0","1","https://x.com/kompascom/status/2105516675755917427","23343960","kompascom"
"2105516639324451035","2026-10-01T04:34:20.000Z","5","Ketua DPR RI Puan Maharani menyampaikan bahwa Suyudi Ario Seto dijadwalkan dilantik Presiden Prabowo Subianto sebagai Kapolri pada Rabu (1/10/2026) siang. Rencana pelantikan disampaikan setelah DPR RI memberikan persetujuan melalui rapat paripurna pada pagi hari.

Puan mengatakan https://t.co/Eftbe32SUH","2105516639324451035","https://pbs.twimg.com/amplify_video_thumb/2105516412886487040/img/m58rMwQVs5LUgJbE.jpg","","in","","0","9","1","https://x.com/SINDOnews/status/2105516639324451035","231355136","SINDOnews"
"2105516635356623095","2026-10-01T04:34:19.000Z","12","Komisi III DPR RI resmi menyetujui Komjen Suyudi A.S. sebagai Kapolri menggantikan Jenderal Listyo Sigit Prabowo 🇮🇩
​Selamat dan sukses untuk amanah barunya! Apa nih harapan atau PR utama yang paling kamu harapkan dari Kapolri baru ini? Tulis di kolom komentar ya! 👇💬

​#Kapolri https://t.co/rherJAWJlE","2105516635356623095","https://pbs.twimg.com/media/HThMN7oaIAAWTmz.jpg","","in","","0","4","6","https://x.com/KangDien_Wae/status/2105516635356623095","3827798354","KangDien_Wae"
"2105516633104200074","2026-10-01T04:34:18.000Z","11","Jaksa Agung Banten. 
Kapolri Banten.","2105516633104200074","","","in","","0","2","1","https://x.com/NephilaXmus/status/2105516633104200074","62764588","NephilaXmus"
"2105516620810789202","2026-10-01T04:34:15.000Z","0","Sah! DPR Setujui Suyudi Ario Seto Jadi Kapolri Gantikan Listyo Sigit Prabowo

https://t.co/9M7YeRQuBx","2105516620810789202","","","in","","0","0","0","https://x.com/radarbogorID/status/2105516620810789202","1276346304","radarbogorID"
"2105516600493584879","2026-10-01T04:34:10.000Z","0","Bulan baru
Kapolri baru

Apakah ini dalam rangka ""bersih-bersih""? https://t.co/EVaaLSxkdX","2105516600493584879","https://pbs.twimg.com/media/HThMEVsacAAz9rg.png","","in","","0","0","0","https://x.com/smartcitizen101/status/2105516600493584879","2066887847844732928","smartcitizen101"
"2105516592113283209","2026-10-01T04:34:08.000Z","0","Ternyata pernah jadi Kapolsek Tanah Abang &amp; Pasar Minggu

Pernah jadi Kapolres Majalengka &amp; Bogor

Pernah jadi Kapolda Banten

Jadi Kepala BNN

Akhirnya jadi Kapolri","2105516592113283209","","","in","","0","0","0","https://x.com/trimujokobayu/status/2105516592113283209","168693439","trimujokobayu"
"2105516570642698664","2026-10-01T04:34:03.000Z","12","Akankah Baratayudha  🤔🤔🤔
===================
BREAKING NEWS: Prabowo Kirim Surpres Pemberhentian Kapolri Jenderal Listyo Sigit

Sumber: https://t.co/Hph9v4ZrC3.","2105516570642698664","","","in","","0","2","3","https://x.com/JHPrabowo_on_X/status/2105516570642698664","1944690042980675584","JHPrabowo_on_X"
"2105502600523342325","2026-10-01T04:33:49.000Z","9","@zikrialihakim Iyees. Udah kelamaan Listyo jadi Kapolri","2105516512698376229","","zikrialihakim","in","","0","1","0","https://x.com/pw_gun/status/2105516512698376229","825756199","pw_gun"
"2105492419882185125","2026-10-01T04:33:49.000Z","0","@SudutTakKasat Apakah Barter Kasus Gibran dan Pemberhentian Kapolri?","2105516511339422079","","SudutTakKasat","in","","0","1","0","https://x.com/MoennybN/status/2105516511339422079","1551942445612646401","MoennybN"
"2105516416212603275","2026-10-01T04:33:26.000Z","6","Life Update, orang-orang yg ada di video: 

1. Mahfud MD (saat itu Menko Polhukam)
Sekarang warga biasa yang aktif berkomentar hukum-politik lewat podcast YouTube-nya (Terus Terang).

2. Sanitiar Burhanuddin / ST Burhanuddin (Jaksa Agung)
Masih menjabat Jaksa Agung per akhir","2105516416212603275","https://pbs.twimg.com/ext_tw_video_thumb/1840904526104313856/pu/img/kypm8kcT1gjwU66X.jpg","","in","","0","1","2","https://x.com/ordinarymun/status/2105516416212603275","1224216654034292736","ordinarymun"
"2105516414291632387","2026-10-01T04:33:26.000Z","0","Komisi III Dewan Perwakilan Rakyat (DPR) RI secara aklamasi menyetujui Komjen Pol Suyudi Ario Seto menjadi Kepala Kepolisian Negara Republik Indonesia (Kapolri).

Suyudi disetujui untuk menggantikan Kapolri saat ini, Jenderal Polisi Listyo Sigit Prabowo.

Keputusan tersebut","2105516414291632387","","","in","","0","0","0","https://x.com/tribunnews/status/2105516414291632387","124171593","tribunnews"
"2105502556189536291","2026-10-01T04:33:10.000Z","1","@HansAhmadLubis analisis aball-abal hehehehe.. pas di hari kesaktian pancasila... kapolri baru persiapan utk menghadapi efek gugatan ijasah Gibran di MK... pas jg berbarengan byknya akun2 kafirun yg menyerang Al-Islam...apakah kebetulan...wallahua'lam...","2105516348101329130","","HansAhmadLubis","in","","0","1","0","https://x.com/positiveconten1/status/2105516348101329130","1095989865475276800","positiveconten1"
"2105516300978319842","2026-10-01T04:32:59.000Z","469","Jabatan Kapolri bukanlah puncak karir.
Jabatan Kapolri adalah puncak tanggung jawab.

Saya ingin membuat"" ketika seorang anak melihat polisi dia merasa aman dan terlindungi"" bukan sebaliknya. 

Komjen Pol SUYUDI ARIO SETO. https://t.co/Zb8aPw7UWZ","2105516300978319842","https://pbs.twimg.com/amplify_video_thumb/2105516258217394176/img/b8KIlkcqw7bCfuGI.jpg","","in","","13","79","141","https://x.com/regar_op0sisi/status/2105516300978319842","1749698965539553280","regar_op0sisi"
"2105516272889078239","2026-10-01T04:32:52.000Z","6","Surprise dari Prabowo hari ini tiba-tiba Kapolri di copot anjirr","2105516272889078239","","","in","","0","1","1","https://x.com/wesmove/status/2105516272889078239","1036630387626131458","wesmove"
"2105516269969830191","2026-10-01T04:32:52.000Z","0","DPR Ketok Palu! Suyudi Ario Seto Resmi Disetujui Jadi Kapolri, Gantikan Jenderal Listyo Sigit

https://t.co/wfldgTMsUA","2105516269969830191","","","in","","0","0","0","https://x.com/radartuban/status/2105516269969830191","2543075562","radartuban"
"2105516250390802634","2026-10-01T04:32:47.000Z","33","Selamat tinggal geng Solo, selanjutnya Gibran.

Yang sabar bro @DedynurPalakka, era nabimu sebentar lagi selesai.😁

Komisi III DPR RI menggelar uji kelayakan dan kepatutan (fit and proper test) terhadap calon Kepala Kepolisian Republik Indonesia (Kapolri) pada Kamis, 1/10/2026. https://t.co/3uWJoHdpYn","2105516250390802634","https://pbs.twimg.com/amplify_video_thumb/2105516212948180992/img/if88yKlZL119w5a5.jpg","","in","","0","7","12","https://x.com/_Sadewa__/status/2105516250390802634","1258019504497422337","_Sadewa__"
"2105503319980728561","2026-10-01T04:32:26.000Z","1","@elpichichiiiiii Listyo jd Kapolri terlama ya?","2105516163879113118","","elpichichiiiiii","in","","0","2","0","https://x.com/yuyud_brawn/status/2105516163879113118","79162706","yuyud_brawn"
"2105516136880345273","2026-10-01T04:32:20.000Z","0","Saat Komjen Suyudi Resmi Kapolri, Listyo Sigit Masih Dampingi Prabowo Upacara Kesaktian Pancasila
 
https://t.co/kyPhtrY9CY via @tribunnews","2105516136880345273","","","in","","0","0","0","https://x.com/sripoku1/status/2105516136880345273","1309426456846651392","sripoku1"
"2105516136595161561","2026-10-01T04:32:20.000Z","2","pemberhentian Kapolri Listyo Sigit udah keliatan manuver prabowo ""bersih-bersih"" pengaruh kekuasaan lama.","2105516136595161561","","","in","","0","0","1","https://x.com/telurisme/status/2105516136595161561","2058146363482030080","telurisme"
"2105503258597069075","2026-10-01T04:32:17.000Z","33","@creeping5ilence gerbong kapolri baru,ikut semua dari bintang 1 dan bintang 2,bahkan kombes pun ada","2105516126155513970","","creeping5ilence","in","","0","4","2","https://x.com/ArifZaenal2834/status/2105516126155513970","1810283061298491392","ArifZaenal2834"
"2105516109348934068","2026-10-01T04:32:13.000Z","0","Komjen Suyudi Ario Seto sebagai Kapolri RI menggantikan Pak Listyo Sigit Prabowo","2105516109348934068","","","in","","0","0","0","https://x.com/UsodoWiro/status/2105516109348934068","1026058447593164800","UsodoWiro"
"2105497240483799332","2026-10-01T04:29:34.000Z","2","@OneLove4Human Kapolri diganti Dul","2105515442861478395","","OneLove4Human","in","","0","0","0","https://x.com/kopilihdia/status/2105515442861478395","123737267","kopilihdia"
"2105515420614889617","2026-10-01T04:29:29.000Z","1","Kapolri kapolri https://t.co/PAgoaHUXXC","2105515420614889617","","","in","","0","0","0","https://x.com/billy4riez/status/2105515420614889617","200000354","billy4riez"
"2105510452608586064","2026-10-01T04:29:24.000Z","2","@arifbalikpapan1 Selamat bertugas kpd kapolri baru.
Dan selamat menjadi petani kpd pak listyo.
Semoga sukses.","2105515400297644107","","arifbalikpapan1","in","","0","0","0","https://x.com/wansrosadi/status/2105515400297644107","1555488754089197568","wansrosadi"
"2105513152024821940","2026-10-01T04:29:11.000Z","0","@subininaja mau pergantian kapolri sih sepertinya kak, aplgi listyo udah lama bgt menjabat","2105515346589634586","","subininaja","in","","0","0","0","https://x.com/browniesyappin/status/2105515346589634586","2078356675703296000","browniesyappin"
"2105515343510901004","2026-10-01T04:29:11.000Z","239","Dengan UU Polri yang baru, Listyo Sigit baru akan pensiun 2029. Jadi beliau akan jadi Jendral non-job pasca diberhentikan jadi Kapolri","2105515343510901004","","","in","","2","12","16","https://x.com/MSMujab22/status/2105515343510901004","310751498","MSMujab22"
"2105515295654007075","2026-10-01T04:28:59.000Z","0","Bronson 10000IU Vitamin D3 + 120mcg Vitamin K2 MK7 NON-GMO https://t.co/86uKpLSqMO

#pln #makmur #kapolri","2105515295654007075","","","in","","0","0","0","https://x.com/MTeam87218/status/2105515295654007075","1903811015432957952","MTeam87218"
"2105511207155491104","2026-10-01T04:28:42.000Z","1","@narkosun Riwayat calon Kapolri gak pernah tugas/menjabat di luar jawa ya","2105515222341685673","","narkosun","in","","0","0","0","https://x.com/Sadewa_39/status/2105515222341685673","128563099","Sadewa_39"
"2105515193992368230","2026-10-01T04:28:35.000Z","0","""Semoga Polri kedepan menjadi lebih baik""

Yang belum baik akan diperbaiki
Yang sudah baik akan ditingkatkan

Dan yang perlu dipersiapkan Polri harus selalu siap untuk di Kritik oleh masyarakat demi kebaikan bersama.

Selamat untuk Kepala BNN RI atas jabatan baru menjadi Kapolri https://t.co/ngejjxLspH","2105515193992368230","https://pbs.twimg.com/amplify_video_thumb/2105515181149388800/img/TSaK33Cu6Y5ofvdk.jpg","","in","","0","0","0","https://x.com/Cah_Ndesoo99/status/2105515193992368230","1369137784926085120","Cah_Ndesoo99"
"2105515067370512501","2026-10-01T04:28:05.000Z","5","SAH (1 Okt 2026): DPR menyetujui Komjen Suyudi Ario Seto, Kepala BNN, sebagai Kapolri pengganti Jenderal Listyo Sigit Prabowo. 

Komisi III menyetujui secara aklamasi, lalu rapat paripurna menyetujui di hari yang sama. Pelantikan oleh Presiden masih menyusul.

Linimasanya kilat:","2105515067370512501","https://pbs.twimg.com/amplify_video_thumb/2105490780941099009/img/ngQpo1hCg6g1W2jV.jpg","","in","","0","1","2","https://x.com/Fatahilah03/status/2105515067370512501","1781618112259076096","Fatahilah03"
"2105515051495145667","2026-10-01T04:28:01.000Z","3","@grok bisa jelaskan rekam jejak Komjen Suyudi calon Kapolri?","2105515051495145667","","grok","in","","0","1","1","https://x.com/arifin34533/status/2105515051495145667","1420219650231574533","arifin34533"
"2105514863447699684","2026-10-01T04:27:16.000Z","1","Di balik setiap angka, ada cerita manusia. Ada perjuangan, harapan, dan kehidupan yang sedang berjalan. Karena data bukan sekadar angka, tapi tentang mereka yang ingin dilihat dan didengar.

#EfisiensiAPBN2027 #JAEMINxLee101Anniversary 
Pancasila Kapolri Makmur https://t.co/48opP4BYoD","2105514863447699684","https://pbs.twimg.com/media/HThKmvEacAAHCch.jpg","","in","","0","0","0","https://x.com/touuuubad/status/2105514863447699684","306573556","touuuubad"
"2105514819294228986","2026-10-01T04:27:06.000Z","10","Komisi III DPR telah menggelar fit and proper test atau uji kelayakan dan kepatutan kepada Komjen Suyudi Ario Seto sebagai calon Kapolri.

https://t.co/DfxeCFOWlI","2105514819294228986","","","in","","0","0","4","https://x.com/detikcom/status/2105514819294228986","69183155","detikcom"
"2105485877652967550","2026-10-01T04:27:02.000Z","38","@MenteriPekerja - Penghasilan dibawah 10jt bebas pajak
- Presiden kirim SurPres ke DPR untuk pemberhentian Kapolri
- 120T dividen BUMN tidak diberikan ke negara tapi dikelola Danantara
- Tsaqibirru surati MK untuk diskualifikasi Wapres

berita mana yang jadi pengalihan isu?","2105514805490848159","","MenteriPekerja","in","","0","1","3","https://x.com/0xKazuto/status/2105514805490848159","117081046","0xKazuto"
"2105492419882185125","2026-10-01T04:26:51.000Z","1","@despera213 bajingan kapolri abadi 🤣","2105514758711718178","","despera213","in","","0","0","0","https://x.com/SudutTakKasat/status/2105514758711718178","1680107892417126406","SudutTakKasat"
"2105514717825667506","2026-10-01T04:26:41.000Z","2","Komjen Pol. Suyudi Ario Seto ditunjuk jadi Kapolri yang baru setelah diusulkan oleh Presiden Prabowo Subianto.","2105514717825667506","","","in","","0","0","1","https://x.com/telurisme/status/2105514717825667506","2058146363482030080","telurisme"
"2105514715661430943","2026-10-01T04:26:41.000Z","0","Kapolri abis diberhentiin bilang gini gak ya? ""Saya akan pulang ke Jogja menjadi petani"". Oh iya pensiunnya 2029 🙂‍↔️","2105514715661430943","","","in","","0","0","0","https://x.com/yagaktauw/status/2105514715661430943","808887660","yagaktauw"
"2105490263762501912","2026-10-01T04:26:23.000Z","0","@kompascom Udh terlalu lama jg kapolri dijabat beliau","2105514640793055463","","kompascom","in","","0","0","0","https://x.com/KangEbed_17/status/2105514640793055463","1978984537565859842","KangEbed_17"
"2105514546014359928","2026-10-01T04:26:00.000Z","0","kaget banget tiba-tiba punya kapolri baru, prosesnya juga cepet banget cuma 1 hari","2105514546014359928","","","in","","1","1","0","https://x.com/lightsbluecloud/status/2105514546014359928","1232517094270308354","lightsbluecloud"
"2105514480155390327","2026-10-01T04:25:45.000Z","0","01/10/2026 Komisi III DPR RI resmi menyetujui penunjukan KomJen Suyudi Ario Seto sebagai Kapolri baru, menggantikan Jend (Pol) Listyo Sigit Prabowo.
https://t.co/2cJEHE0fij https://t.co/r1sTOkPXRJ","2105514480155390327","https://pbs.twimg.com/media/HThKQUua8AA1NW6.jpg","","in","","1","0","1","https://x.com/shintaeffendi/status/2105514480155390327","46523425","shintaeffendi"
"2105514476023988483","2026-10-01T04:25:44.000Z","100","Ketua DPR RI Puan Maharani mengatakan DPR RI menyetujui pemberhentian dengan hormat Jenderal Polisi Listyo Sigit Prabowo dari jabatan Kapolri.

https://t.co/JwGVNISPTO","2105514476023988483","","","in","","1","5","19","https://x.com/detikcom/status/2105514476023988483","69183155","detikcom"
"2105513601910088078","2026-10-01T04:22:15.000Z","0","Dewan Perwakilan Rakyat (DPR) RI resmi menyetujui pengangkatan Komjen Pol Suyudi Ario Seto sebagai Kepala Kepolisian Negara Republik Indonesia (Kapolri). Pelantikan mantan Kepala Badan Narkotika Nasional (BNN) tersebut dijadwalkan berlangsung di Istana Negara oleh Presiden https://t.co/y0muo2qddK","2105513601910088078","https://pbs.twimg.com/media/HThJdOXbwAAI6ny.jpg","","in","","0","0","0","https://x.com/garudatvnews/status/2105513601910088078","502140136","garudatvnews"
"2105513006415438132","2026-10-01T04:22:02.000Z","0","Komjen Pol. Suyudi Ario Seto (lahir 14 Juli 1973 di Pandeglang, Banten) adalah perwira tinggi Polri lulusan Akpol 1994. Ia juga menempuh PTIK (2003) dan Sespimti Polri (2018).

Kariernya banyak di bidang reserse &amp; kriminal:
- Kanit II Resmob Polda Metro Jaya
- Kapolsek Metro","2105513544301285747","","musobandi","in","","0","0","0","https://x.com/musobandi/status/2105513544301285747","2064687815477338112","musobandi"
"2105513522981683636","2026-10-01T04:21:57.000Z","156","guys lu pada tau gak nih
komisi iii dpr ri setujui komjen pol suyudi ario seto jadi kapolri gantiin jenderal pol listyo sigit prabowo

persetujuannya berlangsung kilat dalam rangkaian fit and proper test calon kapolri di kompleks parlemen senayan jakarta

tanpa ada sesi tanya https://t.co/02anbLNBpU","2105513522981683636","https://pbs.twimg.com/media/HThJTzvaIAAl_ia.jpg","","in","","0","13","12","https://x.com/LambeSahamjja/status/2105513522981683636","1772323119111487490","LambeSahamjja"
"2105513510646255927","2026-10-01T04:21:54.000Z","0","Komisi III DPR RI memberikan persetujuan bagi Kepala Badan Narkotika Nasional (BNN) Komjen Suyudi Ario Seto menjabat Kapolri menggantikan Jenderal Listyo Sigit Prabowo. 

Hal demikian terjadi saat Komisi III menggelar uji kelayakan dan kepatutan terhadap Suyudi sebagai kandidat https://t.co/dazBHqfa4F","2105513510646255927","https://pbs.twimg.com/amplify_video_thumb/2105513371101749248/img/d0uz3iQAT443Yntt.jpg","","in","","0","0","0","https://x.com/jpnncom/status/2105513510646255927","79130206","jpnncom"
"2105495428053487759","2026-10-01T04:21:48.000Z","0","@doelpaten Hai @grok 
Siapakah komjen suyudi ario tejo  yang menggantikan listyo sigit menjadi kapolri ini?","2105513488932327521","","doelpaten","in","","0","1","0","https://x.com/Wong_PakMo/status/2105513488932327521","1046760982272299008","Wong_PakMo"
"2105513473811829036","2026-10-01T04:21:45.000Z","46","Baca di sini: https://t.co/A0j7ZIYgsu

Calon Kapolri Komjen Suyudi Ario Seto pernah menunjukkan aksi unik saat menjabat Kapolda Banten dengan ikut bermain debus dan membengkokkan golok menggunakan tengkuknya.

~IQ #Kapolri #KomjenSuyudi [2026100111111181] https://t.co/qkM0gxt1WE","2105513473811829036","https://pbs.twimg.com/media/HThJE6KbQAAcxnl.jpg","","in","","1","0","4","https://x.com/kompascom/status/2105513473811829036","23343960","kompascom"
"2105510348539519243","2026-10-01T04:21:44.000Z","4","@ardisatriawan Kupikir kapolri selama-lamanya ternyata bisa juga diganti🤭","2105513469558898953","","ardisatriawan","in","","0","0","0","https://x.com/masmadsun63908/status/2105513469558898953","1967345821067993089","masmadsun63908"
"2105513432422490143","2026-10-01T04:21:35.000Z","11","Kalau yang terlama era reformasi, benar. 

Kalau terlama dalam sejarah kepolisian masih ada Jenderal Raden Said, yang menjabat hampir 15 tahun jadi Kapolri.","2105513432422490143","","","in","","1","0","2","https://x.com/zoelfick/status/2105513432422490143","86934018","zoelfick"
"2105513377942618118","2026-10-01T04:21:22.000Z","0","Selamat atas terpilihnya Kapolri baru, Komjen Pol. Suyudi Ario Seto","2105513377942618118","","","in","","0","0","0","https://x.com/LsmSapulidi/status/2105513377942618118","328427808","LsmSapulidi"
"2105513367448502434","2026-10-01T04:21:20.000Z","0","2029 presidennya dari sirkel berbeda dari Prabs dan geng solo serta lantik kapolri baru lagi","2105513370321580463","","ryotxt46","in","","0","0","0","https://x.com/ryotxt46/status/2105513370321580463","1417826717809270786","ryotxt46"
"2105513368207700396","2026-10-01T04:21:20.000Z","0","Belum genap sebulan Kapolri langsung lengser diganti.

Besok jadwalkan ketemu Fufufafa,  Gus.
 Dst. https://t.co/9GsmqudQ4A","2105513368207700396","https://pbs.twimg.com/media/HThJPkkaQAA2drl.jpg","","in","","0","0","0","https://x.com/wiariutami/status/2105513368207700396","2888809230","wiariutami"
"2105513367448502434","2026-10-01T04:21:20.000Z","0","Kabar baiknya kapolri akhirnya diganti. Kabar kurang bagusnya, menurut Tempo, Prabs dah kesel ke Listyo persoalan Febrie 74kg emas. Kemungkinan tuh orang lolos hukuman berat

Tapi tetep harus dirayakan lah. Polri dah sebusuk itu bare minimumnya kapolri diganti. Lebih topcer kalau","2105513367448502434","","","in","","0","1","0","https://x.com/ryotxt46/status/2105513367448502434","1417826717809270786","ryotxt46"
"2105513318664609832","2026-10-01T04:21:08.000Z","0","Eng ing eng, Kapolri diganti","2105513318664609832","","","in","","0","0","0","https://x.com/giIangmahesa/status/2105513318664609832","29385415","giIangmahesa"
"2105513306362675653","2026-10-01T04:21:05.000Z","0","resmi @prabowo.gibran2 menerbitkan supres Nomor R57/Pres/2026 untuk pemberhentian kapolri  Listyio Sigit, bagaimana @jokowi perasaanmu ?
satu persatu antek2 Jokowi di pemerintahan dibuang, tapi yg herannya, apa tidak ada calon lain yg lebih bagus dari Suyudi Ario ini ?? https://t.co/LGrBbUTbfq","2105513306362675653","https://pbs.twimg.com/media/HThJMP4akAALLNL.jpg","","in","","0","0","0","https://x.com/bejosps/status/2105513306362675653","321357041","bejosps"
"2105513278952837140","2026-10-01T04:20:58.000Z","0","Ujian Kilat 26 Menit Calon Kapolri Suyudi Ario Seto

https://t.co/9AWYhPUm4W","2105513278952837140","","","in","","0","0","0","https://x.com/liputan6dotcom/status/2105513278952837140","47596019","liputan6dotcom"
"2105513141484638228","2026-10-01T04:20:26.000Z","2","Suyudi Ario Seto dari BNN resmi jadi calon tunggal Kapolri pengganti Listyo Sigit, tema utamanya Polisi Bersama Masyarakat.","2105513141484638228","","","in","","0","0","1","https://x.com/KangDien_Wae/status/2105513141484638228","3827798354","KangDien_Wae"
"2105490465403662582","2026-10-01T04:20:05.000Z","3","@LambeSahamjja Kapolri nya ganti dari TNI kah?","2105513056042410083","","LambeSahamjja","in","","0","0","0","https://x.com/ucupxucup/status/2105513056042410083","218390082","ucupxucup"
"2105513040477323729","2026-10-01T04:20:02.000Z","12","Presiden Prabowo telah menerbitkan Surat Presiden Nomor R57/Pres/2026 tertanggal 30 September 2026 mengenai usulan pemberhentian Listyo Sigit Prabowo dan penunjukan Kepala BNN Komjen Pol Suyudi Ario Seto sebagai calon Kapolri baru.
Inikah Penggantinya siang ini? https://t.co/3KBaNpOBJ2","2105513040477323729","https://pbs.twimg.com/media/HThI7xLaEAAblm8.jpg","","in","","0","1","6","https://x.com/Rahadi0816/status/2105513040477323729","1611567480992043008","Rahadi0816"
"2105513006415438132","2026-10-01T04:19:53.000Z","0","🔥 Siapa Komjen Suyudi Ario Seto?  
Dari lapangan reserse terus Kapolda Banten kemudian Kepala BNN… sekarang diusulkan jadi Kapolri!

Lulusan Akpol 1994, spesialis kriminal, lahir Pandeglang 1973.  
Prabowo usulkan dia gantikan Listyo Sigit.

Perjalanan karier yang solid di https://t.co/r5hzswzA2L","2105513006415438132","https://pbs.twimg.com/media/HThI3eNaYAAVM9F.jpg","","in","","0","1","0","https://x.com/musobandi/status/2105513006415438132","2064687815477338112","musobandi"
"2105512968066892176","2026-10-01T04:19:44.000Z","7","kapolri akan diganti https://t.co/TeON3bgqc9","2105512968066892176","https://pbs.twimg.com/media/HThI4aYbQAAcZ2T.jpg","","in","","0","1","0","https://x.com/JogjaUpdate/status/2105512968066892176","128175561","JogjaUpdate"
"2105512851209437695","2026-10-01T04:19:16.000Z","0","Presiden Prabowo Kirim Surpres Pergantian Kapolri, Usulkan Kepala BNN Suyudi Ario Seto
https://t.co/V7TRb4OjpY https://t.co/M5kpsfDM29","2105512851209437695","https://pbs.twimg.com/media/HThIvl9bkAA5G8d.jpg","","in","","0","0","0","https://x.com/RILISonline/status/2105512851209437695","324825723","RILISonline"
"2105512850781515872","2026-10-01T04:19:16.000Z","0","SANGAT SETUJU  JIKA PRESIDEN @prabowo MEMBERHENTIKAN KAPOLRI LISTYO SIGIT . JABATAN LISTYO SUDAH KELAMAAN. CC @DPR_RI @Gerindra","2105512850781515872","","","in","","0","0","0","https://x.com/_satrio_aji_/status/2105512850781515872","2323532161","_satrio_aji_"
"2105512834406994331","2026-10-01T04:19:12.000Z","0","Pergantian Kapolri usulan Prabowo: Suyudi Ario Seto dari Kepala BNN jadi calon tunggal pengganti Listyo Sigit.","2105512834406994331","","","in","","0","0","0","https://x.com/KangDien_Wae/status/2105512834406994331","3827798354","KangDien_Wae"
"2105512790970736824","2026-10-01T04:19:02.000Z","0","Alhamdulillah...smoga lbh baik

https://t.co/yhxsSjj9mY","2105512790970736824","","","in","","0","0","0","https://x.com/aa_argun/status/2105512790970736824","1349440885","aa_argun"
"2105503445369405461","2026-10-01T04:18:57.000Z","3","@03__nakula biasa aja pergantian kapolri.. beda kalau kapolri dipecat","2105512769869230545","","03__nakula","in","","0","0","1","https://x.com/WeeNiDv/status/2105512769869230545","1483392183252455427","WeeNiDv"
"2105512658233598188","2026-10-01T04:18:30.000Z","5","Selamat dan Sukses atas Penunjukan Komjen Pol. Suyudi Ario Seto, S.I.K., S.H., https://t.co/A2Uxiv8f7T. sebagai Kapolri

#Kapolri #Polri #PolriPresisi #MelindungiMengayomiMelayani #UntukIndonesiaMaju https://t.co/PRALyiFh8U","2105512658233598188","https://pbs.twimg.com/media/HThImZ0bgAAM2Gi.jpg","","in","","0","0","1","https://x.com/Poldakaltim/status/2105512658233598188","226140504","Poldakaltim"
"2105512643935293687","2026-10-01T04:18:27.000Z","1","kapolri beneran diganti, sesekali mendengarkan obrolan tingkat tinggi memang ndak bagus.","2105512643935293687","","","in","","0","0","0","https://x.com/nezhifi/status/2105512643935293687","251151631","nezhifi"
"2105512609378349555","2026-10-01T04:18:19.000Z","2","Ya memang sudah waktunya sih, ini sudah lewat masanya, pak Listyo ini menjabat sebagai kapolri itu paling lama,,,","2105512609378349555","","","in","","0","0","1","https://x.com/LaiElfrid/status/2105512609378349555","1978790995","LaiElfrid"
"2105512608573059431","2026-10-01T04:18:19.000Z","0","Profil Kepala BNN Suyudi Ario Seto, Calon Kapolri Pilihan Prabowo
 https://t.co/VHa6pLq3iH","2105512608573059431","","","in","","0","0","0","https://x.com/cnbcindonesia/status/2105512608573059431","847372542830444544","cnbcindonesia"
"2105512602797490440","2026-10-01T04:18:17.000Z","2","JUST IN : Prabowo Kirim Surat Presiden Pemberhentian Kapolri Jenderal Listyo Sigit ke DPR RI pada Kamis, 1 Oktober 2026.","2105512602797490440","","","in","","1","0","1","https://x.com/telurisme/status/2105512602797490440","2058146363482030080","telurisme"
"2105490465403662582","2026-10-01T04:18:14.000Z","0","@LambeSahamjja Pasti ada permintaan konyol lagi yang gak mau kapolri turutin","2105512591154163894","","LambeSahamjja","in","","0","0","0","https://x.com/PrimataUnggul/status/2105512591154163894","69305853","PrimataUnggul"
"2105512573005427005","2026-10-01T04:18:10.000Z","1","Presiden Prabowo Subianto mengusulkan Komjen Pol Suyudi Ario Seto sebagai calon Kapolri menggantikan Jenderal Listyo Sigit Prabowo. Komisi III DPR menyetujui Suyudi secara aklamasi ....

https://t.co/Ky74Wht7WC https://t.co/CPK0pyrMS9","2105512573005427005","https://pbs.twimg.com/media/HThIdepboAEhiML.jpg","","in","","0","0","0","https://x.com/Serucoid1/status/2105512573005427005","1272427767942926337","Serucoid1"
"2105512425277808845","2026-10-01T04:17:35.000Z","0","kapolri baru nih","2105512425277808845","","","in","","0","0","0","https://x.com/megowgntg/status/2105512425277808845","1510487212798115842","megowgntg"
"2105499598639054933","2026-10-01T04:17:31.000Z","4","@regar_op0sisi @prabowo jujur kalo ini beneran gak nyangka. kukira wowo yg penakut bakal mertahanin tuh orang. kapolri yg baru kalo pengen ambil hati rakyat, tuntaskan kasus km 50/kanjuruhan.","2105512408970387534","","regar_op0sisi","in","","0","0","0","https://x.com/naizhafr/status/2105512408970387534","2068306956985765889","naizhafr"
"2105512397100462104","2026-10-01T04:17:28.000Z","0","Hasil EKshumasi Alm Sutrimo Tidak Ditemukan Bukti Tindak Pidana
#febrieadriansyah #kejaksaan #poldametrojaya #korupsi #sutrimo Pancasila
Kapolri
Makmur
#BPSDMKementerianDesaPDT
#KerjaPendampingDesaBerdampak
Perlinsos
Perlindungan Sosial
Kemendes PDT
Pendamping Desa di 37
#KNMP https://t.co/aMsD9TIwZR","2105512397100462104","https://pbs.twimg.com/amplify_video_thumb/2105511947588554752/img/nAzMt6Mgq7UZ-YUx.jpg","","in","","0","0","0","https://x.com/saotaki/status/2105512397100462104","280445514","saotaki"
"2105512299910074552","2026-10-01T04:17:05.000Z","0","kapolri usulan prabowo coy busett ini orang2 jokowi diratakan hahaha","2105512299910074552","","","in","","0","0","0","https://x.com/mubadminton/status/2105512299910074552","1462647613254078466","mubadminton"
"2105512230183960660","2026-10-01T04:16:48.000Z","39","Presiden Prabowo Subianto mengirimkan Surat Presiden (Surpres) berisi pergantian Kapolri kepada Komisi III DPR RI. Kepala BNN Komjen Suyudi Ario Seto menjadi calon tunggal Kapolri.

Hal tersebut disampaikan Ketua Komisi III DPR RI, Habiburokhman, pada Kamis (1/10) di gedung DPR, https://t.co/GjpXrz9jPA","2105512230183960660","https://pbs.twimg.com/amplify_video_thumb/2105497139598237696/img/XW3PYwFw-vBWe-kN.jpg","","in","","3","1","12","https://x.com/kumparan/status/2105512230183960660","759692754985242625","kumparan"
"2105512216376356966","2026-10-01T04:16:46.000Z","4","Sebagai penggantinya, Presiden menunjuk Kepala BNN Komjen Pol. Suyudi Ario Seto sebagai calon tunggal Kapolri. 

Saat ini, proses uji kelayakan (fit and proper test) tengah dipersiapkan oleh Komisi III DPR RI.","2105512220490612887","","Mdy_Asmara1701","in","","0","1","0","https://x.com/Mdy_Asmara1701/status/2105512220490612887","1334853481019056128","Mdy_Asmara1701"
"2105512216376356966","2026-10-01T04:16:45.000Z","151","BREAKING NEWS!  

Presiden Prabowo Subianto resmi mengirimkan Surat Presiden (Surpres) ke DPR RI terkait pemberhentian Jenderal Listyo Sigit Prabowo dari jabatan Kapolri. https://t.co/0TaCSNjSZX","2105512216376356966","https://pbs.twimg.com/amplify_video_thumb/2105512181127340033/img/AWeAycH2Je2z903l.jpg","","in","","6","12","42","https://x.com/Mdy_Asmara1701/status/2105512216376356966","1334853481019056128","Mdy_Asmara1701"
"2105512215235399715","2026-10-01T04:16:45.000Z","3","kronologi singkat pergantian Kapolri (Listyo Sigit Prabowo → Komjen Suyudi Ario Seto) yang muncul di timeline X pada 30 September–1 Oktober 2026, 
disusun dari postingan yang paling cepat naik dan banyak di-quote.​

@lambesahamjja
30 September 2026
Presiden Prabowo menerbitkan https://t.co/PsBF2uUaRJ","2105512215235399715","https://pbs.twimg.com/media/HThIL_qaIAEtlc_.jpg","","in","","0","2","2","https://x.com/PutriKariimah/status/2105512215235399715","1628957474886946816","PutriKariimah"
"2105511629794468319","2026-10-01T04:14:25.000Z","3","Komisi III DPR RI secara aklamasi resmi menyetujui Komjen Pol. Suyudi Ario Seto sebagai Kepala Kepolisian Negara Republik Indonesia (Kapolri) yang baru, menggantikan Jenderal Pol. Listyo Sigit Prabowo.

​Keputusan ini diambil setelah proses fit and proper test selesai digelar di https://t.co/ibnNwMiawO","2105511629794468319","https://pbs.twimg.com/amplify_video_thumb/2105510867228147712/img/NrRL4kZoBT3AhRiA.jpg","","in","","1","2","0","https://x.com/RadioElshinta/status/2105511629794468319","121640063","RadioElshinta"
"2105487043216425308","2026-10-01T04:14:14.000Z","0","@yuddychrisnandi Pergantian Kapolri tentu membawa perhatian masyarakat luas","2105511584835756197","","yuddychrisnandi","in","","0","0","0","https://x.com/viasbnrna/status/2105511584835756197","1818613072866779136","viasbnrna"
"2105511541433057416","2026-10-01T04:14:04.000Z","0","Hadiah ulang tahun mas wapres.....
Pergantian kapolri","2105511541433057416","","","in","","0","0","0","https://x.com/oppo_wahid/status/2105511541433057416","1749116333655220224","oppo_wahid"
"2105491553330552966","2026-10-01T04:13:55.000Z","1","@Sebelahkampus @IndosFC @MafiaWasit pergantian paling cepat, surpres tgl 30 ke dpr, tgl 1 fit&amp;proper test. sore/ malam dilantik menjadi kapolri.  mendagri , panglima tni ikut diganti. sesuai keinginan budi jud ada patahan sejarah, wapres di diskualifikasi .. wkwkwkwwk. TL x di penuhi caci maki sumpah serapah termul","2105511502023364881","","Sebelahkampus","in","","0","0","0","https://x.com/SotoAyam1970/status/2105511502023364881","1587265721146707968","SotoAyam1970"
"2105511451997949981","2026-10-01T04:13:43.000Z","39","Presiden Prabowo Subianto mengirimkan Surat Presiden (Surpres) berisi pergantian Kapolri kepada Komisi III DPR RI. Kepala BNN Komjen Suyudi Ario Seto menjadi calon tunggal Kapolri.

Suyudi akan menggantikan Jenderal Listyo Sigit Prabowo yang menduduki kursi Kapolri sejak 2021. https://t.co/nGPnMpNqrL","2105511451997949981","https://pbs.twimg.com/media/HThHRg7asAAazfq.jpg","","in","","4","2","17","https://x.com/kumparan/status/2105511451997949981","759692754985242625","kumparan"
"2105511433882787985","2026-10-01T04:13:39.000Z","4","Rapat Paripurna ke-8 DPR RI Masa Persidangan I Tahun 2026-2027 menyetujui Suyudi Ario Seto sebagai Kapolri menggantikan Listyo Sigit Prabowo. Ketua DPR RI sekaligus pemimpin rapat, Puan Maharani menyatakan pemberhentian dengan hormat kepada… www.​instagram.​com/p/Dd8BRPwgdwS/ https://t.co/3Dg2Nph44s","2105511433882787985","https://pbs.twimg.com/media/HThHfKpaUAAplrF.jpg","","in","","1","0","2","https://x.com/Bisniscom/status/2105511433882787985","118646322","Bisniscom"
"2105487043216425308","2026-10-01T04:13:15.000Z","0","@yuddychrisnandi Publik pasti menunggu langkah pertama Kapolri yang baru","2105511337032085748","","yuddychrisnandi","in","","0","0","0","https://x.com/arienidnt/status/2105511337032085748","1817403373085478912","arienidnt"
"2105511330669289904","2026-10-01T04:13:14.000Z","109","Kapolri paling lama menjabat adalah Raden Said Soekanto. 

Beliau adalah Kapolri pertama, menjabat dari 1945 sampai 14 Desember 1959. 

Sejak itu, hanya Listyo Sigit yang menjabat sebagai Kapolri lebih dari lima tahun, sebelum akhirnya berganti ke Komjen Suyudi, hari ini. https://t.co/RV3coZc1sB","2105511330669289904","https://pbs.twimg.com/media/HThHZOFacAAeN1p.jpg","","in","","0","5","10","https://x.com/zoelfick/status/2105511330669289904","86934018","zoelfick"
"2105505329975038343","2026-10-01T04:12:51.000Z","0","@Tan_Mar3M Ngawur, kapolri ini orgnya Dasco","2105511232581325179","","Tan_Mar3M","in","","0","0","0","https://x.com/goldenman339/status/2105511232581325179","1439161041045184512","goldenman339"
"2105503018653495528","2026-10-01T04:12:36.000Z","0","@indepenSumatera tapi apa pelan2 geng solo ini di ganti yaa 

siang ini kapolri","2105511172162416845","","indepenSumatera","in","","0","0","0","https://x.com/regiepatrick/status/2105511172162416845","237107121","regiepatrick"
"2105511139581051352","2026-10-01T04:12:28.000Z","7","DPR RI telah menerima Surat Presiden (Surpres) dari Presiden Prabowo Subianto Nomor R57/Pres/09/2026 tertanggal 30 September 2026 mengenai usulan pemberhentian Jenderal Listyo Sigit Prabowo dari jabatan Kapolri. Dan secara aklamasi menyetujui Komjen Suyudi Ario Seto penggantinya https://t.co/NpW39vLWEd","2105511139581051352","https://pbs.twimg.com/media/HThGv_XaAAAyHGx.jpg","","in","","2","0","2","https://x.com/netizenledger/status/2105511139581051352","3007567602","netizenledger"
"2105511127589490698","2026-10-01T04:12:25.000Z","0","Puan Maharani Ungkap Satu Alasan Prabowo Berhentikan Listyo Sigit dari Kapolri, Kini Diganti Komjen Suyudi
 
https://t.co/5GJNJdogTW lewat @tribunnews Surat Presiden","2105511127589490698","","","in","","0","0","0","https://x.com/banjarmasinpost/status/2105511127589490698","65639033","banjarmasinpost"
"2105511084044238947","2026-10-01T04:12:15.000Z","2","Breaking News! ⚡️

Kapolri Listyo Sigit digantikan oleh Komjen Suyudi.

❓️Pertanda apakah ini?","2105511084044238947","","","in","","0","0","0","https://x.com/yulianmf/status/2105511084044238947","163512572","yulianmf"
"2105493096519840141","2026-10-01T04:12:15.000Z","0","@kenhans03 Ber ~ gantinya kapolri ..
Apa ber ~ mulainya perbedaan yaaa","2105511081989062948","","kenhans03","in","","0","0","0","https://x.com/yunani3e/status/2105511081989062948","2086617394202681344","yunani3e"
"2105486054468055334","2026-10-01T04:12:09.000Z","0","@Heraloebss Harus yg terbaik...Kapolri jabatan paling penting","2105511057225863476","","Heraloebss","in","","0","1","0","https://x.com/NapiPKS/status/2105511057225863476","2871185910","NapiPKS"
"2105499810124145148","2026-10-01T04:11:55.000Z","12","@LambeSahamjja tambahkan ... tolong sapunya dibersihkan dulu pak kapolri .. sebelum membersihkan sampah dan kotoran lain","2105511001097683099","","LambeSahamjja","in","","0","1","0","https://x.com/yosika_yashir/status/2105511001097683099","154853629","yosika_yashir"
"2105492591366279558","2026-10-01T04:11:19.000Z","0","@RadioElshinta Penisnis juga kayaknya ni calon kapolri baru,","2105510849968488476","","RadioElshinta","in","","0","0","0","https://x.com/Lek_Tumidjo/status/2105510849968488476","1449454820687896577","Lek_Tumidjo"
"2105508894080655869","2026-10-01T04:11:16.000Z","2","@Ari3Pras Akhir nya berakhir juga era  kapolri terlama...","2105510837981216962","","Ari3Pras","in","","0","0","0","https://x.com/cepatkali/status/2105510837981216962","712079249021149185","cepatkali"
"2105510803101368579","2026-10-01T04:11:08.000Z","1","Calon Kapolri Komisaris Jenderal Polisi Suyudi Ario Seto membawa tema Polisi Bersama Masyarakat sebagai arah kepemimpinan dan transformasi Polri. Gagasan tersebut disampaikan saat menjalani fit and proper test bersama Komisi III DPR RI di Kompleks Parlemen, Senayan, Jakarta, https://t.co/zRTJOiFKVg","2105510803101368579","https://pbs.twimg.com/amplify_video_thumb/2105510474221817856/img/64FP2yTTq0MDj9g_.jpg","","in","","1","0","0","https://x.com/SINDOnews/status/2105510803101368579","231355136","SINDOnews"
"2105498702119145613","2026-10-01T04:11:02.000Z","0","@kompascom Saya berharap Kapolri baru bisa lebih tegas thd oknum polisi yg peras rakyat, juga tegas thd provokator dan tukang firnah yg bertebaran di medsos, tegas brantas judol dan penipu online yang membuat rakyat sengsara.","2105510777209880858","","kompascom","in","","0","0","0","https://x.com/goldenman339/status/2105510777209880858","1439161041045184512","goldenman339"
"2105509062490366199","2026-10-01T04:04:13.000Z","26","Jadi kepala BNN baru setahun, hasil pemberantasan narkoba juga tak nyata nampak, tempat hiburan malam sebagai lubang narkoba jg masih ditutup 1 buka 1000. EH DITARIK JADI KAPOLRI. Bisa apa nanti 🤷‍♂️

Paham kan kenapa narkoba susah diberantas s.d Kasat Narko jd pecandu+bandar?🤪🤦‍♂️ https://t.co/p2iWsHOBZu","2105509062490366199","https://pbs.twimg.com/amplify_video_thumb/2105508995008245760/img/45k36J56BmkNOCzS.jpg","","in","","0","2","7","https://x.com/ThatSun510/status/2105509062490366199","1501741769306021890","ThatSun510"
"2105509055662047651","2026-10-01T04:04:13.000Z","0","Surpres tersebut juga berisi usulan pengangkatan Kapolri baru. Nama yang diajukan sebagai calon Kapolri adalah Komjen Suyudi, yang saat ini menjabat Kepala BNN.

Badan Musyawarah DPR kemudian menugaskan Komisi III DPR untuk melaksanakan uji kelayakan terhadap Komjen Suyudi pada","2105509061391482966","","KontanNews","in","","0","1","0","https://x.com/KontanNews/status/2105509061391482966","43799886","KontanNews"
"2105509055662047651","2026-10-01T04:04:11.000Z","2","Presiden Prabowo Subianto mengirim Surat Presiden (Surpres) kepada DPR terkait usulan pemberhentian Jenderal Listyo Sigit Prabowo dari jabatan Kapolri. Surpres tersebut bernomor R57/Surpres/09/2026 dan tertanggal 30 September 2026.

Ketua Komisi III DPR Habiburokhman mengatakan, https://t.co/Jez1tgr8kl","2105509055662047651","https://pbs.twimg.com/media/HThFUueaEAADfFl.jpg","","in","","0","2","1","https://x.com/KontanNews/status/2105509055662047651","43799886","KontanNews"
"2105509033100918885","2026-10-01T04:04:06.000Z","192","BREAKING: DPR SETUJUI KAPOLRI BARU!! https://t.co/pNUBSoxr8o","2105509033100918885","https://pbs.twimg.com/media/HThFN6PaYAAamsd.png","","in","","5","29","23","https://x.com/ardisatriawan/status/2105509033100918885","170542374","ardisatriawan"
"2105509022145421312","2026-10-01T04:04:04.000Z","9","wow kapolri baru https://t.co/eOKklUTytV","2105509022145421312","https://pbs.twimg.com/media/HThFSwGaYAAFS0-.jpg","","in","","1","5","4","https://x.com/xcordeirro/status/2105509022145421312","717612860","xcordeirro"
"2105508998959276538","2026-10-01T04:03:58.000Z","1","DPR RI menyetujui Komjen Suyudi Ario Seto menjadi Kapolri menggantikan Jenderal Listyo Sigit Prabowo dalam Rapat Paripurna yang digelar di Gedung Nusantara II, Kompleks Parlemen, Senayan, Jakarta, Kamis (1/10).

Persetujuan Komjen Suyudi Ario Seto sebagai Kapolri diawali dengan https://t.co/uzaX3Hf7KS","2105508998959276538","https://pbs.twimg.com/amplify_video_thumb/2105508460289015808/img/78bvWvqMMj8WTg9W.jpg","","in","","0","0","1","https://x.com/KATADATAcoid/status/2105508998959276538","552523769","KATADATAcoid"
"2105506532284874845","2026-10-01T04:03:38.000Z","0","@Bapakezone @zoelfick Kapolri Lama udah masuk usian pensiun boss.... biasa .","2105508914871824440","","Bapakezone","in","","0","0","0","https://x.com/DMarginale/status/2105508914871824440","1346210508265799682","DMarginale"
"2105508839697297784","2026-10-01T04:03:20.000Z","0","DPR Terima Surpres Pergantian Kapolri

Simak selengkapnya: https://t.co/bXwOR3zS4S 

Baca artikel lainnya di: https://t.co/nKG2iaCciF

#News #MostUpdate #DPR #Kapolri","2105508839697297784","","","in","","0","0","0","https://x.com/most1058/status/2105508839697297784","85805755","most1058"
"2105508759464513890","2026-10-01T04:03:01.000Z","0","https://t.co/LZoVOCIunv","2105508759464513890","","","zxx","","0","0","0","https://x.com/a_d_yunadi/status/2105508759464513890","3498535272","a_d_yunadi"
"2105506532284874845","2026-10-01T04:02:54.000Z","2","@zoelfick udah memasuki masa pensiun. 
🤣
Ingat bang biasanya sebelum ada Pergantian Kapolri, pasti ada yang heboh2. dah biasa....
Noh kasus Lapas Cibinong, pertanda ada  penggantian Kapolri.","2105508731631071598","","zoelfick","in","","0","1","0","https://x.com/DMarginale/status/2105508731631071598","1346210508265799682","DMarginale"
"2105508675234525415","2026-10-01T04:02:41.000Z","0","Kabarnya Jenderal Listyo Sigit Prabowo bakal dijadikan Menteri Pertahanan menggantikan Sjafri Syamsudin 😲

Terakhir Jenderal Listyo Sigit Prabowo menghadiri peringatan Kesakitan Pancasila dilubang buaya bersama presiden.

Siang ini pelantikan Kapolri baru bakal dilaksanakan. https://t.co/pRoehdAIVJ","2105508675234525415","https://pbs.twimg.com/media/HThE-uPbIAA9Y3Z.jpg","","in","","0","0","0","https://x.com/Beckenbauer__/status/2105508675234525415","1315736336","Beckenbauer__"
"2105508660411789698","2026-10-01T04:02:37.000Z","0","Buka berita tiba2 liat Kapolri diganti, padahal sempat mendampingi pas upacara Hari Kesaktian Pancasila

Bersamaan kabar Gibran ultah
(via Indo Pop Base) 

Dan pertanyaan apakah Ferdy Sambo boleh keluar lapas bentar untuk menghadiri pemakaman ibunya

Hello, October!","2105508660411789698","","","in","","0","0","0","https://x.com/kesh_chia/status/2105508660411789698","46330569","kesh_chia"
"2105502556189536291","2026-10-01T04:02:36.000Z","0","@HansAhmadLubis Kapolri terlama sepanjang masa yaa, smg penggantinya adil dan bertanggungjawab yaa","2105508654112018570","","HansAhmadLubis","in","","0","0","0","https://x.com/of_ojifahruroji/status/2105508654112018570","507831872","of_ojifahruroji"
"2105508598302515293","2026-10-01T04:02:22.000Z","3","pengganti kapolri komjen pol suyudi ario seto","2105508598302515293","","","in","","0","2","1","https://x.com/PutriKariimah/status/2105508598302515293","1628957474886946816","PutriKariimah"
"2105508477565317168","2026-10-01T04:01:54.000Z","0","Cepet betul

DPR Setujui Suyudi Ario Seto jadi Kapolri yang Baru - Nasional https://t.co/DsNM5yd4wQ","2105508477565317168","","","in","","0","0","0","https://x.com/jesjesky/status/2105508477565317168","69217512","jesjesky"
"2105506532284874845","2026-10-01T04:01:48.000Z","0","@zoelfick 6 tahun waktu yang lama untuk posisi Kapolri","2105508451875246252","","zoelfick","in","","0","2","0","https://x.com/vyzedaniel/status/2105508451875246252","828563204","vyzedaniel"
"2105508439191638210","2026-10-01T04:01:45.000Z","10","FYI kita udah ganti kapolri guys.","2105508439191638210","","","in","","0","5","0","https://x.com/its_Rasidah/status/2105508439191638210","2922380976","its_Rasidah"
"2105508402332135621","2026-10-01T04:01:36.000Z","0","Presiden Prabowo ajukan Kepala BNN Komjen Suyudi Ario Seto jadi calon Kapolri menggantikan Jenderal Listyo Sigit Prabowo. Berkas Surpres telah diterima DPR untuk uji kelayakan. https://t.co/Q4nnI8wo8k","2105508402332135621","https://pbs.twimg.com/media/HThEuiMacAA6K7G.jpg","","in","","0","0","0","https://x.com/populipos/status/2105508402332135621","1693512935103221760","populipos"
"2105508354303107124","2026-10-01T04:01:24.000Z","0","BREAKING NEWS: Prabowo Kirim Surpres Pemberhentian Kapolri Jenderal Listyo Sigit

Klik untuk baca: https://t.co/jKlSc36UNU","2105508354303107124","","","in","","0","0","0","https://x.com/doyanmusik3/status/2105508354303107124","1131858564257988610","doyanmusik3"
"2105508313630978413","2026-10-01T04:01:15.000Z","3","Disambut Tepuk Tangan saat Uji Kelayakan Calon Kapolri, Komjen Suyudi: tak akan Sakiti Masyarakat 

Kepala Badan Narkotika Nasional (BNN) Komjen Suyudi Ario Seto menjalani uji kelayakan dan kepatutan sebagai calon Kapolri di Komisi III DPR, Kamis (1/10). 

Suyudi menjalani uji https://t.co/RIFWIxhSit","2105508313630978413","https://pbs.twimg.com/amplify_video_thumb/2105508212183298049/img/gQNNj02KvGcm4eV9.jpg","","in","","0","3","0","https://x.com/mediaindonesia/status/2105508313630978413","68930552","mediaindonesia"
"2105501826456109057","2026-10-01T04:00:52.000Z","0","@idextratime kapolri bukan biasa ya ya di ganti klo gnti presiden","2105508219477225596","","idextratime","in","","0","0","0","https://x.com/Dyrrr25/status/2105508219477225596","964682662345457664","Dyrrr25"
"2105508055106633808","2026-10-01T04:00:13.000Z","0","Suyudi Ario Seto Anak Siapa Akpol Tahun Berapa Ini Profil Biodata Kapolri Baru Istri Riwayat Jabatan 

https://t.co/pg3kgKcIXz","2105508055106633808","","","in","","0","0","0","https://x.com/berita_diy/status/2105508055106633808","1287642738683342848","berita_diy"
"2105506024203682049","2026-10-01T04:00:13.000Z","2","@HansAhmadLubis Sebenarnya masih ada yang lebih lama bang.
R.S. Soekanto Tjokrodiatmodjo (Kapolri Pertama)
dari 1945–1959 (15 tahun) hehe","2105508054989230354","","HansAhmadLubis","in","","0","1","0","https://x.com/UtomoMongso/status/2105508054989230354","2071469540035506176","UtomoMongso"
"2105508049196884285","2026-10-01T04:00:12.000Z","19","Akankah Kapolri baru membawa POLRI menjadi lebih baik dan benar Presisi ?? 

Mantan Kapolda Banten, memiliki jejak karir gemilang. 

#BukanGenkSolo","2105508049196884285","","","in","","1","0","1","https://x.com/RikeSants/status/2105508049196884285","1389046349895663616","RikeSants"
"2105508038182605070","2026-10-01T04:00:09.000Z","459","https://t.co/sBW60DEXcK 

Hari ini 1 Oktober :

Hari kesaktian Pancasila 
Awal Ronde terakhir Solo vs Hambalang.

Diawali dengan penggantian Kapolri https://t.co/ONfDrpIoOg","2105508038182605070","https://pbs.twimg.com/amplify_video_thumb/2105502049261826048/img/QukCCIZjn9q_QcRx.jpg","","in","","3","35","139","https://x.com/msaid_didu/status/2105508038182605070","1117990249806721024","msaid_didu"
"2104963292624298418","2026-10-01T04:00:03.000Z","0","@nursy4m @DivHumas_Polri mumpung Kapolri baru, sat-set, tas-tes","2105508013557920030","","nursy4m","in","","0","0","0","https://x.com/hen0ch/status/2105508013557920030","17825556","hen0ch"
"2105492419882185125","2026-10-01T04:00:00.000Z","0","@pipuycuuuy iya betul kapolri abadi","2105508000916291807","","pipuycuuuy","in","","0","0","0","https://x.com/SudutTakKasat/status/2105508000916291807","1680107892417126406","SudutTakKasat"
"2105507884327194849","2026-10-01T03:59:32.000Z","4","Kapolri udah dapet surpres

Kayake next pak KS.....","2105507884327194849","","","in","","0","1","0","https://x.com/makanminumhappy/status/2105507884327194849","965434615","makanminumhappy"
"2105494539129753983","2026-10-01T03:59:22.000Z","1","@Bambangmulyonoo Alhamdulillah. Udah terlalu lam kapolri ini dan selalu membela geng solo","2105507840890950064","","Bambangmulyonoo","in","","0","0","0","https://x.com/taufikisti/status/2105507840890950064","4887642940","taufikisti"
"2105507830392565822","2026-10-01T03:59:19.000Z","80","CALON KAPOLRI PENGGANTI LISTYO SIGIT PRABOWO 

Presiden Prabowo Subianto mengajukan Kepala Badan Narkotika Nasional Komisaris Jenderal Polisi Suyudi Ario Seto sebagai calon kepala Kepolisian Negara Republik Indonesia.

Pengajuan itu disampaikan Ketua Komisi III Dewan Perwakilan https://t.co/Xcc3Iu3CBa","2105507830392565822","https://pbs.twimg.com/media/HThENL6asAAGyTt.jpg","","in","","2","25","17","https://x.com/NenkMonica/status/2105507830392565822","1040306964100669440","NenkMonica"
"2105503891945402400","2026-10-01T03:59:13.000Z","0","@LambeSahamjja Firli Bahuri lebih senior 6 tahun drpd Kapolri baru https://t.co/sDmD3AG83k","2105507802026533103","https://pbs.twimg.com/media/HThECZNbMAEBOKU.png","LambeSahamjja","in","","0","0","0","https://x.com/hen0ch/status/2105507802026533103","17825556","hen0ch"
"2105507747139920181","2026-10-01T03:59:00.000Z","0","Yang perlu ditanyakan setelah Listyo Sigit gak jadi kapolri itu mau kemana dan dan jadi apa, itu baru menentukan arah politik. Pergantian kapolri baru gak akan mengubah polri secara signifikan sih.

*menurut pendapat saya","2105507747139920181","","","in","","0","0","0","https://x.com/rafinisme/status/2105507747139920181","746828334","rafinisme"
"2105507677707387218","2026-10-01T03:58:43.000Z","0","BREAKING

Kapolri ganti hari ini.

Presiden Prabowo kirim Surpres ke DPR: Jenderal Listyo Sigit Prabowo diberhentikan dengan hormat.

Penggantinya: Komjen Suyudi Ario Seto (Kepala BNN).

Komisi III setuju aklamasi. Paripurna DPR juga sudah sahkan.

1 Oktober 2026.","2105507677707387218","","","in","","0","0","0","https://x.com/musobandi/status/2105507677707387218","2064687815477338112","musobandi"
"2105506532284874845","2026-10-01T03:58:40.000Z","0","@zoelfick Jadi saat ini kapolri baru ya","2105507667305529595","","zoelfick","in","","0","0","0","https://x.com/Candj09/status/2105507667305529595","1336091630","Candj09"
"2105507639690240425","2026-10-01T03:58:34.000Z","0","Penggantian #Kapolri secercah harapan tegaknya hukum dan keadilan dimasa yang akan datang,,","2105507639690240425","","","in","","0","0","0","https://x.com/irfanwahidi06/status/2105507639690240425","230692266","irfanwahidi06"
"2105507583868260611","2026-10-01T03:58:21.000Z","0","Kalau komisi 3 senyam - senyum gak jelas bgni 😂aku pesimis Kapolri yg baru bisa membenahi institusi kepolisian.","2105507583868260611","","","in","","0","0","0","https://x.com/DsSupriyady/status/2105507583868260611","2926855970","DsSupriyady"
"2105506024203682049","2026-10-01T03:58:13.000Z","2","@UtomoMongso Termasuk kapolri terlama. Kayaknya ini imbas dari keretakan hubungan Prabs dengan geng Solo","2105507550808715496","","UtomoMongso","in","","0","1","0","https://x.com/HansAhmadLubis/status/2105507550808715496","1118829249761165313","HansAhmadLubis"
"2105507527568089286","2026-10-01T03:58:07.000Z","20","wOOw‼️
KAPOLRI jadi diGanti?????😳🤔 https://t.co/BSnzZ2nfvS","2105507527568089286","https://pbs.twimg.com/media/HThD71EbgAAzCt1.jpg","","in","","0","1","6","https://x.com/AraituLaki/status/2105507527568089286","1118723550649544704","AraituLaki"
"2105507495347413412","2026-10-01T03:57:59.000Z","0","Jakarta hari ini padet dan macet banget, tengah kota isinya mobil polisi dan barakuda semua. Mau ganti kapolri begini amet 🙃","2105507495347413412","","","in","","0","1","0","https://x.com/googledrift/status/2105507495347413412","2084114791262720000","googledrift"
"2105507466544927193","2026-10-01T03:57:53.000Z","29","Kapolri baru pengganti Jenderal Listyo Sigit. https://t.co/oq31LfEwpz","2105507466544927193","https://pbs.twimg.com/media/HThD35ca8AAobaD.jpg","","in","","3","10","2","https://x.com/Franken_blues/status/2105507466544927193","1301242545888849921","Franken_blues"
"2105507455652577683","2026-10-01T03:57:50.000Z","0","Akhirnya kapolri lama diganti, stlh sekian lama sekian purnama, apakah POLRI JD lbih baik atau status quo??? Mati kt saksikan bersama""","2105507455652577683","","","in","","0","0","0","https://x.com/abdi_rakyat_24/status/2105507455652577683","1826990464010252288","abdi_rakyat_24"
"2105241105642258571","2026-10-01T03:57:46.000Z","1","@Gunawan75_ Semoga Kapolri yg baru  akan bekerja demi keadilan.","2105507438791430490","","Gunawan75_","in","","0","0","0","https://x.com/Rudy5a3a1/status/2105507438791430490","1759745194323591168","Rudy5a3a1"
"2105507388518510716","2026-10-01T03:57:34.000Z","0","DUARRR 💥💥💥

BREAKING NEWS: Kapolri Listyo Sigit Prabowo Diberhentikan, Penggantinya Komjen Pol Suyudi Ario Seto
 
https://t.co/HCLONzILvi","2105507388518510716","","","in","","0","0","0","https://x.com/awLdh/status/2105507388518510716","84530848","awLdh"
"2105507383938269518","2026-10-01T03:57:33.000Z","5","Komisi III DPR RI menggelar uji kelayakan dan kepatutan (fit and proper test) terhadap calon Kapolri, Komjen Pol. Suyudi Ario Seto, Kamis (1/10).

​Saat ini, Komjen Pol Suyudi menjabat sebagai Kepala Badan Narkotika Nasional RI (BNN). Ia akan menggantikan Kapolri Jenderal Polisi https://t.co/VQmZRLSe9S","2105507383938269518","https://pbs.twimg.com/amplify_video_thumb/2105506745619755008/img/NRDZhkVpsyBaBOKk.jpg","","in","","0","0","0","https://x.com/RadioElshinta/status/2105507383938269518","121640063","RadioElshinta"
"2105507313729814911","2026-10-01T03:57:16.000Z","0","Presiden Prabowo Subianto resmi mengirim surat kepada DPR RI usulan pemberhentian Jendral Listyo Sigit Prabowo dari jabatan Kepala Kepolisian Negara Republik Indonesia (Kapolri) pada kemarin (30/9)

Listyo Sigit Prabowo sudah menjabat menjadi Kapolri selama 5 tahun dari era https://t.co/x5q46FuSTC","2105507313729814911","https://pbs.twimg.com/media/HThDvXSaIAAn_Id.jpg","","in","","1","0","1","https://x.com/aprillariz/status/2105507313729814911","1759547392943337472","aprillariz"
"2105507308554080623","2026-10-01T03:57:15.000Z","0","Harta kekayaan calon Kapolri Suyudi Ario Seto
#kapolri #suyudi #polisi

https://t.co/lJ3e53O3pw","2105507308554080623","","","in","","0","0","0","https://x.com/ANTARA_JATENG/status/2105507308554080623","1593242702342414336","ANTARA_JATENG"
"2105507308277219380","2026-10-01T03:57:15.000Z","31","Calon Kapolri Komjen Pol Suyudi Ario Seto menyebut jabatan Kapolri bukan puncak karier seorang polisi.

Menurut Suyudi, jabatan Kapolri justru merupakan puncak tanggung jawab karena besarnya kewenangan yang diberikan negara.

""Bagi saya, jabatan Kapolri bukanlah puncak karier, https://t.co/3cszDwIrsZ","2105507308277219380","https://pbs.twimg.com/amplify_video_thumb/2105507239335440384/img/R9LopsflrVSs7PW4.jpg","","in","","1","3","6","https://x.com/kumparan/status/2105507308277219380","759692754985242625","kumparan"
"2105507102169194532","2026-10-01T03:56:26.000Z","0","Kronologi Kilat Komjen Suyudi Ario Seto Jadi Calon Kapolri, Lolos Test DPR 22 Menit
 
https://t.co/TaAiUSIXsM lewat @tribunnews","2105507102169194532","","","in","","0","0","0","https://x.com/Tribun_Bogor/status/2105507102169194532","1239919987227127808","Tribun_Bogor"
"2105507076089020764","2026-10-01T03:56:20.000Z","0","Disambut Tepuk Tangan saat Uji Kelayakan Calon Kapolri, Komjen Suyudi: tak akan Sakiti Masyarakat 

Kepala Badan Narkotika Nasional (BNN) Komjen Suyudi Ario Seto menjalani uji kelayakan dan kepatutan sebagai calon Kapolri di Komisi III DPR, Kamis (1/10). 

Suyudi menjalani uji https://t.co/E4w0dLZ6G2","2105507076089020764","https://pbs.twimg.com/amplify_video_thumb/2105506857536331776/img/J_RtxsdCruTocF12.jpg","","in","","0","1","0","https://x.com/mediaindonesia/status/2105507076089020764","68930552","mediaindonesia"
"2105507075128533492","2026-10-01T03:56:19.000Z","0","DPR RI resmi menyetujui Suyudi Ario Seto sebagai Kapolri menggantikan Listyo Sigit dalam rapat paripurna di Gedung Nusantara II, Kompleks Parlemen, Senayan, Jakarta, Kamis (1/10/2026).

Sebelumnya, Ketua Komisi III DPR RI Habiburokhman melaporkan hasil fit and proper test Suyudi https://t.co/XdbnLC4b6s","2105507075128533492","https://pbs.twimg.com/media/HThAUjQagAAxFw4.jpg","","in","","0","0","0","https://x.com/SINDOnews/status/2105507075128533492","231355136","SINDOnews"
"2105495428053487759","2026-10-01T03:56:14.000Z","3","@doelpaten Bikin kaget😱😱😱😱

Kirain Kapolri jenderal Lesti Sikit MENINGGAL KO'IT METONG DEAD

ehhh. rupanya mau diganti
diganti ama yg modelnya sama

kalo berani beda
apalagi berani jujur &amp; amanah

BERARTI
Umur Gak Panjang","2105507054727344559","","doelpaten","in","","0","1","0","https://x.com/Muh_N_UD/status/2105507054727344559","1575046236","Muh_N_UD"
"2105507052080816395","2026-10-01T03:56:14.000Z","95","Selamat komjen Suyudi. Semoga amanah dan tolong pastikan tidak ada lagi istilah no viral no Justice!

Kabarnya siang ini Presiden Prabowo akan melantik Komjen Suyudi menjadi Kapolri. https://t.co/LQnBwFnJyi","2105507052080816395","https://pbs.twimg.com/media/HThDgFJbUAA3EDV.jpg","","in","","4","17","22","https://x.com/yusuf_dumdum/status/2105507052080816395","2156465923","yusuf_dumdum"
"2105507029100163137","2026-10-01T03:56:08.000Z","0","Apa impact pergantian Kapolri ke market $IHSG yah …

🧐

Bagaimana “asing” akan menilai ini ?","2105507029100163137","","","in","","0","0","0","https://x.com/WOLF_of_IHSG/status/2105507029100163137","1509144342480498691","WOLF_of_IHSG"
"2105507022783631670","2026-10-01T03:56:07.000Z","1","Komisi III DPR RI menyepakati Komjen Pol. Suyudi Ario Seto menjadi Kapolri menggantikan Jenderal Pol. Listyo Sigit Prabowo.

Kesepakatan tersebut diambil dalam rapat setelah Suyudi menjalani uji kelayakan dan kepatutan atau fit and proper test sebagai calon Kapolri di Kompleks https://t.co/pp9i1C4hHB","2105507022783631670","https://pbs.twimg.com/media/HThDebMaAAAvlon.jpg","","in","","0","0","1","https://x.com/inilahdotcom/status/2105507022783631670","46693036","inilahdotcom"
"2105507018333163775","2026-10-01T03:56:06.000Z","2","Ingpo pagi ini
 Kapolri sudah ganti ?","2105507018333163775","","","in","","0","0","0","https://x.com/sumadiseloguno/status/2105507018333163775","1199772596","sumadiseloguno"
"2105507012151058639","2026-10-01T03:56:04.000Z","0","Semoga bukan Geng Oslo. 
Kapolri baru. https://t.co/7sHAsZOJE8","2105507012151058639","https://pbs.twimg.com/media/HThDc6zbIAA7uJb.jpg","","in","","0","0","0","https://x.com/DjumadiPartose1/status/2105507012151058639","1447863107561287687","DjumadiPartose1"
"2105506997047279994","2026-10-01T03:56:01.000Z","0","Semoga kapolri lebih .. baik y pak y","2105506997047279994","","","in","","0","0","0","https://x.com/lucykazu/status/2105506997047279994","83994831","lucykazu"
"2105506983155798359","2026-10-01T03:55:57.000Z","0","Rapat Paripurna DPR setujui Suyudi Ario Seto
#kapolri #polisi #suyudi

https://t.co/8IhGR0JrOA","2105506983155798359","","","in","","0","0","0","https://x.com/ANTARA_JATENG/status/2105506983155798359","1593242702342414336","ANTARA_JATENG"
"2105506929560981592","2026-10-01T03:55:45.000Z","0","DPR Setujui Komjen Suyudi Ario Seto Menjadi Kapolri Yang Baru
 https://t.co/lxUT1LLseU","2105506929560981592","","","in","","0","0","0","https://x.com/sumbar_24jam/status/2105506929560981592","23902574","sumbar_24jam"
"2105506919184310595","2026-10-01T03:55:42.000Z","2","Komisi III DPR RI menyetujui Komjen Pol Suyudi Ario Seto sebagai calon Kapolri menggantikan Jenderal Listyo Sigit Prabowo.

Simak selengkapnya di https://t.co/Gu4bx5dqBv
#HardNews_BreakingNews #NewsOne #CariBeritaditvOne #Kapolri #DPRRI #N02 https://t.co/eJkLjnJKhU","2105506919184310595","https://pbs.twimg.com/media/HThDT6ibIAAt5se.jpg","","in","","1","1","0","https://x.com/tvOneNews/status/2105506919184310595","55507370","tvOneNews"
"2105506844638871967","2026-10-01T03:55:24.000Z","2","komisi iii gelar fit and proper test pengganti kapolri https://t.co/v3Nr8dH3Aa","2105506844638871967","https://pbs.twimg.com/amplify_video_thumb/2105506773058961408/img/9iSVlCguKubqUzHw.jpg","","in","","0","1","0","https://x.com/neVerAl0nely___/status/2105506844638871967","1282751327588585473","neVerAl0nely___"
"2105506779161559459","2026-10-01T03:55:09.000Z","0","https://t.co/IXykColINj","2105506779161559459","","","zxx","","0","0","0","https://x.com/ubatciret/status/2105506779161559459","1466833339449364484","ubatciret"
"2105465323470409737","2026-10-01T03:55:00.000Z","0","“Sambil sekalian ganti kapolri ah” ~wowo 🫪","2105506743887470841","","pepontherock","in","","0","0","0","https://x.com/pepontherock/status/2105506743887470841","1094257605868802048","pepontherock"
"2105506743187063073","2026-10-01T03:55:00.000Z","2","Pak Presiden @prabowo @kemensetnegRI . Saya terharu Pak Kapolri akan pensiun. Sbg masyarakat biasa, banyak mmg tantangan tapi saya mo bilang Pak Listyo Kapolri terbaik buat saya meski HOEGENG tak tergantikan. Makasih Pak Listyo! Tuhan berkati bapak. | @mnctrijaya  @officialinews_","2105506743187063073","","","in","","0","0","1","https://x.com/intanalyze/status/2105506743187063073","218477659","intanalyze"
"2105494539129753983","2026-10-01T03:54:55.000Z","3","@Bambangmulyonoo Diganti timnya kapolri lagi hahaha","2105506720353280197","","Bambangmulyonoo","in","","0","0","0","https://x.com/Caturpamuji31/status/2105506720353280197","1564938947905863680","Caturpamuji31"
"2105506718184824839","2026-10-01T03:54:54.000Z","0","Komisi III DPR setujui Komjen Pol. Suyudi jadi Kapolri.

#dekade08 #polri #Presisi https://t.co/ZzQ0FGGheT","2105506718184824839","https://pbs.twimg.com/amplify_video_thumb/2105506631366885376/img/IASQpym_QtFSsKve.jpg","","in","","0","0","0","https://x.com/dekade_08/status/2105506718184824839","1576913175227748352","dekade_08"
"2105490263762501912","2026-10-01T03:54:45.000Z","1","@kompascom Siapapun kapolri nya kalau ga bisa memberantas calo calo SIM  selama itu ga akan percaya polisi","2105506679010062472","","kompascom","in","","0","1","0","https://x.com/YRanggenah/status/2105506679010062472","1603846274842693633","YRanggenah"
"2105454134409453949","2026-10-01T03:54:42.000Z","2","@kafiradikalis Makin ketar ketir genk Oslo PKI tuh bro .....
https://t.co/tAroYpgfk3","2105506668356448547","","kafiradikalis","in","","0","0","0","https://x.com/mountainvenus1/status/2105506668356448547","1047668435944001536","mountainvenus1"
"2105506579827073301","2026-10-01T03:54:21.000Z","0","Semoga Kapolri yang bukan dari Gang Solo...
Mengedepankan Pengayoman kepada Masyarakat dan menegakkan Hukum secara benar...
@tempodotco 
@KSPgoid 
@prabowo 
@DivHumas_Polri 
@RepublikaKoran https://t.co/YnddqzH7A6","2105506579827073301","https://pbs.twimg.com/media/HThDEndbIAAjLJM.jpg","","in","","0","0","0","https://x.com/ILHAM2504/status/2105506579827073301","2151149754","ILHAM2504"
"2105506532284874845","2026-10-01T03:54:12.000Z","6","Media Kompas juga sudah mengabarkan berita hasil rapat paripurna DPR RI terkait pergantian Kapolri. https://t.co/lhLzBOLfhX","2105506542128931327","https://pbs.twimg.com/media/HThDCevbsAAt9H-.jpg","zoelfick","in","","0","1","1","https://x.com/zoelfick/status/2105506542128931327","86934018","zoelfick"
"2105506541239689469","2026-10-01T03:54:12.000Z","0","Komisi III DPR setujui Suyudi jadi Kapolri
#kapolri #polisi #suyudi

https://t.co/pghIfL1BiM","2105506541239689469","","","in","","0","0","0","https://x.com/ANTARA_JATENG/status/2105506541239689469","1593242702342414336","ANTARA_JATENG"
"2105506532284874845","2026-10-01T03:54:10.000Z","180","Banyak yang kaget oleh kabar pergantian Kapolri dari Listyo Sigit ke Suyudi. Termasuk di kalangan pers.

Selama reformasi belum pernah ada Kapolri selama Listyo Sigit. Hampir 6 tahun di posisinya.

Sebelumnya yang pernah lama di posisi itu hanya Da'i Bachtiar. https://t.co/xbqPSH9Pgz","2105506532284874845","https://pbs.twimg.com/media/HThDB2xaIAATEZd.jpg","","in","","2","26","22","https://x.com/zoelfick/status/2105506532284874845","86934018","zoelfick"
"2105506521559990318","2026-10-01T03:54:07.000Z","0","Komjen Pol Suyudi Ario Seto Disetujui Komisi III DPR RI Secara Aklamsi Jadi Kapolri https://t.co/xXTPk3Vck2 lewat @Koran Bogor","2105506521559990318","","","in","","0","0","0","https://x.com/martinusnussah/status/2105506521559990318","97858954","martinusnussah"
"2105506476114714974","2026-10-01T03:53:56.000Z","4","Selamat bang Yudi atas penugasan sebagai Kapolri.

""Kami ditempa untuk berani hidup, bukan untuk berani mati""

Tr.049/95

https://t.co/RGVBtIZIuu","2105506476114714974","","","in","","0","0","2","https://x.com/Amotsky/status/2105506476114714974","217651975","Amotsky"
"2105506457945027060","2026-10-01T03:53:52.000Z","0","ALHAMDULILLAH SUDAH ADA KAPOLRI BARU, BAPAK KOMJEN SUYUDI ARIO SETO.","2105506457945027060","","","in","","0","0","0","https://x.com/ChulafaauRasyi3/status/2105506457945027060","1430035992153530382","ChulafaauRasyi3"
"2105499002636734485","2026-10-01T03:53:49.000Z","0","@kompascom Semangat bersih-bersih Polri dari oknum-oknum, Pak Kapolri 🚀","2105506446792335506","","kompascom","in","","0","0","0","https://x.com/OktoberFokusGA/status/2105506446792335506","2092275232195416064","OktoberFokusGA"
"2105490934196801573","2026-10-01T03:53:42.000Z","2","@Mr_MountBlanc @pw_gun udah cukup beliau jadi kapolri terlama sepanjang sejarah, saatnya gantian dengan yg lain","2105506413468590253","","Mr_MountBlanc","in","","0","1","0","https://x.com/ProtonThor/status/2105506413468590253","1894326663455907840","ProtonThor"
"2105308637132709903","2026-10-01T03:53:41.000Z","0","@DedynurPalakka Matilah kalian sebentar lg...
Kapolri di ganti...
Sp lg yg bela???","2105506411316981827","","DedynurPalakka","in","","0","0","0","https://x.com/Rudy5a3a1/status/2105506411316981827","1759745194323591168","Rudy5a3a1"
"2105229517719773526","2026-10-01T03:53:23.000Z","0","@DokterTifa Target awal terjanya kapolri..🤣🤣","2105506337665003700","","DokterTifa","in","","0","0","0","https://x.com/Najwaashafa/status/2105506337665003700","3031467526","Najwaashafa"
"2105506313098969352","2026-10-01T03:53:18.000Z","0","kapolri","2105506313098969352","","","in","","0","0","0","https://x.com/alifebriyanto/status/2105506313098969352","1296717232865566721","alifebriyanto"
"2105506283822727332","2026-10-01T03:53:11.000Z","10","Foto bersama Calon Kapolri Komjen Suyudi dan pimpinan DPR RI

Mantab 😁 https://t.co/rACANfGJvg","2105506283822727332","https://pbs.twimg.com/media/HThCzQza4AAWVn_.jpg","","in","","0","1","0","https://x.com/pw_gun/status/2105506283822727332","825756199","pw_gun"
"2105490465403662582","2026-10-01T03:52:58.000Z","13","@LambeSahamjja Penasaran ini mah yakkk. Apakah kapolri bakalan diganti dgn latarbelakng TNI? 🤣 Tau sendiri jabatan dominan di isi latarbelakng TNI wkwk","2105506230106243400","","LambeSahamjja","in","","0","5","0","https://x.com/CarolsStories/status/2105506230106243400","2082795322552811520","CarolsStories"
"2105503125289476429","2026-10-01T03:52:38.000Z","5","@aniesbaswedan Kaget kapolri di copot Prabowo lewat surpres ke DPR.
Kaget Prabowo serius pisah jalan dgn jkw..
Kaget Anies tiba2 masuk bursa cawapres pengganti Gibran.","2105506146195038665","","aniesbaswedan","in","","0","1","0","https://x.com/HalomoanHa91790/status/2105506146195038665","1766477518784380928","HalomoanHa91790"
"2105506070361944282","2026-10-01T03:52:20.000Z","0","Kapolri yg menjabat bertahun-tahun itu emang udah saatnya di ganti sih, dengan berbagai kasus yang terjadi harusnya uda dr lama doi di ganti dari petinggi  kepolisian","2105506070361944282","","","in","","0","0","0","https://x.com/pomegrantemint/status/2105506070361944282","486481015","pomegrantemint"
"2105506066289274926","2026-10-01T03:52:19.000Z","4","Ketua Komisi III DPR RI Habiburokhman membuka rapat uji kelayakan dan kepatutan calon Kapolri, Kamis (1/10).
Habiburokhman menyatakan kuorum telah terpenuhi dan rapat dinyatakan terbuka.
""Sesuai laporan sekretariat, ini kuorum sudah terpenuhi, sudah ya, bahkan kursinya hampir https://t.co/DN7X0ersta","2105506066289274926","https://pbs.twimg.com/amplify_video_thumb/2105505869828071425/img/XwHUloOP2TD_DsRv.jpg","","in","","0","0","1","https://x.com/mediaindonesia/status/2105506066289274926","68930552","mediaindonesia"
"2105506065861546069","2026-10-01T03:52:19.000Z","46","Pengganti dari Listyo Sigit, Bapak Suyudi Ario Seto sebagai KAPOLRI yang baru https://t.co/HBYXNSHcg6","2105506065861546069","https://pbs.twimg.com/amplify_video_thumb/2105505995111956480/img/UkT85BO8PIfKwIV4.jpg","","in","","2","26","20","https://x.com/AlejandroAyubi/status/2105506065861546069","2049123813976358912","AlejandroAyubi"
"2105506041928790259","2026-10-01T03:52:13.000Z","1","Komjen Suyudi Ario Seto disetujui Komisi III DPR jadi Kapolri baru, siap dilantik Presiden bersamaan reshuffle kabinet, 1 Oktober 2026.

""Aklamasi 8 Fraksi DPR RI, Komjen Suyudi Segera Dilantik Menjadi Kapolri Baru Gantikan Listyo Sigit Prabowo"" https://t.co/LdWixbsEmf","2105506041928790259","","","in","","0","0","0","https://x.com/PR_Kuningan/status/2105506041928790259","1337831150287384576","PR_Kuningan"
"2105506024203682049","2026-10-01T03:52:09.000Z","37","Listyo Sigit Prabowo, Pria kelahiran Laha, Teluk Ambon, Ambon, Maluku, Indonesia pada tanggal 5 Mei 1969, hari ini resmi diberhentikan dari jabatan Kapolri.
Surpres Nomor R57/Pres/2026 bertanggal 30 September 2026 yang diusulkan oleh Presiden RI Prabowo Subianto resmi https://t.co/XwfD761rL2","2105506024203682049","https://pbs.twimg.com/media/HTg_f1Lb0AAfOCW.png","","in","","3","7","12","https://x.com/UtomoMongso/status/2105506024203682049","2071469540035506176","UtomoMongso"
"2105489743236722899","2026-10-01T03:52:00.000Z","4","@abu_waras Alhamdulillah akhirnya kapolri diganti nah gitu dong pak @prabowo @Gerindra sesekali bikin rakyat bahagia senang kek gini. 

Rakyat Menunggu keberanian pak prabowo selanjutnya ditunggu giliran semua mentri titipan jokowi secepatnya didepak dari kabinet merah putih.","2105505987352289561","","abu_waras","in","","0","1","0","https://x.com/Ga89684Galeh/status/2105505987352289561","1831587503700152320","Ga89684Galeh"
"2105505873762361774","2026-10-01T03:51:33.000Z","7","Mendadak 🤔

https://t.co/M28LgSYylF","2105505873762361774","","","in","","0","2","2","https://x.com/evelyndewi7/status/2105505873762361774","1585843448434765830","evelyndewi7"
"2105505867793895548","2026-10-01T03:51:31.000Z","0","Prabowo Ganti Kapolri dari Jenderal Sigit ke Komjen Suyudi Ario Seto, DPR Segera Proses!
https://t.co/4fRdYIYNfD","2105505867793895548","","","in","","0","0","0","https://x.com/HMJUSUFRIZAL/status/2105505867793895548","368972049","HMJUSUFRIZAL"
"2105495760162967750","2026-10-01T03:51:21.000Z","1","@riekediahp LSP jd kapolri sudah terlalu lama, wajar diganti neng.. siap tidak siap yaaaaaa siap 😋","2105505825443991959","","riekediahp","in","","0","0","0","https://x.com/maureen_hdc/status/2105505825443991959","272062289","maureen_hdc"
"2105505780661473662","2026-10-01T03:51:11.000Z","0","Prabowo Ganti Kapolri dari Jenderal Sigit ke Komjen Suyudi Ario Seto, DPR Segera Proses!
https://t.co/3fVwwu0WFm","2105505780661473662","","","in","","0","0","0","https://x.com/LIRANEWSCOM1/status/2105505780661473662","712956188","LIRANEWSCOM1"
"2105505756871299570","2026-10-01T03:51:05.000Z","1","2. Pergantian kapolri hal biasa yaa Tim @mnctrijaya . Yang kagak biasa media &amp; orang2 ttt di NKRI yg mempolitisir sosok Kapolri @ListyoSigitP apalagi saat rusuh &amp; pasca rusuh. | @officialinews_  @SINDOnews  @divhumas_polri @CCICPOLRI @dpr_ri @pdemokrat @pdi_perjuangan @gerindra https://t.co/FH4jUgurqn","2105505756871299570","https://pbs.twimg.com/media/HThCU0ebMAAV750.jpg","","in","","0","0","1","https://x.com/intanalyze/status/2105505756871299570","218477659","intanalyze"
"2105505711702908973","2026-10-01T03:50:54.000Z","0","Wow… Kapolri dganti melalui surat dr Presiden..
Semoga menjadi lebih baik.. https://t.co/SexOerZosJ","2105505711702908973","https://pbs.twimg.com/amplify_video_thumb/2105505638625550336/img/IE43KLihC4MtnDAd.jpg","","in","","0","0","0","https://x.com/Drakunyet/status/2105505711702908973","234259982","Drakunyet"
"2105505696595034280","2026-10-01T03:50:51.000Z","2","Tugas Kapolri Baru..Targetnya Usut Tuntas Pelaku2 Pengguna Ijazah Bodong ..👍","2105505696595034280","","","in","","0","0","2","https://x.com/Opiniku95098012/status/2105505696595034280","1645282016706064384","Opiniku95098012"
"2105505689443741845","2026-10-01T03:50:49.000Z","0","Prabowo Ganti Kapolri dari Jenderal Sigit ke Komjen Suyudi Ario Seto, DPR Segera Proses!
https://t.co/zuq9KjkTO9","2105505689443741845","","","in","","0","0","0","https://x.com/SATULSM_LIRA/status/2105505689443741845","818241864813842432","SATULSM_LIRA"
"2105505637056823466","2026-10-01T03:50:36.000Z","0","Berita baiknya Kapolri diganti
Berita buruknya DPR aklamasi","2105505637056823466","","","in","","0","0","0","https://x.com/ngebolanglagi/status/2105505637056823466","1485574313906688005","ngebolanglagi"
"2105505573529604581","2026-10-01T03:50:21.000Z","2","Sah KAPOLRI baru, selamat bertugas https://t.co/t2tMhYL7tZ","2105505573529604581","https://pbs.twimg.com/amplify_video_thumb/2105490780941099009/img/ngQpo1hCg6g1W2jV.jpg","","in","","0","1","0","https://x.com/aminsandolong/status/2105505573529604581","117755078","aminsandolong"
"2105495498929131907","2026-10-01T03:50:17.000Z","4","@LambeSahamjja Smoga calon Kapolri yg baru ini lebih baik, lebih adil, lebih netral drpd sebelum2nya serta benar2 bersih dari interaksi politik praktis, smoga tdk begitu byk lagi kejadian2 yg memalukan dan mengotori institusi ini oleh oknum2, sehingga Institusi polisi bisa di cintai Rakyat🤲","2105505556727578932","","LambeSahamjja","in","","0","0","0","https://x.com/Ay09359469/status/2105505556727578932","1017753547390111747","Ay09359469"
"2105501826456109057","2026-10-01T03:44:22.000Z","38","@idextratime Kelamaan jg itu Listyo, Kapolri terlama kedua yg pernah ada. Idealnya yg jd Kapolri itu 3-4 tahun, lah dia hampir 6 tahun. Secara manajemen SDM terkait regenerasinya jd jelek. Penggantinya pun sbenarnya sdh dipersiapkan Prabowo dr lama dg menaruh Suyudi jd Kepala BNN dulu.","2105504067497996346","","idextratime","in","","0","2","0","https://x.com/NobeArk/status/2105504067497996346","1885928391486111744","NobeArk"
"2105503998770098326","2026-10-01T03:44:06.000Z","0","selain pak listyo, siapa kapolri yang selesai masa jabatannya karena diberhentikan presiden? bukan karena masuk masa purna bhakti.","2105503998770098326","","","in","","0","1","0","https://x.com/Ilhammsaputra/status/2105503998770098326","125899380","Ilhammsaputra"
"2105503951147962800","2026-10-01T03:43:54.000Z","8","Jenderal Listyo Sigit Prabowo lahir 5 Mei 1969. Normally, berdasarkan batas usia pensiun (BUP) perwira Polri, akhir masa jabatannya bergantung pada acuan undang-undang yang digunakan:
- Berdasarkan aturan lama (usia pensiun perwira Polri 58 tahun), masa dinas aktif beliau","2105503951147962800","","","in","","1","5","3","https://x.com/Mr_MountBlanc/status/2105503951147962800","78260254","Mr_MountBlanc"
"2105503941870129407","2026-10-01T03:43:52.000Z","1","Usai Uji Kelayakan di Senayan, Komisi III DPR Sepakati Suyudi Ario Seto Jadi Kapolri

https://t.co/X18GiUaVBj","2105503941870129407","","","in","","0","0","0","https://x.com/merdekadotcom/status/2105503941870129407","456426648","merdekadotcom"
"2105503906872844529","2026-10-01T03:43:49.000Z","0","Ia menggantikan Jenderal (Purn) Idham Aziz yang memasuki masa pensiun. Masa jabatan yang mencapai enam tahun membuat Listyo Sigit menjadi Kapolri terlama sepanjang era Reformasi.","2105503927206900137","","PaisleyGQCS43K","in","","0","1","0","https://x.com/PaisleyGQCS43K/status/2105503927206900137","2086549110715203584","PaisleyGQCS43K"
"2105503906872844529","2026-10-01T03:43:48.000Z","0","Ia kemudian menjadi Kapolda Banten pada 2016, Kadiv Propam Polri pada 2018, dan Kabareskrim Polri pada 2019. Puncaknya, Listyo dilantik sebagai Kapolri pada 21 Januari 2021.","2105503925113848198","","PaisleyGQCS43K","in","","0","1","0","https://x.com/PaisleyGQCS43K/status/2105503925113848198","2086549110715203584","PaisleyGQCS43K"
"2105492419882185125","2026-10-01T03:43:47.000Z","3","@SudutTakKasat Jadi Perang Dunia nih.. Dijatah Jokowi cuma  2 th jadi RI 1 kok malah kebalik cuma 2 th kasih jatah Menteri &amp; Kapolri ke Genk Jokowi..","2105503918600102125","","SudutTakKasat","in","","0","1","0","https://x.com/Siswotomo187571/status/2105503918600102125","1749024455400304640","Siswotomo187571"
"2105503906872844529","2026-10-01T03:43:46.000Z","0","""Maka sesuai dengan barusan digelar Badan Musyawarah DPR, hari ini 1 Oktober pagi, menugaskan Komisi III DPR melaksanakan uji kelayakan terhadap Komjen Suyudi, calon Kapolri,"" katanya. ""Apakah disepakati? Setuju,"" imbuh Habiburokhman.","2105503915261534506","","PaisleyGQCS43K","in","","0","1","0","https://x.com/PaisleyGQCS43K/status/2105503915261534506","2086549110715203584","PaisleyGQCS43K"
"2105503906872844529","2026-10-01T03:43:45.000Z","0","Senayan, Jakarta, Kamis (1/10/2026). Habiburokhman mengatakan, calon Kapolri yang akan diuji kelayakan adalah Komjen Suyudi yang saat ini menjabat Kepala BNN.","2105503913021776062","","PaisleyGQCS43K","in","","0","1","0","https://x.com/PaisleyGQCS43K/status/2105503913021776062","2086549110715203584","PaisleyGQCS43K"
"2105503906872844529","2026-10-01T03:43:45.000Z","0","""Pagi ini pimpinan DPR mendapat Surpres kepada Ketua DPR Nomor R57/Surpres/09/2026 tertanggal 30 September 2026 perihal usulan pemberhentian dari jabatan Kapolri dan pengangkatan dalam jabatan Kapolri,"" ujar Ketua Komisi III DPR Habiburokhman dalam jumpa pers di Gedung DPR,","2105503910823944417","","PaisleyGQCS43K","in","","0","1","0","https://x.com/PaisleyGQCS43K/status/2105503910823944417","2086549110715203584","PaisleyGQCS43K"
"2105503906872844529","2026-10-01T03:43:44.000Z","0","Presiden Prabowo Subianto mengirim Surat Presiden (Surpres) kepada DPR untuk memberhentikan Kapolri Jenderal Listyo Sigit Prabowo.","2105503908919713958","","PaisleyGQCS43K","in","","0","1","0","https://x.com/PaisleyGQCS43K/status/2105503908919713958","2086549110715203584","PaisleyGQCS43K"
"2105503906872844529","2026-10-01T03:43:44.000Z","0","Prabowo Kirim Surpres Pemberhentian Kapolri Jenderal Listyo Sigit

#PrabowoSubianto #TerimakasihPakBowo #StillPrabowo

https://t.co/miyAozoKfh","2105503906872844529","","","in","","0","1","0","https://x.com/PaisleyGQCS43K/status/2105503906872844529","2086549110715203584","PaisleyGQCS43K"
"2105498310484312143","2026-10-01T03:43:44.000Z","0","@kumparan Jangan jangan pengganti nya 11 12 sama kapolri sebelum nya yakni Listyo Sigit yang melindungi jokodog dari kasus ijazah palsu Jokowi 🙄","2105503906067607778","","kumparan","in","","0","0","0","https://x.com/NasQorni/status/2105503906067607778","965595348944039936","NasQorni"
"2105503902410108966","2026-10-01T03:43:43.000Z","3","Komisi III DPR menyetujui Komjen Pol Suyudi Ario Seto menjadi calon Kapolri menggantikan Jenderal Listyo Sigit Prabowo, Kamis (1/10/2026).

Hal tersebut terjadi setelah Presiden Prabowo Subianto menunjuk langsung Suyudi menjadi Kapolri.

Komisi III DPR langsung menyelenggarakan https://t.co/Hk8W5GARJt","2105503902410108966","https://pbs.twimg.com/amplify_video_thumb/2105503726337454080/img/kbuVKy6kUhSxV2qH.jpg","","in","","0","1","0","https://x.com/kompascom/status/2105503902410108966","23343960","kompascom"
"2105503891945402400","2026-10-01T03:43:40.000Z","27","guys lu pada tau gak nih
pengamat kepolisian dari isess bambang rukminto nilai hukum tebang pilih dan rawan konflik kepentingan jadi pr paling gede buat komjen suyudi ario seto pas nanti jadi kapolri

katanya ""pr paling besar di polri saat ini terkait dengan penegakan hukum yang https://t.co/q2ukxA4YLx","2105503891945402400","https://pbs.twimg.com/media/HThAhGobAAEdOr-.jpg","","in","","0","7","2","https://x.com/LambeSahamjja/status/2105503891945402400","1772323119111487490","LambeSahamjja"
"2105503795455144263","2026-10-01T03:43:17.000Z","301","Alhamdulillah diganti : Komjen Sayudi jadi Kapolri gantikan listyo sigit 🔥🔥 https://t.co/nhdj2hmt2X","2105503795455144263","https://pbs.twimg.com/media/HThAikTb0AAyM6l.jpg","","in","","6","65","49","https://x.com/KangManto123/status/2105503795455144263","947632364003368961","KangManto123"
"2105503730691133605","2026-10-01T03:43:02.000Z","4","BREAKING: Kapolri Listyo Sigit diganti oleh Kepala BNN Komjen Suyudi Ario Seto. Telah disetujui oleh Presiden

Pantes aja Listyo Sigit belakangan sering main ke pesantren sama serikat buruh ya 🙂 https://t.co/N88naQ6ULW","2105503730691133605","https://pbs.twimg.com/media/HThAeluacAAhNgt.jpg","","in","","0","0","0","https://x.com/ArfZulfikar/status/2105503730691133605","197774932","ArfZulfikar"
"2105501959947948393","2026-10-01T03:42:46.000Z","1","@jarworq Kapolri mau diganti cuy","2105503665058722040","","jarworq","in","","0","1","0","https://x.com/PramestiHilya/status/2105503665058722040","1624263761422086144","PramestiHilya"
"2105503654686142841","2026-10-01T03:42:44.000Z","0","Baca di sini: https://t.co/kaJrCd650q

Komisi III DPR RI menggelar uji kelayakan dan kepatutan terhadap Komisaris Jenderal Polisi Suyudi Ario Seto sebagai calon Kepala Kepolisian Negara Republik Indonesia (Kapolri), Kamis (1/10/2026).

~KQ #Kapolri #SuyudiArioSeto https://t.co/L8uKBMnCKh","2105503654686142841","https://pbs.twimg.com/media/HThAQBvbgAAs2XY.jpg","","in","","0","0","0","https://x.com/kompascom/status/2105503654686142841","23343960","kompascom"
"2105503627670704569","2026-10-01T03:42:37.000Z","0","Komisi III DPR RI menyetujui Komjen Polisi Suyudi Ario Seto menjadi Kepala Kepolisian Negara Republik Indonesia (Kapolri). Ia menggantikan Jenderal Polisi Listyo Sigit Prabowo yang menjabat sejak 27 Januari 2021.  Komjen Suyudi saat ini menjabat Kepala BNN. Baca di link bio https://t.co/m4nDYC9EjN","2105503627670704569","https://pbs.twimg.com/media/HThAYznaYAELtry.jpg","","in","","0","0","0","https://x.com/gokepri/status/2105503627670704569","1291204198244073473","gokepri"
"2105503603339431957","2026-10-01T03:42:32.000Z","2","Apakah tahun ini akan menjadi tahun tersingkirnya Listyo Sigit?

Komisi III DPR menyetujui Komjen Pol Suyudi Ario Seto sebagai Kapolri menggantikan Jenderal Listyo Sigit Prabowo.

Keputusan tersebut diambil dalam rapat pleno setelah Suyudi menjalani uji kelayakan dan kepatutan https://t.co/FKVyyju3Wg","2105503603339431957","https://pbs.twimg.com/amplify_video_thumb/2105503539988721665/img/h2wz5k1IAKlZD0eo.jpg","","in","","1","0","0","https://x.com/neVerAl0nely___/status/2105503603339431957","1282751327588585473","neVerAl0nely___"
"2105503571114635774","2026-10-01T03:42:24.000Z","4","Komisi III DPR RI secara resmi memberikan persetujuan terhadap Komjen Suyudi Ario Seto sebagai calon kapolri yang diusulkan oleh Presiden Prabowo Subianto, Kamis (1/10/2026). Suyudi disetujui secara aklamasi.

Keputusan ini diambil melalui proses yang cepat dalam rapat uji https://t.co/g3zIPTmUcb","2105503571114635774","https://pbs.twimg.com/media/HThAUE5a4AEUrPw.jpg","","in","","0","0","2","https://x.com/suaradotcom/status/2105503571114635774","2340155395","suaradotcom"
"2105503562914738382","2026-10-01T03:42:22.000Z","0","Sat set juga nunjuk kapolri baru","2105503562914738382","","","in","","0","0","0","https://x.com/febyandrian_/status/2105503562914738382","191801049","febyandrian_"
"2105503012366229669","2026-10-01T03:42:15.000Z","1","@OmJ_J3Nggott Jadi fix Kapolri bakal diganti...bukannya digadang smp 2027?","2105503535064547338","","OmJ_J3Nggott","in","","0","0","0","https://x.com/DermagaGarely/status/2105503535064547338","1513694552443727873","DermagaGarely"
"2105502518356967770","2026-10-01T03:42:09.000Z","0","@unmagnetism selamat buat kapolri baru bapak suyudi, semoga amanah! 🙏","2105503507164086515","","unmagnetism","in","","0","0","0","https://x.com/andrids/status/2105503507164086515","85011287","andrids"
"2105503507096985877","2026-10-01T03:42:09.000Z","0","Udah siap belum? Pucuk pimpinan Polri berganti.

Presiden Prabowo Subianto menerbitkan Surat Presiden (Surpres) Nomor R57/Pres/2026 tertanggal 30 September 2026. Isinya: usulan pemberhentian Jenderal Polisi Listyo Sigit Prabowo dari jabatan Kapolri, sekaligus pengangkatan Kepala","2105503507096985877","","","in","","0","0","0","https://x.com/0KTAV1ANUSK0K0H/status/2105503507096985877","2082792899717267456","0KTAV1ANUSK0K0H"
"2105503489220890764","2026-10-01T03:42:04.000Z","0","Kapolri baru akankah memandulkan kekuasaan Jokowi dan keluarganya?","2105503489220890764","","","in","","0","0","0","https://x.com/AinurRafiq78/status/2105503489220890764","593636764","AinurRafiq78"
"2105492419882185125","2026-10-01T03:41:59.000Z","0","@Valar_morghuli5 iya betul karna kapolri abadi kan dia","2105503467829879228","","Valar_morghuli5","in","","0","0","0","https://x.com/SudutTakKasat/status/2105503467829879228","1680107892417126406","SudutTakKasat"
"2105503443431633371","2026-10-01T03:41:53.000Z","10","BREAKING NEWS: Jenderal Listyo Sigit Prabowo diberhentikan jadi Kapolri oleh Prabowo, digantikan oleh Komjen Pol. Suyudi Ario Seto.

#SuyudiArioSeto #Kapolri #KomisiIIIDPR https://t.co/ZSUBXaFnw2","2105503443431633371","https://pbs.twimg.com/media/HThAOFHacAA3A9u.jpg","","in","","1","0","0","https://x.com/oqforwhat/status/2105503443431633371","1456748460745453571","oqforwhat"
"2105435454124556344","2026-10-01T03:41:47.000Z","2","@jusdalle Apa ada kaitan kapolri di ganti?  Karena nyolek kader nya dia","2105503418353938902","","jusdalle","in","","0","1","0","https://x.com/alfinlee5/status/2105503418353938902","1264734396","alfinlee5"
"2105502689513832919","2026-10-01T03:41:46.000Z","16","Baca: 
https://t.co/RS4l2gX3lH","2105503411726934345","","tempodotco","in","","1","0","4","https://x.com/tempodotco/status/2105503411726934345","18129942","tempodotco"
"2105503366906626434","2026-10-01T03:41:35.000Z","0","Gantikan Listyo Sigit, Suyudi Ario Seto Selangkah Lagi Resmi Jadi Kapolri https://t.co/tdH3koGYkY","2105503366906626434","","","in","","0","0","0","https://x.com/gokepri/status/2105503366906626434","1291204198244073473","gokepri"
"2105503319980728561","2026-10-01T03:41:24.000Z","19","Listyo Sigit diberhentikan, Komisi III DPR setujui Suyudi jadi Kapolri.

Pikiran liarku: jangan-jangan kongsi Genk Solo &amp; Genk Bojong Koneng mulai pecah.

Listyo Sigit kan tangan kanannya Pak Owi di masanya. Selama beliau menjabat, rasanya aman-aman saja pihak Genk Solo. Hukum","2105503319980728561","https://pbs.twimg.com/amplify_video_thumb/2105496926271754240/img/Dv8iwUb13oFGEyFn.jpg","","in","","0","9","4","https://x.com/elpichichiiiiii/status/2105503319980728561","2092460615843602432","elpichichiiiiii"
"2105452122410254590","2026-10-01T03:41:12.000Z","0","@JackMessiWidodo @gibran @gibran_tweet @jokowi Sy lemes ajapas Ultah kok malah kapolri kesayanganku dicopot.. https://t.co/nXKQZiDViu","2105503269414187324","https://pbs.twimg.com/media/HThAECIbwAAV131.jpg","JackMessiWidodo","in","","0","1","0","https://x.com/Nama_Twitku/status/2105503269414187324","1475033224724160513","Nama_Twitku"
"2105503258597069075","2026-10-01T03:41:09.000Z","1676","Calon Kapolri, Komjen Pol Suyudi Ario Seto, konon kabarnya bakal menggantikan Listyo.

Yang didepan itu bandarnya kah ?! https://t.co/YU5ZRGW7zk","2105503258597069075","https://pbs.twimg.com/amplify_video_thumb/2105503214166851585/img/cCjS4LzHJh_v0esF.jpg","","in","","33","152","195","https://x.com/creeping5ilence/status/2105503258597069075","1100609875","creeping5ilence"
"2105490465403662582","2026-10-01T03:41:06.000Z","186","@LambeSahamjja Terlepas gendang perang sudah ditabuh pecah kongsi, tapi emang si Listyo ini sudah terlalu lama jadi Kapolri sudah saatnya turun dia 

Next si Beler Gibran dan Prabowo","2105503246064423178","","LambeSahamjja","in","","0","1","4","https://x.com/_Bakemono/status/2105503246064423178","1624555531","_Bakemono"
"2105502518356967770","2026-10-01T03:40:52.000Z","1","@unmagnetism Kenapa Kapolri Listyo Sigit diganti???
https://t.co/37Mqn8JIQB","2105503187595907584","","unmagnetism","in","","0","0","0","https://x.com/DalamDunia888/status/2105503187595907584","2041352553317761024","DalamDunia888"
"2105503169887519170","2026-10-01T03:40:48.000Z","62","BREAKING NEWS!

PRABOWO MENGAJUKAN KOMJEN SUYUDI MENGGANTIKAN JENDERAL POL LISTYO SIGIT SEBAGAI KAPOLRI. 

Saat ini sedang fit and propper test di DPR RI￼.

Orang-orang geng SOLO tampaknya mau diberangus!","2105503169887519170","","","in","","1","12","7","https://x.com/sibambaang/status/2105503169887519170","1079734702414516225","sibambaang"
"2105501826456109057","2026-10-01T03:40:35.000Z","67","@idextratime Terlepas gendang perang sudah ditabuh pecah kongsi, tapi emang si Listyo ini sudah terlalu lama jadi Kapolri sudah saatnya turun dia 

Next si Beler Gibran dan Prabowo","2105503113776087047","","idextratime","in","","0","0","0","https://x.com/_Bakemono/status/2105503113776087047","1624555531","_Bakemono"
"2105492434427969810","2026-10-01T03:40:13.000Z","1","@abulmuzaffar10 @CiptaBuana_ itulah akibat milih Kapolri terlalu muda jadi lama nunggu masa pensiun nya, paling abis ini jadi menteri","2105503020201218153","","abulmuzaffar10","in","","0","0","0","https://x.com/Encunggggg/status/2105503020201218153","292140688","Encunggggg"
"2105503012366229669","2026-10-01T03:40:11.000Z","137","Prabowo Memotong kuku Jokowi ?

Habiburrahman:
surpres dari Presiden Prabowo ke DPR Nomor R57/Pres/09/2026 tanggal 30 Sept 2026 perihal usulan pemberhentian dan pengangkatan Kapolri

Info A1 pada 20 juli rencana penggantian kapolri akhir Agustus
meleset tipis 1 Okto 2026 https://t.co/fWGPmryoLW","2105503012366229669","https://pbs.twimg.com/amplify_video_thumb/2105502828316041216/img/nVfjuAxuDBCIOZ7N.jpg","","in","","2","42","33","https://x.com/OmJ_J3Nggott/status/2105503012366229669","721590341669748736","OmJ_J3Nggott"
"2105502990123913383","2026-10-01T03:40:10.000Z","0","Masa jabatan yang mencapai enam tahun membuat Listyo Sigit menjadi Kapolri terlama sepanjang era Reformasi. Ia melampaui Jenderal (Purn) Da’i Bachtiar yang memimpin Polri sejak 29 November 2001 hingga 7 Juli 2005.","2105503011443474448","","AdrianaCXBM18E","in","","0","0","0","https://x.com/AdrianaCXBM18E/status/2105503011443474448","2086548389668311041","AdrianaCXBM18E"
"2105502990123913383","2026-10-01T03:40:10.000Z","0","Ia kemudian menjadi Kapolda Banten pada 2016, Kadiv Propam Polri pada 2018, dan Kabareskrim Polri pada 2019. Puncaknya, Listyo dilantik sebagai Kapolri pada 21 Januari 2021. Ia menggantikan Jenderal (Purn) Idham Aziz yang memasuki masa pensiun.","2105503009455366605","","AdrianaCXBM18E","in","","0","1","0","https://x.com/AdrianaCXBM18E/status/2105503009455366605","2086548389668311041","AdrianaCXBM18E"
"2105502990123913383","2026-10-01T03:40:07.000Z","0","""Maka sesuai dengan barusan digelar Badan Musyawarah DPR, hari ini 1 Oktober pagi, menugaskan Komisi III DPR melaksanakan uji kelayakan terhadap Komjen Suyudi, calon Kapolri,"" katanya. ""Apakah disepakati? Setuju,"" imbuh Habiburokhman.","2105502998491500832","","AdrianaCXBM18E","in","","0","1","0","https://x.com/AdrianaCXBM18E/status/2105502998491500832","2086548389668311041","AdrianaCXBM18E"
"2105502990123913383","2026-10-01T03:40:07.000Z","0","Senayan, Jakarta, Kamis (1/10/2026). Habiburokhman mengatakan, calon Kapolri yang akan diuji kelayakan adalah Komjen Suyudi yang saat ini menjabat Kepala BNN.","2105502996335641018","","AdrianaCXBM18E","in","","0","1","0","https://x.com/AdrianaCXBM18E/status/2105502996335641018","2086548389668311041","AdrianaCXBM18E"
"2105502990123913383","2026-10-01T03:40:06.000Z","0","""Pagi ini pimpinan DPR mendapat Surpres kepada Ketua DPR Nomor R57/Surpres/09/2026 tertanggal 30 September 2026 perihal usulan pemberhentian dari jabatan Kapolri dan pengangkatan dalam jabatan Kapolri,"" ujar Ketua Komisi III DPR Habiburokhman dalam jumpa pers di Gedung DPR,","2105502994284568998","","AdrianaCXBM18E","in","","0","1","0","https://x.com/AdrianaCXBM18E/status/2105502994284568998","2086548389668311041","AdrianaCXBM18E"
"2105502990123913383","2026-10-01T03:40:06.000Z","0","Presiden Prabowo Subianto mengirim Surat Presiden (Surpres) kepada DPR untuk memberhentikan Kapolri Jenderal Listyo Sigit Prabowo.","2105502992128729412","","AdrianaCXBM18E","in","","0","1","0","https://x.com/AdrianaCXBM18E/status/2105502992128729412","2086548389668311041","AdrianaCXBM18E"
"2105502990123913383","2026-10-01T03:40:05.000Z","0","Prabowo Kirim Surpres Pemberhentian Kapolri Jenderal Listyo Sigit

#PrabowoSubianto #TerimakasihPakBowo #StillPrabowo

https://t.co/vBA5Hz9Tqq","2105502990123913383","","","in","","0","1","0","https://x.com/AdrianaCXBM18E/status/2105502990123913383","2086548389668311041","AdrianaCXBM18E"
"2105492738351530484","2026-10-01T03:39:58.000Z","6","@kompascom Mau kapolri ganti ping suwidak njaran, ga bakal berubah itu lembaga, sebagian besar isinya garong semua 🤡","2105502960214237629","","kompascom","in","","0","1","0","https://x.com/Anissa1Q/status/2105502960214237629","964129970","Anissa1Q"
"2105405488481665086","2026-10-01T03:39:56.000Z","0","@Rizai__ Yo emang gapopo...santai wae...
Cuma kok pas aku ultah kapolri dicopot e ...kan lemes aku.. https://t.co/X85hL3l78H","2105502949820780721","https://pbs.twimg.com/media/HTg_xaobkAAGy8Y.jpg","Rizai__","in","","0","0","0","https://x.com/Nama_Twitku/status/2105502949820780721","1475033224724160513","Nama_Twitku"
"2105499810124145148","2026-10-01T03:39:41.000Z","9","@LambeSahamjja Kenapa Kapolri Listyo Sigit diganti???
https://t.co/37Mqn8JIQB","2105502886599999980","","LambeSahamjja","in","","0","0","1","https://x.com/DalamDunia888/status/2105502886599999980","2041352553317761024","DalamDunia888"
"2105502870988845557","2026-10-01T03:39:37.000Z","0","Komjen Suyudi Disetujui DPR Jadi Kapolri Pengganti Listyo Sigit https://t.co/w1cTkmqWWd #KomjenSuyudi lewat @jpnncom","2105502870988845557","","","in","","0","0","0","https://x.com/FathraNazrul/status/2105502870988845557","100174047","FathraNazrul"
"2105502805742277116","2026-10-01T03:39:21.000Z","2","Wew turun tahta juga akhirnya Bapak Kapolri yang satu itu","2105502805742277116","","","in","","0","0","0","https://x.com/eiw_18/status/2105502805742277116","1353993758","eiw_18"
"2105502790445322744","2026-10-01T03:39:18.000Z","0","DPR Terima Surat Pemberhentian Listyo Sigit, Kapolri Baru Disetujui https://t.co/DAMpyHLRkb","2105502790445322744","","","in","","0","0","0","https://x.com/Harian_Jogja/status/2105502790445322744","118371948","Harian_Jogja"
"2105490263762501912","2026-10-01T03:39:17.000Z","7","@kompascom Kayanya kapolri SDH merasa akan dicopot, makanya merapat ke ulama.","2105502786330996956","","kompascom","in","","0","0","1","https://x.com/chusnulhadiset1/status/2105502786330996956","710635383139278850","chusnulhadiset1"
"2105502741087080663","2026-10-01T03:39:06.000Z","0","Apa harapan kalian untuk KAPOLRI yang baru guyss?","2105502741087080663","","","in","","0","0","0","https://x.com/AerisLiakey/status/2105502741087080663","1260853993279901697","AerisLiakey"
"2105502707805253895","2026-10-01T03:38:58.000Z","2","Melalui rapat paripurna singkat, DPR secara resmi menyetujui penunjukan Komisaris Jenderal Suyudi Ario Seto sebagai Kapolri yang baru pada Kamis (1/10/2026), menggantikan Jenderal Polisi Listyo Sigit Prabowo.

Simak selengkapnya: https://t.co/RXvDB8GRx1 https://t.co/P5rXbXLupU","2105502707805253895","https://pbs.twimg.com/media/HTg_g8WaQAEIK7T.jpg","","in","","0","1","1","https://x.com/BloombergTZ/status/2105502707805253895","1582972008479920129","BloombergTZ"
"2105502689513832919","2026-10-01T03:38:54.000Z","581","Kepala BNN Komjen Suyudi Ario Seto dipilih menjadi calon Kapolri menggantikan Jenderal Listyo Sigit Prabowo. Tempo menuliskan rencana penggantian ini tahun lalu. Ada peran Wakil Ketua DPR Sufmi Dasco Ahmad. 👇","2105502689513832919","","","in","","8","17","100","https://x.com/tempodotco/status/2105502689513832919","18129942","tempodotco"
"2105499063294812459","2026-10-01T03:38:52.000Z","1","@its__Arthur19 Kapolri jabatan krusial ini, tarik menarik pasti alot dibelakangnya.","2105502680416456907","","its__Arthur19","in","","0","1","0","https://x.com/Handozichain/status/2105502680416456907","1630457228309463040","Handozichain"
"2105288490619633896","2026-10-01T03:38:51.000Z","0","@indepenSumatera KAPOLRI Sulistyo Sigit sudah diganti dg Komjen Suyudi.","2105502677031690329","","indepenSumatera","in","","0","0","0","https://x.com/EkoJuliantcpue/status/2105502677031690329","2095691261026213888","EkoJuliantcpue"
"2105501949277909037","2026-10-01T03:35:57.000Z","0","KAPOLRI ya bang  ternyata?","2105501949277909037","","","in","","0","1","0","https://x.com/rajaminyak_oil/status/2105501949277909037","112722944","rajaminyak_oil"
"2105492738351530484","2026-10-01T03:35:19.000Z","1","@kompascom Jokowi mrh nih KLO ganti kapolri anaknya dan BPK nya bisa kena hukum","2105501788799705328","","kompascom","in","","0","0","0","https://x.com/jamalkobain666_/status/2105501788799705328","1491964091883085824","jamalkobain666_"
"2105466294133035156","2026-10-01T03:35:02.000Z","41","@ListyoSigitP Bapak gagal total menjadi Kapolri  selama menjabat 5 Th. Lingkungan tidak aman banyak curanmor, begal, depcolector dimana2 main rampas, penipuan, judol, korupsi dari tingkat daerah sampai pusat, parkir liar, ormas menjamur. Anda hanya sukses menjadi alat pemilu prabowo gibran.","2105501719044231414","","ListyoSigitP","in","","0","5","1","https://x.com/AjieNdoro/status/2105501719044231414","1558597547647979520","AjieNdoro"
"2105487043216425308","2026-10-01T03:34:45.000Z","1","@yuddychrisnandi Selamat atas hadirnya Kapolri baru, Komjen Suyudi AS. Semoga dengan pengalaman dan profesionalismenya, Polri semakin kuat, humanis, dan dekat dengan rakyat. Terus melindungi, mengayomi, dan melayani masyarakat. 🇮🇩👮‍♂️","2105501645761290394","","yuddychrisnandi","in","","0","0","0","https://x.com/Sheilla_Yos/status/2105501645761290394","1266516065372135426","Sheilla_Yos"
"2105308637132709903","2026-10-01T03:34:43.000Z","0","@DedynurPalakka Tanda² KERUNTUHAN DIMULAI....MENDEKATI TGL 20 OKT....

KAPOLRI AKAN DIGANTI....., TANDA² AKAN TERJADI RESHUFLE KABINET.

#PECAHKONGSI","2105501639801221177","","DedynurPalakka","in","","0","0","0","https://x.com/Hyun_Son_iL/status/2105501639801221177","1705799703097745408","Hyun_Son_iL"
"2105501637595017476","2026-10-01T03:34:43.000Z","0","Komjen Suyudi Fit and Proper Test Kapolri, Listyo Sigit Masih Dampingi Prabowo di Lubang Buaya
https://t.co/agB2SJpkQd","2105501637595017476","","","in","","0","0","0","https://x.com/officialinews_/status/2105501637595017476","132078023","officialinews_"
"2105501553386017195","2026-10-01T03:34:23.000Z","1","Breaking News: DPR Setujui Komjen Suyudi Ario Seto Jadi Kapolri
https://t.co/0MKIaY3bT1","2105501553386017195","","","in","","0","0","0","https://x.com/officialinews_/status/2105501553386017195","132078023","officialinews_"
"2105501544586084719","2026-10-01T03:34:21.000Z","0","Kita punya KAPOLRI baru https://t.co/xncOPSwQY4","2105501544586084719","https://pbs.twimg.com/media/HTg-fYlagAAHyvR.jpg","","in","","0","0","0","https://x.com/ags_irwansyah/status/2105501544586084719","473607941","ags_irwansyah"
"2105501542120128542","2026-10-01T03:34:20.000Z","0","Data bukan sekadar angka di tabel. Dari wawancara di lapangan sampai jadi statistik,setiap jawaban punya cerita. Karena dari data hari ini,keputusan utk Indonesia esok hari ditentukan.

@bps_statistics 

Kapolri Pancasila Kamis 1 Oktober
#٢٠٣٠_بلا_نقاب #zonauang #AnaparamızıVerin https://t.co/o6D9irSUnM","2105501542120128542","https://pbs.twimg.com/media/HTg-fOHbEAAUna1.jpg","","in","","0","0","0","https://x.com/macan_sangar/status/2105501542120128542","1431845235886149644","macan_sangar"
"2105490263762501912","2026-10-01T03:34:19.000Z","11","@kompascom sudah kenyang loe yaa, jadi kapolri !

banyak kontroversi terjadi.","2105501535975461343","","kompascom","in","","0","0","1","https://x.com/zola_papazola2/status/2105501535975461343","1603755870391013377","zola_papazola2"
"2105501483315966370","2026-10-01T03:34:06.000Z","967","prabowo resmi mengirimkan surat presiden ke DPR untuk memberhentikan sigit sebagai kapolri

bukan hanya ngirim surat pemberhentian, prabs juga langsung ngajuin 1 nama sebagai calon kapolri yaitu suyudi ario yg sekarang menjabat sebagai kepala BNN","2105501483315966370","","","in","","7","19","66","https://x.com/txtdrimedia/status/2105501483315966370","1300484934449000448","txtdrimedia"
"2105501451036631080","2026-10-01T03:33:58.000Z","0","Prabowo tunjuk Suyudi Ario Seto calon tunggal Kapolri gantikan Listyo

https://t.co/Axh695NVKQ","2105501451036631080","","","in","","0","0","0","https://x.com/RadioElshinta/status/2105501451036631080","121640063","RadioElshinta"
"2105486377832141069","2026-10-01T03:33:31.000Z","0","Profil Suyudi Ario Seto, Kapolri Pilihan Presiden Prabowo 

https://t.co/MEJNKKt3jL","2105501334506283332","","TheEconopost","in","","0","0","0","https://x.com/TheEconopost/status/2105501334506283332","990656393496547328","TheEconopost"
"2105501198992413027","2026-10-01T03:32:58.000Z","0","Mantan Kapolda Banten yang ke 4 yang menjadi Kapolri.
https://t.co/xKmAslySEt","2105501198992413027","","","in","","0","0","0","https://x.com/siman37916/status/2105501198992413027","2052782110910603265","siman37916"
"2105501183276458280","2026-10-01T03:32:55.000Z","1","Wow KAPOLRI baru nih Indonesia, Komjen Pol Suyudi Ario Seto, diajukan sendiri oleh Presiden Prabowo menggantikan Kapolri yang lama Bapak Jenderal Polisi Listyo Sigit Prabowo yang sudah menjabat 5 tahun 8 bulan, tanggapannya tweeps ?

Sc : CNBC Indonesia https://t.co/yAm2bAhz0d","2105501183276458280","https://pbs.twimg.com/media/HTg-KfdbIAARvY1.jpg","","in","","0","0","0","https://x.com/gocanz/status/2105501183276458280","72198330","gocanz"
"2105501127429247092","2026-10-01T03:32:41.000Z","4","Ketua Komisi III DPR RI Habiburokhman mengatakan DPR telah menerima Surat Presiden (Surpres) terkait usulan pemberhentian dan pengangkatan Kapolri. Surpres tersebut diterima pimpinan DPR pada Rabu (30/9/2026).

Habiburokhman mengatakan, surat tersebut berisi usulan pergantian https://t.co/XCNEGz0Tdq","2105501127429247092","https://pbs.twimg.com/media/HTg-G76bcAAi941.jpg","","in","","0","0","3","https://x.com/inilahdotcom/status/2105501127429247092","46693036","inilahdotcom"
"2105501116033376639","2026-10-01T03:32:39.000Z","0","@bps_statistics punya metode, pemerintah punya program. Tapi tanpa informasi dari masyarakat, gambaran kondisi di lapangan bisa tidak lengkap. Kolaborasi inilah yang membuat data lebih bermakna.

Kamis Pagii Kapolri Pancasila #EfisiensiAPBN2027 #اکتوبر4_آغاز_مزاحمت #zonauang https://t.co/lHTrnZfgm8","2105501116033376639","https://pbs.twimg.com/media/HTg-GYgbkAAijtY.jpg","bps_statistics","in","","0","0","0","https://x.com/macan_sangar/status/2105501116033376639","1431845235886149644","macan_sangar"
"2105490934196801573","2026-10-01T03:32:37.000Z","0","@Mr_MountBlanc @pw_gun Terlalu lama, jd Kapolri terlama kedua sepenjang sejarah. Rata-rata biasanya 3-4 tahun j. Klo semua di posisinya terlalu lama, jadinya program regenerasi SDMnya bakal rusak. Jd soal usia pensiun pun gk bs dijadikan alasan utk mempertahankannya","2105501108131250639","","Mr_MountBlanc","in","","0","0","0","https://x.com/NobeArk/status/2105501108131250639","1885928391486111744","NobeArk"
"2105501100648562699","2026-10-01T03:32:35.000Z","0","Yang dinanti-nanti akhirnya datang juga, walau sangat terlambat.

Prabowo Kirim Surpres Pemberhentian Listyo Sigit, Suyudi Jadi Calon Kapolri https://t.co/zZ51l9PEED","2105501100648562699","https://pbs.twimg.com/media/HTg-FzhboAAia0Z.jpg","","in","","0","0","0","https://x.com/PerryGerr/status/2105501100648562699","72331131","PerryGerr"
"2105501017433596151","2026-10-01T03:32:15.000Z","0","Sosok, Profil Pendidikan dan Kiprah Kapolri Suyudi Ario Seto https://t.co/q2UsV1Gp3H","2105501017433596151","","","in","","0","0","0","https://x.com/kalderanews/status/2105501017433596151","817669043792420864","kalderanews"
"2105500961196388723","2026-10-01T03:32:02.000Z","0","Kapolri baru komuknya kaya bos mafia","2105500961196388723","","","in","","0","0","0","https://x.com/yooggooy_/status/2105500961196388723","731915943203373058","yooggooy_"
"2105213225172435421","2026-10-01T03:31:36.000Z","0","@DedynurPalakka @arifbalikpapan1 Sepertinya lebih menarik berita kapolri diganti.

Sepertinya sudah mulai ada perlawanan 🤣🤣","2105500854384259179","","DedynurPalakka","in","","0","0","0","https://x.com/Arman_topbgt/status/2105500854384259179","1430913775083745295","Arman_topbgt"
"2105500843403321551","2026-10-01T03:31:34.000Z","0","Profil Komjen Suyudi Ario Seto, Calon Kapolri Usulan Prabowo: Lulusan Akpol 1994 dan Mantan Kapolda Banten https://t.co/j6I5Qz0OZz","2105500843403321551","","","in","","0","0","0","https://x.com/TajukNasional/status/2105500843403321551","729309555486642176","TajukNasional"
"2105500787753513464","2026-10-01T03:31:20.000Z","91","Kapolri Listyo Sigit diganti Kepala BNN Komjen Suyudi Ario Seto https://t.co/90z9ofPC7T","2105500787753513464","https://pbs.twimg.com/media/HTg9zhWaEAAIpa5.jpg","","in","","6","4","3","https://x.com/PolJokesID/status/2105500787753513464","808244774469677057","PolJokesID"
"2105500760943317051","2026-10-01T03:31:14.000Z","111","DPR resmi menyetujui Komjen Suyudi Ario Seto sebagai calon Kapolri menggantikan Jenderal Listyo Sigit Prabowo. Persetujuan ini diambil dalam rapat paripurna DPR yang dipimpin Ketua DPR Puan Maharani pagi ini, Kamis (1/10).

Sebelumnya, digelar fit and proper test calon Kapolri https://t.co/aUJVF0hWE4","2105500760943317051","https://pbs.twimg.com/media/HTg9kobbQAAmv4w.jpg","","in","","12","6","46","https://x.com/kumparan/status/2105500760943317051","759692754985242625","kumparan"
"2105229517719773526","2026-10-01T03:30:58.000Z","2","@DokterTifa Kalau mau bisa dipercaya rakyatnya...singkirkan ex kabinet pemerintahan yang lalu...baru 100%  bisa dipercaya rakyatnya...terutama KapolRI dan  TNI nya","2105500693625008539","","DokterTifa","in","","0","0","0","https://x.com/DelvyYulizar/status/2105500693625008539","1714229166709825536","DelvyYulizar"
"2105492419882185125","2026-10-01T03:30:48.000Z","1","@SudutTakKasat Orgnya siapa nih kapolri baru","2105500651744895296","","SudutTakKasat","in","","0","1","0","https://x.com/KeurCobain/status/2105500651744895296","1193388992261062656","KeurCobain"
"2105500546899546314","2026-10-01T03:30:23.000Z","0","Prabowo Usulkan Komjen Suyudi Jadi Kapolri, Gantikan Jenderal Listyo Sigit https://t.co/dXeQbe6jjE","2105500546899546314","","","in","","0","0","0","https://x.com/Yamin36460678/status/2105500546899546314","1324229234701656064","Yamin36460678"
"2105474364741447772","2026-10-01T03:30:20.000Z","0","@tham878 Smoga pergantian kapolri baru,akan lancar proses hukum ijazah aspal.smiga ada bukti baru","2105500535671668965","","tham878","in","","0","0","0","https://x.com/sibolang1436467/status/2105500535671668965","1796833614581354496","sibolang1436467"
"2105500514112921672","2026-10-01T03:30:15.000Z","5","Hari ini calon Kapolri lagi menjalankan Fit and proper test

Kira kira kalo mau jadi kapolri gitu pake bagi bagi amplop gak sih?🤔","2105500514112921672","","","in","","0","4","0","https://x.com/JadineGood/status/2105500514112921672","1397176822094196744","JadineGood"
"2105500505481035778","2026-10-01T03:30:13.000Z","0","Komjen Suyudi Ario Seto Jalani Fit and Proper Test Calon Kapolri di DPR https://t.co/rwrLQ1VSM5","2105500505481035778","","","in","","0","0","0","https://x.com/Yamin36460678/status/2105500505481035778","1324229234701656064","Yamin36460678"
"2105500465828069631","2026-10-01T03:30:04.000Z","0","Komisi III DPR Setujui Komjen Suyudi Ario Seto Jadi Kapolri Gantikan Listyo Sigit https://t.co/uP5nqLBo6P","2105500465828069631","","","in","","0","0","0","https://x.com/Yamin36460678/status/2105500465828069631","1324229234701656064","Yamin36460678"
"2105486054468055334","2026-10-01T03:29:50.000Z","0","@Heraloebss @prabowo Saya gigih membelanpak Prabowo karena sangat yakin rusaknya negeri ini karena intoleransi dan tirani mayoritas, hanya bisa dipulihkan oleh pak Prabowo

Dua figur penting (panglima TNI dan Kapolri) harus punya rekam jejak dan daya dukung yg memang jelas jelas SANGAT MEMBELA","2105500409209180190","","Heraloebss","in","","0","0","0","https://x.com/nalar_logis/status/2105500409209180190","1557182798888198144","nalar_logis"
"2105500403056136230","2026-10-01T03:29:49.000Z","7","Komisi III DPR RI menyetujui Komjen Pol Suyudi Ario Seto untuk menduduki jabatan Kapolri menggantikan Listyo Sigit Prabowo. Keputusan persetujuan dilakukan pada rapat dalam rangka fit and proper test atau uji kelayakan terhadap calon… www.​instagram.​com/reel/Dd78MDOJjai/ https://t.co/WJHfHa5j4P","2105500403056136230","https://pbs.twimg.com/ext_tw_video_thumb/2105500141918838784/pu/img/C9nlOWoEYhSVvkVs.jpg","","in","","0","0","6","https://x.com/Bisniscom/status/2105500403056136230","118646322","Bisniscom"
"2105500274605658462","2026-10-01T03:29:18.000Z","0","BREAKING NEWS! Komjen Pol Suyudi Ario Seto Jadi Calon Tunggal Kapolri, Gantikan Listyo Sigit 🙂","2105500274605658462","","","in","","0","0","0","https://x.com/RizkyHasan/status/2105500274605658462","47944638","RizkyHasan"
"2105500266204475524","2026-10-01T03:29:16.000Z","111","BREAKING ‼️

Setelah ditandatangani Ketua DPR RI, siang ini, Presiden Prabowo MELANTIK Kapolri baru di Istana. https://t.co/jqsDtu8noD","2105500266204475524","https://pbs.twimg.com/amplify_video_thumb/2105500131546308608/img/CLoQ5QTMwtjBoqEn.jpg","","in","","6","3","23","https://x.com/pw_gun/status/2105500266204475524","825756199","pw_gun"
"2105500237972554227","2026-10-01T03:29:09.000Z","0","Kapolri diganti https://t.co/NcelvuuKn8","2105500237972554227","https://pbs.twimg.com/media/HTg9TirbUAAsG-P.jpg","","in","","0","0","0","https://x.com/yunantyo76/status/2105500237972554227","1928380398716977152","yunantyo76"
"2105500125640769913","2026-10-01T03:28:42.000Z","0","Wah... Pak Seto jadi Kapolri pengganti. 😏","2105500125640769913","","","in","","1","0","0","https://x.com/KudoReishi/status/2105500125640769913","277413836","KudoReishi"
"2105500123652620765","2026-10-01T03:28:42.000Z","2","Komisi III DPR RI menyepakati Komjen Pol Suyudi Ario Seto sebagai calon Kapolri menggantikan Jenderal Listyo Sigit Prabowo. Persetujuan diambil secara aklamasi setelah Suyudi menjalani uji kelayakan dan kepatutan di DPR, Kamis (1/10/2026).

“Apakah secara aklamasi dapat https://t.co/aA4L3PMLAU","2105500123652620765","https://pbs.twimg.com/amplify_video_thumb/2105500043059003392/img/9l4ONl4n3H2vi6LG.jpg","","in","","0","1","1","https://x.com/owritedotid/status/2105500123652620765","1964554328649453576","owritedotid"
"2105500109190681075","2026-10-01T03:28:38.000Z","1","Suyudi Ario Seto Resmi Jadi Kapolri, Komisi III DPR RI Setujui Gantikan Listyo Sigit
 
https://t.co/JW6RQMxlik lewat @tribunnews","2105500109190681075","","","in","","0","0","0","https://x.com/tribunmedan/status/2105500109190681075","142305302","tribunmedan"
"2105500082812694763","2026-10-01T03:28:32.000Z","1","1A. Tahun lalu kerusuhan, saya pendengar istikomah @mnctrijaya kalian plus AYU JEPANG  framing/bully POLISI @DivHumas_Polri habis2an via siaran selama rusuh. Tidak menjalankan siarannya proporsional. Tapi saya mo bilang Pak @listyosigitp sbg kapolri justru BAGUS! |@OFFICIALINEWS_ https://t.co/IOp6XS7jwD","2105500082812694763","https://pbs.twimg.com/media/HTg9KhfbAAA12JG.jpg","","in","","0","0","1","https://x.com/intanalyze/status/2105500082812694763","218477659","intanalyze"
"2105499955989528723","2026-10-01T03:28:02.000Z","5","Sudah perang terbuka.
Fit and proper test hanya setengah jam, tiba-tiba langsung aklamasi.
Padahal tadi pagi Kapolri masih ada agenda di Lubang Buaya.

Diberhentikan saat sedang bekerja, sama seperti Pak Pur.","2105499955989528723","","","in","","0","1","1","https://x.com/humhiho/status/2105499955989528723","156628444","humhiho"
"2105499810124145148","2026-10-01T03:27:27.000Z","1108","guys lu pada tau gak nih
calon kapolri komjen suyudi ario seto ungkap program yang bakal jadi quick wins di 100 hari pertama kalau dia jadi kapolri

programnya mulai dari ruang publik aman pemberantasan dan pemulihan kawasan narkoba sampai bersih judi daring dan penipuan digital https://t.co/yWSbPN2tHz","2105499810124145148","https://pbs.twimg.com/media/HTg8ybmbYAAg_dA.jpg","","in","","38","142","136","https://x.com/LambeSahamjja/status/2105499810124145148","1772323119111487490","LambeSahamjja"
"2105499801769119770","2026-10-01T03:27:25.000Z","44","Benarkah hari ini akan ada pergantian Kapolri? Wow!","2105499801769119770","","","in","","4","20","4","https://x.com/zoelfick/status/2105499801769119770","86934018","zoelfick"
"2105499743808073800","2026-10-01T03:27:11.000Z","2","Aklamasi, Komisi III Setujui 
Komjen Suyudi Jadi Kapolri Gantikan Listyo Sigit 

Baca di https://t.co/cADUET7tMJ https://t.co/ud49vIk73d","2105499743808073800","https://pbs.twimg.com/media/HTg81nXbsAA-tKW.jpg","","in","","1","0","0","https://x.com/kompascom/status/2105499743808073800","23343960","kompascom"
"2105499598639054933","2026-10-01T03:26:37.000Z","208","Presiden @prabowo mengeluarkan surat Presiden (surpres) usulan pemberhentian kapolri jenderal Listyo Sigit Prabowo.
Surpres nomor R57/Surpres/09/2026 tertanggal 30 September 2026.
Pada Kamis tanggal 1 Oktober 2026.

Melalui surpres tersebut calon tunggal penggantinya adalah https://t.co/SJ8018zdTZ","2105499598639054933","https://pbs.twimg.com/media/HTg8t_1agAAJPY_.jpg","","in","","8","84","27","https://x.com/regar_op0sisi/status/2105499598639054933","1749698965539553280","regar_op0sisi"
"2105499559975940227","2026-10-01T03:26:28.000Z","762","Kapolri bukan dari propam/Metro Jaya/bareskrim, tapi dari penugasan luar institusi (BNN). Lumayan menarik","2105499559975940227","","","in","","3","17","48","https://x.com/Panathinatikos/status/2105499559975940227","1569140625957859328","Panathinatikos"
"2105499558683808041","2026-10-01T03:26:27.000Z","0","[BERITA UTAMA] Komisi III DPR Setujui Suyudi Ario Seto Jadi Calon Kapolri, Aklamasi 8 Fraksi https://t.co/Kli0i6XWCC","2105499558683808041","","","in","","0","0","0","https://x.com/TajukNasional/status/2105499558683808041","729309555486642176","TajukNasional"
"2105499425124814999","2026-10-01T03:25:55.000Z","0","Jadi otw ganti Kapolri dan ganti Wapres?🤣🤣","2105499425124814999","","","in","","0","0","0","https://x.com/vincosta88/status/2105499425124814999","57254077","vincosta88"
"2105498040740245702","2026-10-01T03:25:19.000Z","1","@kompascom Bagus dari BNN.sebelum kapolri,sudah tahu sendiri bukan katanya,menyelami seberapa besar peredaran narkoba dinegara ini.Kedepannya mudah2an gebrakan perkecil peredaran narkoba,demi keselamatan Generasi bangsa.👍👍⭐⭐⭐⭐","2105499273144250799","","kompascom","in","","0","1","0","https://x.com/Bejongawi/status/2105499273144250799","2396272308","Bejongawi"
"2105499251228971155","2026-10-01T03:25:14.000Z","2","DPR RI Setujui Suyudi Jadi Calon Kapolri Baru secara Aklamasi

https://t.co/EQ7uyY0JSB","2105499251228971155","","","in","","0","0","1","https://x.com/TirtoID/status/2105499251228971155","4187275698","TirtoID"
"2105499250801193461","2026-10-01T03:25:14.000Z","79","Prabowo Ajukan Suyudi Ario Seto Jadi Kapolri Gantikan Listyo https://t.co/R2MlQfVbhF","2105499250801193461","","","in","","7","7","7","https://x.com/tempodotco/status/2105499250801193461","18129942","tempodotco"
"2105499191682408843","2026-10-01T03:25:00.000Z","0","Prabowo Ajukan Bos BNN Suyudi Ario Jadi Kapolri, Gantikan Listyo Sigit

https://t.co/pxozcajuig","2105499191682408843","","","in","","0","0","0","https://x.com/cnbcindonesia/status/2105499191682408843","847372542830444544","cnbcindonesia"
"2105499063294812459","2026-10-01T03:24:29.000Z","23","Ternyata tanggal 30 kemarin itu banyak kejadian selain mengenang sejarah.
Presiden sudah kirim Surpres ke DPR.

Kami DPR RI sudah mendapatkan surpres dari Presiden Prabowo Nomor R57/Pres/09/2026 tanggal 30 September 2026 perihal usulan pemberhentian dari jabatan Kapolri dan https://t.co/SsMNj2AIIY","2105499063294812459","https://pbs.twimg.com/media/HTg8PD3bAAA4ocj.jpg","","in","","0","1","5","https://x.com/its__Arthur19/status/2105499063294812459","1240115615857127424","its__Arthur19"
"2105499002636734485","2026-10-01T03:24:15.000Z","89","Baca di sini: https://t.co/kGaeW6fpLj

Komjen Suyudi Ario Seto menjanjikan 100 hari pertama sebagai Kapolri menjadi momentum membenahi internal Polri melalui pemetaan, pengujian perbaikan, hingga evaluasi, disertai pemberantasan narkoba, judi daring, dan penipuan digital.

~IQ https://t.co/5A7DeUrlQv","2105499002636734485","https://pbs.twimg.com/media/HTg8BAKaoAAOEW5.jpg","","in","","22","58","35","https://x.com/kompascom/status/2105499002636734485","23343960","kompascom"
"2105498971275923829","2026-10-01T03:24:07.000Z","7","Ketua Komisi III DPR RI Habiburokhman mengatakan keputusan itu sudah mendapat persetujuan dari para fraksi partai politik, Mahkamah Kehormatan Dewan (MKD), dan pimpinan DPR RI.

Baca selengkapnya 
https://t.co/8djSmJ87Zg https://t.co/6bKJO24rOG","2105498971275923829","https://pbs.twimg.com/media/HTg8JsBa4AAmIsN.jpg","","in","","0","1","1","https://x.com/antaranews/status/2105498971275923829","18071520","antaranews"
"2105498868515578045","2026-10-01T03:23:43.000Z","1","1.  Betul! Pak Listyo Kapolri terlama ya Tim @mnctrijaya .  Kapolri yg selalu di-goreng2 media tmsk trijaya &amp; dipolitisirr sosok2 ttt di NKRI. Jujurly, saya bangga Pak Listyo, setidaknya satu2nya kapolri yg membuat seseorang tidak menyalaminya. | @officialinews_  @DivHumas_Polri https://t.co/IwULBLAm3h","2105498868515578045","https://pbs.twimg.com/media/HTg8D1GbwAAHYBo.jpg","","in","","1","0","1","https://x.com/intanalyze/status/2105498868515578045","218477659","intanalyze"
"2105498827251683816","2026-10-01T03:23:33.000Z","1","Proses uji kelayakan dan kepatutan Komjen Suyudi Ario Seto sebagai calon Kapolri berlangsung cepat. Agenda penggantian Kapolri di DPR ini pun berlangsung mendadak. #Politik #AdadiKompas

https://t.co/DcCzTvghlv","2105498827251683816","","","in","","0","0","0","https://x.com/KompasData/status/2105498827251683816","771030588","KompasData"
"2105498825209295216","2026-10-01T03:23:32.000Z","2","Angin segar 👏👍

Presiden Prabowo Subianto mengirim Surat Presiden (Surpres) kepada DPR untuk memberhentikan Kapolri Jenderal Listyo Sigit Prabowo. 
Calon Kapolri yg akan diuji kelayakan adl Komjen Suyudi yg saat ini menjabat Kepala BNN
#Kapolri #Prabowo #KesaktianPancasila https://t.co/aqvlOkdcZD","2105498825209295216","https://pbs.twimg.com/amplify_video_thumb/2105498783941578752/img/Fhi8ogADyapYMf3A.jpg","","in","","1","0","0","https://x.com/CahAngo45022699/status/2105498825209295216","1354072148030091264","CahAngo45022699"
"2105498815239496135","2026-10-01T03:23:30.000Z","1","Update pucuk pimpinan Polri 

Komjen Suyudi Ario Seto resmi mendapat persetujuan Komisi III DPR setelah menjalani fit and proper test sebagai calon Kapolri pengganti Jenderal Listyo Sigit Prabowo.

Namanya sebelumnya diajukan Presiden Prabowo sebagai calon tunggal Kapolri. https://t.co/CWC3UYzIJL","2105498815239496135","https://pbs.twimg.com/media/HTg7_xjbUAAHTs-.jpg","","in","","1","0","1","https://x.com/piala_talk/status/2105498815239496135","2064624358182752256","piala_talk"
"2105497854131515891","2026-10-01T03:19:41.000Z","0","Berhentikan Jenderal Listyo Sigit Jadi Kapolri, Prabowo Usulkan Komjen Suyudi Jadi Pengganti
 
https://t.co/P38vuHYO22","2105497854131515891","","","in","","0","0","0","https://x.com/tribun_PKU/status/2105497854131515891","1340908661418283008","tribun_PKU"
"2105497774750060969","2026-10-01T03:19:22.000Z","1","Jd kumaha profil calon kapolri yg sekarang teh, om ?
@Opposite6888 

Cucok? 😀😀","2105497774750060969","","","in","","0","1","0","https://x.com/Cherry_Lovely2/status/2105497774750060969","2053255579041148932","Cherry_Lovely2"
"2105497674716008495","2026-10-01T03:18:58.000Z","321","prabowo udah ngirim surpres dari 30 september kemarin, terkait pemberhentian kapolri listyo sigit.

calon kapolri barunya adalah suyudi ario seto, kepala BNN. masih calon tunggal, dan hari ini juga udah menjalani fit &amp; proper test di DPR.

well, let’s see? 👀 https://t.co/TTrMnOa6mt","2105497674716008495","https://pbs.twimg.com/media/HTg6-MPaMAAwskD.jpg","","in","","7","40","54","https://x.com/satirnesia/status/2105497674716008495","2017662538524069888","satirnesia"
"2105497605539332554","2026-10-01T03:18:42.000Z","0","Istri Kapolri, Juliati Sigit Prabowo mengirimkan bunga anggrek bulan berwarna ungu untuk ucapan ulang tahun Iriana Jokowi. Bunga tersebut dikirim langsung dari Jakarta melalui perjalanan darat #kapolri #irianaulangtahun #irianajokowi #irianajokowidodo #jokowi https://t.co/rhlK3rv9Wf","2105497605539332554","https://pbs.twimg.com/amplify_video_thumb/2105497546055680000/img/ok_AjNj6ZtPDV3yI.jpg","","in","","0","0","0","https://x.com/NyiMasLomb4150/status/2105497605539332554","1641003367223947265","NyiMasLomb4150"
"2105497432905699342","2026-10-01T03:18:00.000Z","0","Resafel mulai dari kapolri.
1Oktober","2105497432905699342","","","in","","0","0","0","https://x.com/BSastranegara/status/2105497432905699342","296804226","BSastranegara"
"2105454134409453949","2026-10-01T03:17:53.000Z","0","@manomsoegia @kafiradikalis Nih kapolri mau dgnti..gibrn mkin dekat di.....","2105497403101155778","","manomsoegia","in","","0","1","0","https://x.com/MyH84459509/status/2105497403101155778","1503984371795361795","MyH84459509"
"2105497077119902090","2026-10-01T03:16:36.000Z","4","KAPOLRI BARU

Komisaris Jenderal Polisi Dr. (H.C.) Suyudi Ario Seto, S.I.K., S.H., https://t.co/cPa3sdBrMJ.

14 Juli 1973 (usia 53 tahun), Pandeglang, 

Pangkat saat ini: Komisaris Jenderal Polisi (bintang tiga).

#selamat #kapolri #breakingnews https://t.co/0c7KVAVb99","2105497077119902090","https://pbs.twimg.com/media/HTg6GRSbkAAqQ9H.jpg","","in","","0","0","0","https://x.com/ESyarkazyie/status/2105497077119902090","2328181406","ESyarkazyie"
"2105497061001216242","2026-10-01T03:16:32.000Z","111","Listyo Sigit Diberhentikan, Komisi III DPR Setujui Suyudi Jadi Kapolri
https://t.co/ZZZXWQfJb8

#BeritaSatu #SaatnyaMajuBersama #Kapolri #ListyoSigit #Prabowo https://t.co/nmDBwDbrpz","2105497061001216242","https://pbs.twimg.com/amplify_video_thumb/2105496926271754240/img/Dv8iwUb13oFGEyFn.jpg","","in","","5","19","33","https://x.com/Beritasatu/status/2105497061001216242","154102750","Beritasatu"
"2105497049332609375","2026-10-01T03:16:29.000Z","1","kapolri diganti tanggal 1 Oktober wkwkwkwkkw","2105497049332609375","","","in","","0","0","0","https://x.com/bridopp/status/2105497049332609375","801944647","bridopp"
"2105497037869637988","2026-10-01T03:16:26.000Z","1","Warna baru semoga lebih baik
Kapolri baru harapan baru. https://t.co/XEGSMeQGPE","2105497037869637988","https://pbs.twimg.com/media/HTg6ZVeakAAzvIW.jpg","","in","","0","0","0","https://x.com/brebhutan/status/2105497037869637988","473742750","brebhutan"
"2105496933628551450","2026-10-01T03:16:01.000Z","0","Pergantian Kapolri masuk babak baru. Presiden Prabowo Subianto mengirim Surpres ke DPR untuk mengusulkan pemberhentian Jenderal Listyo Sigit Prabowo dan mengajukan Komjen Pol Suyudi Ario Seto sebagai calon Kapolri.

Selengkapnya di https://t.co/hpnuiLPW5F https://t.co/ABwlJNGAZh","2105496933628551450","https://pbs.twimg.com/media/HTg6R35bAAAjny4.jpg","","in","","0","0","0","https://x.com/koranjakarta_id/status/2105496933628551450","1382213818370039808","koranjakarta_id"
"2105496925915226357","2026-10-01T03:16:00.000Z","0","breaking news uji kelayakan calon kapolri komjen pol suyudi ario seto 
kamis 1 oktober 2026 
di gedung DPR MRP RI senayan tanah abang jakarta pusat 
live hanya di inews https://t.co/Z13t3SKxuY","2105496925915226357","https://pbs.twimg.com/media/HTg6SvAawAAfLif.jpg","","in","","0","0","0","https://x.com/arifky87/status/2105496925915226357","2589490099","arifky87"
"2105496870676213995","2026-10-01T03:15:46.000Z","0","Kapolri baru hasil sousenkyo 2026","2105496870676213995","","","in","","0","0","0","https://x.com/dialektikaksara/status/2105496870676213995","93078450","dialektikaksara"
"2105496801738739819","2026-10-01T03:15:30.000Z","7","Momen Listyo Dampingi Prabowo Sebelum Pergantian Kapolri

https://t.co/gLsfvoerIY","2105496801738739819","","","in","","0","2","4","https://x.com/liputan6dotcom/status/2105496801738739819","47596019","liputan6dotcom"
"2105496774924501470","2026-10-01T03:15:24.000Z","0","wew kapolri baru 🧐","2105496774924501470","","","in","","0","0","0","https://x.com/FRPrayogo/status/2105496774924501470","292255033","FRPrayogo"
"2105483131675639975","2026-10-01T03:15:17.000Z","5","@kumparan Sudah tepat ganti kapolri Krn sudah terlalu lama dan menambah beban presiden, tapi gantinya kok BNN apa ga serem juga ya ??! 🤭🙏","2105496746268950649","","kumparan","in","","0","0","0","https://x.com/SudarsonoD58885/status/2105496746268950649","1834487947686805505","SudarsonoD58885"
"2105496724584251739","2026-10-01T03:15:12.000Z","0","DPR menyepakati Komjen Suyudi jadi KAPOLRI!!","2105496724584251739","","","in","","0","0","0","https://x.com/machineheadz/status/2105496724584251739","821851706","machineheadz"
"2105496554132111369","2026-10-01T03:14:31.000Z","0","KITA punya KAPOLRI BARU👍
KOMJEN POL . SUYUDI ARIO SETO 
Selamat bertugas Semoga POLRI semakin dekat dengan Rakyat .
Amiiin","2105496554132111369","","","in","","0","0","0","https://x.com/senyuuumdoong/status/2105496554132111369","3334646472","senyuuumdoong"
"2105485791124500900","2026-10-01T03:14:26.000Z","0","@Metro_TV semoga yg KAPOLRI yg baru lebih amanah..., perbaiki kinerja moral aparat kpolisian... 
jgn sperti yg kmarin...","2105496533114454072","","Metro_TV","in","","0","0","0","https://x.com/difahdullah/status/2105496533114454072","1486587872421445633","difahdullah"
"2105495428053487759","2026-10-01T03:13:51.000Z","0","https://t.co/qG4RtDhL6w","2105496387253309924","","doelpaten","zxx","","0","0","0","https://x.com/doelpaten/status/2105496387253309924","1194169494832173056","doelpaten"
"2105496364390232300","2026-10-01T03:13:46.000Z","0","DPR Gelar Uji Kelayakan dan Kepatutan Calon Kapolri Pengganti Jenderal Listyo Sigit Prabowo

https://t.co/75VSE2uqzM https://t.co/SOKw8Im3Cn","2105496364390232300","https://pbs.twimg.com/media/HTg5wLhbQAEoi04.jpg","","in","","0","0","0","https://x.com/sinpotv/status/2105496364390232300","1012174601055449088","sinpotv"
"2105496103034720283","2026-10-01T03:12:43.000Z","18","Profil Komjen Suyudi Ario Seto, Calon Tunggal Kapolri Pengganti Jenderal Polisi Listyo Sigit
https://t.co/pXeRNmYcUn","2105496103034720283","","","in","","0","1","3","https://x.com/geloraco/status/2105496103034720283","3319260420","geloraco"
"2105496023401713998","2026-10-01T03:12:24.000Z","44","https://t.co/n3ZcaBmJaX","2105496023401713998","","","zxx","","0","3","5","https://x.com/chichafrancisca/status/2105496023401713998","733222886912073728","chichafrancisca"
"2105495861048545511","2026-10-01T03:11:46.000Z","2","Bang Sigit mo diganti euy.....

jadi komisaris atau menteri nih ?

DPR Terima Surpres Pergantian Kapolri, Komisi III Uji Kelayakan Komjen Suyudi

https://t.co/j9AVXHdhqT","2105495861048545511","","","in","","0","0","0","https://x.com/Capitalisborju/status/2105495861048545511","1826162869123346432","Capitalisborju"
"2105495860801110262","2026-10-01T03:11:46.000Z","1","Prabowo Tunjuk Suyudi Ario Seto Jadi Calon Tunggal Kapolri Gantikan Listyo Sigit

#kapolri #CalonKapolri 

https://t.co/FcJYUlgMUs","2105495860801110262","","","in","","0","0","2","https://x.com/InvestorID/status/2105495860801110262","238091066","InvestorID"
"2105486377832141069","2026-10-01T03:11:42.000Z","1","@TheEconopost bukannya sudah ketok palu resmi jadi kapolri?","2105495845030482431","","TheEconopost","in","","0","0","0","https://x.com/Mr_MountBlanc/status/2105495845030482431","78260254","Mr_MountBlanc"
"2105495823299780656","2026-10-01T03:11:37.000Z","6","Komisi III DPR RI menyetujui secara aklamasi pengangkatan Komjen Pol. Suyudi Ario Seto sebagai Kepala Kepolisian Negara Republik Indonesia (Kapolri) baru dalam rapat uji kelayakan dan kepatutan (fit and proper test) di Gedung DPR, Kamis (1/10/2026).

Keputusan kilat ini diambil https://t.co/kMoa1EmjXd","2105495823299780656","https://pbs.twimg.com/amplify_video_thumb/2105495699035230208/img/f9j1AyUzuPOqnoBE.jpg","","in","","2","0","0","https://x.com/Metro_TV/status/2105495823299780656","57261519","Metro_TV"
"2105476940522225865","2026-10-01T03:11:26.000Z","15","@gringgingen_ https://t.co/n3ZcaBmJaX","2105495780354355351","","gringgingen_","qme","","0","1","0","https://x.com/chichafrancisca/status/2105495780354355351","733222886912073728","chichafrancisca"
"2105495768622944757","2026-10-01T03:11:24.000Z","0","Tok! Komisi III DPR Sepakati Suyudi Ario Seto Jadi Kapolri Gantikan Listyo Sigit Prabowo

https://t.co/Bh2aEsCfih","2105495768622944757","","","in","","0","0","0","https://x.com/okezonenews/status/2105495768622944757","47274731","okezonenews"
"2105495760162967750","2026-10-01T03:11:22.000Z","148","Udah siap belum?

Presiden RI Prabowo Subianto resmi menerbitkan Surat Presiden (Surpres) Nomor R57/Pres/2026 tertanggal 30 September 2026 mengenai usulan pemberhentian Jenderal Listyo Sigit Prabowo dan penunjukan Kepala BNN Komjen Pol. Suyudi Ario Seto sebagai calon Kapolri baru https://t.co/Xq1l5BZVy2","2105495760162967750","https://pbs.twimg.com/media/HTg5FKDboAAsXIH.jpg","","in","","6","59","29","https://x.com/riekediahp/status/2105495760162967750","774793980680691712","riekediahp"
"2105491553330552966","2026-10-01T03:11:12.000Z","7","@Sebelahkampus @IndosFC @MafiaWasit Kepala BNN jadi KAPOLRI
Gibran Diskualifikasi

Jd rada nyambung nih","2105495720409051468","","Sebelahkampus","in","","0","2","0","https://x.com/afathngantuk/status/2105495720409051468","1370954100","afathngantuk"
"2105486054468055334","2026-10-01T03:10:46.000Z","6","@Heraloebss Pak @prabowo yth, siapapun penganti pak Listyo, mohon benar benar figur yg menggambarkan kemajemukan bangsa ini

Punya rekam jejak bersih dalam membela toleransi dan keberagaman 

Kapolri adalah jabatan politik

Politik adalah soal persepsi.
Rakyat akan melihat figur tsb secara","2105495609759396203","","Heraloebss","in","","0","3","1","https://x.com/nalar_logis/status/2105495609759396203","1557182798888198144","nalar_logis"
"2105495498929131907","2026-10-01T03:10:19.000Z","308","guys lu pada tau gak nih
komisi iii dpr secara aklamasi alias kompak setuju komjen suyudi ario seto jadi kapolri baru gantiin jenderal listyo sigit prabowo

persetujuan ini keluar abis suyudi jalanin uji kelayakan dan kepatutan alias fit and proper test kamis 1/10/2026

komisi https://t.co/jbaptKHKhU","2105495498929131907","https://pbs.twimg.com/media/HTg47bLaAAEVwhv.jpg","","in","","2","11","30","https://x.com/LambeSahamjja/status/2105495498929131907","1772323119111487490","LambeSahamjja"
"2105244778648699059","2026-10-01T03:10:13.000Z","1","@Jediimar SAMPAI SEKARANG  JOKOWI  PEGANG  PANGLIMA  DAN  KAPOLRI, UNTUK  MENJADI  JOKOWI  JADI  PRESIDEN  4 PERIODE. 
JOKOWI  JUGA  PEGANG  PREMAN   HERCULES  DAN   PREMAN  SILVESTER.","2105495473452876218","","Jediimar","in","","0","0","0","https://x.com/NHenryp29864/status/2105495473452876218","1705475303571861504","NHenryp29864"
"2105495428053487759","2026-10-01T03:10:02.000Z","54","BREAKING NEWS...

Kapolri Jendral Listyo Sigit Prabowo diganti...!

https://t.co/jZYhajGmBy","2105495428053487759","","","in","","2","17","21","https://x.com/doelpaten/status/2105495428053487759","1194169494832173056","doelpaten"
"2105495387872342105","2026-10-01T03:09:53.000Z","0","https://t.co/Db5n0n4jrA https://t.co/KCB1t8o3PQ","2105495387872342105","https://pbs.twimg.com/media/HTg45K3bwAAChW5.jpg","","zxx","","0","0","0","https://x.com/PostTapaktuan/status/2105495387872342105","1293942284119969792","PostTapaktuan"
"2105495363159531553","2026-10-01T03:09:47.000Z","1","Satlantas Polres Gayo Lues Patroli Malam dan Imbau Pengendara Tertib Berlalu Lintas

#poldaaceh #polresgayolues #bidhumaspoldaaceh #divisihumaspolri 
#Kapolri
#listyosigitprabowo
#Kapolresgayolues
#Poldaaceh
#poldaacehsiagabencana #bangkitbersamapoldaaceh https://t.co/rqsFHP2rOG","2105495363159531553","https://pbs.twimg.com/media/HTg43NObIAAVVdd.jpg","","in","","0","0","0","https://x.com/Humaspolresgayo/status/2105495363159531553","1736599425684996096","Humaspolresgayo"
"2105495309182968254","2026-10-01T03:09:34.000Z","1","DPR Terima Surpres Pergantian Kapolri, Suyudi Ario Seto Jalani Fit and Proper Test 

Simak selengkapnya: https://t.co/V2sWvT3JIQ

Baca artikel lainnya di: https://t.co/TEOzDI7fEC 

#Whymediaid #News #DPR #Surpres #Kapolri","2105495309182968254","","","in","","0","0","0","https://x.com/whymediaid/status/2105495309182968254","1987082565241741312","whymediaid"
"2105495294129668532","2026-10-01T03:09:30.000Z","108","Nama kapolri, inisialnya keren SAS 

Jenderal (Pol) Suyudi Ario Seto

Orang Pandeglang Banten","2105495294129668532","","","in","","0","9","20","https://x.com/Intel_Imut/status/2105495294129668532","1418311652462579713","Intel_Imut"
"2105495193919320289","2026-10-01T03:09:07.000Z","2","Komisi III DPR Uji Kelayakan Suyudi sebagai Calon Kapolri

#KomisiIII #DPR #UjiKelayakan #Suyudi #Calon #Kapolri #Berita #Info

https://t.co/ekuuU1TTCr","2105495193919320289","","","in","","0","0","1","https://x.com/dms_ambon/status/2105495193919320289","421916203","dms_ambon"
"2105495089426715022","2026-10-01T03:08:42.000Z","0","Alhamdulillah.
Akhirnya momen pergantian Kapolri akan terjadi. Kapolri terlama di era reformasi ini akhirnya AKAN diberhentikan!
Kapolri dg catatan rapor merah dan kontroversi terbanyak sepanjang sejarah negeri ini akhirnya harus tunduk pada usia dan penguasa baru.
#KapolriBaru https://t.co/EukVz96T8v","2105495089426715022","https://pbs.twimg.com/media/HTg4n4rbEAA3efA.jpg","","in","","0","0","0","https://x.com/wong_clayten/status/2105495089426715022","3139555602","wong_clayten"
"2105483131675639975","2026-10-01T03:08:37.000Z","5","@kumparan alhamdulillah.. setidaknya ada sedikit angin segar (ganti kapolri). kalo untuk kinerja dan sebagainya kita lihat lagi setahun ke depan bagaimana progresnya","2105495070942404661","","kumparan","in","","0","0","0","https://x.com/theluckiestboy/status/2105495070942404661","1075090106770309121","theluckiestboy"
"2105495070405505380","2026-10-01T03:08:37.000Z","75","Baca di sini: https://t.co/QDdCT65ts9

Jenderal Listyo Sigit Prabowo sempat mendampingi Prabowo dan Gibran dalam upacara Hari Kesaktian Pancasila di Lubang Buaya, sebelum DPR mengumumkan proses pemberhentiannya sebagai Kapolri.

~IQ #Kapolri #ListyoSigit [2026100109463011] https://t.co/JvCcuLiYHe","2105495070405505380","https://pbs.twimg.com/media/HTg4lXKa4AALmnL.jpg","","in","","4","6","6","https://x.com/kompascom/status/2105495070405505380","23343960","kompascom"
"2105495044392468833","2026-10-01T03:08:31.000Z","71","Tok! Komisi III DPR Setujui Suyudi Ario Seto Jadi Kapolri Gantikan Listyo Sigit
https://t.co/3di5VUVy6B","2105495044392468833","","","in","","2","0","20","https://x.com/geloraco/status/2105495044392468833","3319260420","geloraco"
"2105495015967584557","2026-10-01T03:08:24.000Z","0","Anj kapolri diganti aowkaowk, Alhamdulillah","2105495015967584557","","","in","","0","0","0","https://x.com/Strve81_/status/2105495015967584557","1954950864424275970","Strve81_"
"2105494961747890345","2026-10-01T03:08:11.000Z","10","BREAKING NEWS: Aklamasi, Komisi III Setujui Komjen Suyudi Jadi Kapolri Gantikan Listyo Sigit

Klik link untuk baca: https://t.co/lXkuxWr5VR

Komisi III DPR secara aklamasi menyetujui Komjen Suyudi Ario Seto sebagai Kapolri untuk menggantikan Jenderal (Pol) Listyo Sigit Prabowo.","2105494961747890345","","","in","","0","1","3","https://x.com/kompascom/status/2105494961747890345","23343960","kompascom"
"2105454134409453949","2026-10-01T03:08:09.000Z","0","@kafiradikalis @marSyaheedAS Pas banget momentumnya dgn digantinya Kapolri?","2105494953556418820","","kafiradikalis","in","","0","0","0","https://x.com/Satyalelana/status/2105494953556418820","2576954179","Satyalelana"
"2105494945473896913","2026-10-01T03:08:07.000Z","7","*Presiden RI Prabowo Subianto resmi menerbitkan Surat Presiden (Surpres) Nomor R57/Pres/2026 tertanggal 30 September 2026 mengenai usulan pemberhentian Jenderal Listyo Sigit Prabowo dan penunjukan Kepala BNN Komjen Pol. Suyudi Ario Seto sebagai calon Kapolri baru.*

*Pimpinan DPR https://t.co/ivnk8Pt0sL","2105494945473896913","https://pbs.twimg.com/media/HTg4fVRakAASry7.jpg","","in","","0","1","6","https://x.com/albert_morafia/status/2105494945473896913","1406057947520593925","albert_morafia"
"2105494938406605310","2026-10-01T03:08:06.000Z","3","Prabowo Tunjuk Suyudi Ario Seto Jadi Kapolri, Surat Sudah di DPR

Baca selengkapnya di:
https://t.co/GHEOh2Z1oG https://t.co/J21x1dSzu9","2105494938406605310","https://pbs.twimg.com/media/HTg4fDLaQAA87Cx.jpg","","in","","0","0","0","https://x.com/informasicom/status/2105494938406605310","1173853316511485952","informasicom"
"2105494895876350096","2026-10-01T03:07:56.000Z","1","Mudah2an menjadi Kapolri bagi seluruh rakyat Indonesia. Selamat untuk Mas Suyudi Ario Seto. https://t.co/WkqfBhhFuj","2105494895876350096","https://pbs.twimg.com/media/HTg4cdjbYAA9vDH.jpg","","in","","0","0","0","https://x.com/SKNewsID1/status/2105494895876350096","1006281691755786240","SKNewsID1"
"2105494872061096406","2026-10-01T03:07:50.000Z","0","Prabowo Berhentikan Listyo Sigit, DPR Setujui Suyudi Jadi Kapolri https://t.co/hm62IvXI45","2105494872061096406","","","in","","0","0","0","https://x.com/rilpolitikcom/status/2105494872061096406","1654444745303945216","rilpolitikcom"
"2105494762723983850","2026-10-01T03:07:24.000Z","0","Kapolri akhirnya diganti juga 😄

Ada yang bilang di podcast kalau Presiden tidak akan menurunkan jabatan sebelum waktunya. Nyatanya desakan untuk mengganti lebih besar daripada mempertahankan sampai akhir.","2105494762723983850","","","in","","0","0","0","https://x.com/RFA____/status/2105494762723983850","394568161","RFA____"
"2105494760609944059","2026-10-01T03:07:23.000Z","10","Kapolri Listyo Sigit kabarnya bakal digantikan oleh Komjen Pol Suyudi.

Saat ini proses fit and proper test-nya masih berlangsung di Komisi III DPR RI, Kamis (1/10).

Katanya hari ini langsung disahkan, besoknya dilantik.

Gimana menurut kalian, guys? 👀 https://t.co/dGNKDUpdzC","2105494760609944059","https://pbs.twimg.com/media/HTg4TmZboAAdRMl.jpg","","in","","0","0","3","https://x.com/atokdalangs4/status/2105494760609944059","2059977246853705728","atokdalangs4"
"2105494677101396301","2026-10-01T03:07:03.000Z","1","Komjen Suyudi Ario Seto menjalani uji kelayakan dan kepatutan atau fit and proper test sebagai calon Kapolri di Komisi III DPR RI Kamis, (1/10).

Setelah melalui proses tersebut, Komisi III DPR RI menyetujui Suyudi secara aklamasi sebagai calon Kapolri. Persetujuan diberikan https://t.co/mZOjEn1xXB","2105494677101396301","https://pbs.twimg.com/media/HTg4OmIaIAAt6nW.jpg","","in","","0","0","0","https://x.com/garudatvnews/status/2105494677101396301","502140136","garudatvnews"
"2105434515485446212","2026-10-01T03:06:37.000Z","1","@hansssolo Kapolri besok ganti ya kak...

Biar refeshment kelamaan jg sih dikursinya","2105494567047110684","","hansssolo","in","","0","0","0","https://x.com/Nama_Twitku/status/2105494567047110684","1475033224724160513","Nama_Twitku"
"2105494563175743880","2026-10-01T03:06:36.000Z","2","DPR menerima Surat Presiden (Surpres) terkait usulan pergantian Kepala Kepolisian Negara Republik Indonesia. Surat bernomor R57/Pres/09/2026 tertanggal 30 September 2026 itu menjadi dasar pembahasan di Badan Musyawarah DPR RI.

Hasil rapat menugaskan Komisi III DPR RI https://t.co/PKwflE9lHG","2105494563175743880","https://pbs.twimg.com/amplify_video_thumb/2105493690013847552/img/MNmApI5hrX9bF8mW.jpg","","in","","0","0","1","https://x.com/SINDOnews/status/2105494563175743880","231355136","SINDOnews"
"2105494539129753983","2026-10-01T03:06:30.000Z","1093","Kapolri diganti.....
Genk Solo game over.... https://t.co/xudqHxTiGo","2105494539129753983","https://pbs.twimg.com/amplify_video_thumb/2105494495064461312/img/tSdi6t5aF85u2vKG.jpg","","in","","28","142","215","https://x.com/Bambangmulyonoo/status/2105494539129753983","1296312516901916672","Bambangmulyonoo"
"2105494512307192204","2026-10-01T03:06:24.000Z","36","DPR Setujui Suyudi Ario Seto Jadi Kapolri Gantikan Listyo Sigit

https://t.co/l3KqiG6vqU","2105494512307192204","","","in","","1","1","11","https://x.com/liputan6dotcom/status/2105494512307192204","47596019","liputan6dotcom"
"2105494485056794757","2026-10-01T03:06:18.000Z","0","Damn kapolri diganti....

Wapress beneran turun ini mah hahahaha","2105494485056794757","","","in","","0","0","0","https://x.com/RezaArinanda48/status/2105494485056794757","1402651353529286660","RezaArinanda48"
"2105494116108992851","2026-10-01T03:04:50.000Z","3","berarti ini postingan terakhir beliau as Kapolri?","2105494116108992851","","","in","","0","1","0","https://x.com/txtdarimaskael5/status/2105494116108992851","1604849394498514944","txtdarimaskael5"
"2105493957056819543","2026-10-01T03:04:12.000Z","118","Baca di sini: https://t.co/MqWsxB2kIu 

Jenderal Listyo Sigit Prabowo sempat mendampingi Presiden Prabowo Subianto dan Wakil Presiden Gibran Rakabuming dalam peringatan Hari Kesaktian Pancasila di Lubang Buaya, Jakarta Timur, sebelum DPR mengumumkan proses pemberhentiannya dari https://t.co/lVQpjItOY7","2105493957056819543","https://pbs.twimg.com/amplify_video_thumb/2105493833450762240/img/Cb6ZLFphyGHQxvWE.jpg","","in","","4","23","32","https://x.com/kompascom/status/2105493957056819543","23343960","kompascom"
"2105184145915933013","2026-10-01T03:04:07.000Z","1","@KiJagaNegara99 @Erie_Ganang @Arifiantonugro1 Gibran dicongkel, kapolri diganti. Benar2 pembantaian 30 september","2105493939235213626","","KiJagaNegara99","in","","0","0","0","https://x.com/bukan4non/status/2105493939235213626","2148752027","bukan4non"
"2105493883157438489","2026-10-01T03:03:54.000Z","1","Pagii semoga Kapolri baru berpedoman ke Pancasila 
DPR sepakat Komjen Suyudi Ario Seto jadi Kapolri 

#TimnasDay 
#TIMNASDAY https://t.co/rwYvWgMZbh","2105493883157438489","https://pbs.twimg.com/media/HTg3hkmb0AAFkRZ.jpg","","in","","0","0","0","https://x.com/mans62528524/status/2105493883157438489","943149098957398021","mans62528524"
"2105493859115360420","2026-10-01T03:03:48.000Z","1","Profil Komjen Suyudi Ario Seto, Calon Kapolri Usulan Prabowo https://t.co/uOaZCTIlCE","2105493859115360420","","","in","","0","0","0","https://x.com/Harian_Jogja/status/2105493859115360420","118371948","Harian_Jogja"
"2105493779470061685","2026-10-01T03:03:29.000Z","10","Baca di sini: https://t.co/lXkuxWr5VR

Komisi III DPR secara aklamasi menyetujui Komjen Suyudi Ario Seto sebagai calon Kapolri pengganti Jenderal Listyo Sigit Prabowo setelah menjalani uji kelayakan dan kepatutan.

~IQ #KomjenSuyudi #Kapolri [2026100109584571] https://t.co/eK49b6raR4","2105493779470061685","https://pbs.twimg.com/media/HTg3bCObkAAV1YG.jpg","","in","","2","0","3","https://x.com/kompascom/status/2105493779470061685","23343960","kompascom"
"2105493770167079391","2026-10-01T03:03:27.000Z","0","Surat Prabowo Diterima DPR RI, Berisi Nama Calon Kapolri Pengganti Jenderal Sigit https://t.co/phHGBIVRzO #Kapolri lewat @jpnncom","2105493770167079391","","","in","","0","0","0","https://x.com/FathraNazrul/status/2105493770167079391","100174047","FathraNazrul"
"2105493750038589561","2026-10-01T03:03:22.000Z","4","NOTHING SURPRISE 😂😂

Suyudi memang sudah dipersiapkan Listyo Sigit untuk menjadi Tribrata 1 berikutnya 

KAPOLRI 🫡","2105493750038589561","","","in","","0","3","0","https://x.com/Marko_Omang/status/2105493750038589561","438814409","Marko_Omang"
"2105493624544952561","2026-10-01T03:02:52.000Z","0","BREAKING NEWS: Prabowo Kirim Surpres Pemberhentian Kapolri Jenderal Listyo Sigit https://t.co/KG7A5q5VIl","2105493624544952561","","","in","","0","0","0","https://x.com/Posperajogja1/status/2105493624544952561","1271711554275176449","Posperajogja1"
"2105493602692661623","2026-10-01T03:02:47.000Z","1","Breaking News : Komjen Pol. Suyudi Ario Seto calon tunggal Kapolri menggantikan Jenderal Listyo Sigit yang memasuki pensiun. https://t.co/NXnk87WmAB","2105493602692661623","https://pbs.twimg.com/media/HTg3RZIaoAEpcdr.jpg","","in","","0","0","0","https://x.com/Beckenbauer__/status/2105493602692661623","1315736336","Beckenbauer__"
"2105493548351299964","2026-10-01T03:02:34.000Z","0","BREAKING NEWS: Prabowo Kirim Surpres Pemberhentian Kapolri Jenderal Listyo Sigit https://t.co/qnpEMjpUlj","2105493548351299964","","","in","","0","0","0","https://x.com/Sandalj36861608/status/2105493548351299964","1274546959496306688","Sandalj36861608"
"2105484113524482542","2026-10-01T03:02:29.000Z","2","@SPENTAMAINYU02 Kan gak bergantung ke satu faktor kapolri aja kan? 

Meskipun tiap pergantian ada tensi politik kekuasaannya, tapi dah perlu u/ regenerasi internal.🙏","2105493525639074274","","SPENTAMAINYU02","in","","0","0","0","https://x.com/eddesign_/status/2105493525639074274","325599485","eddesign_"
"2105493520316534985","2026-10-01T03:02:28.000Z","2","Komisi III DPR RI menggelar rapat uji kelayakan atau fit and proper test untuk Suyudi Ario Seto sebagai calon Kapolri. Adapun saat ini Suyudi menjabat sebagai Kepala Badan Narkotika Nasional (BNN). Rapat digelar di ruangan Komisi III DPR… www.​instagram.​com/reel/Dd75CMGp9b6/ https://t.co/ljkSJg8BiD","2105493520316534985","https://pbs.twimg.com/ext_tw_video_thumb/2105493315881951232/pu/img/WICfBK643N83lt13.jpg","","in","","0","1","0","https://x.com/Bisniscom/status/2105493520316534985","118646322","Bisniscom"
"2105493335964368924","2026-10-01T03:01:44.000Z","17","Kabarnya bakal ada pergantian Kapolri ya gaes? 
Katanya listyo sigit mo diganti suyudi yang kepala BNN itu 🫣
Puas banget liat sigit lengser 🤣 https://t.co/BQneI7VT3b","2105493335964368924","https://pbs.twimg.com/media/HTg3Bz7agAAJwBc.jpg","","in","","1","13","10","https://x.com/Uniliswara0/status/2105493335964368924","2054833974577602560","Uniliswara0"
"2105493294008656327","2026-10-01T03:01:34.000Z","0","DPR RI sudah menerima surat dari Presiden Prabowo terkait usulan pemberhentian Jenderal Listyo Sigit Prabowo dari jabatan Kapolri.

https://t.co/iWlLqxK8aU","2105493294008656327","","","in","","0","0","0","https://x.com/indozonemedia/status/2105493294008656327","350668803","indozonemedia"
"2105493284336595377","2026-10-01T03:01:31.000Z","0","Akhirnya @ListyoSigitP tergantikan dengan Komjen Suyudi Ario Seto calon tunggal  sebagai Kapolri . 
Reformasi Polri dimulai. 

Profil Komjen Suyudi, Calon Kapolri yang Diusulkan Prabowo Gantikan Listyo Sigit

Klik untuk baca: https://t.co/aSdb2ilBDu","2105493284336595377","","","in","","0","0","0","https://x.com/imokle_/status/2105493284336595377","2080585293888212992","imokle_"
"2105492964898455837","2026-10-01T03:00:15.000Z","47","Komjen Suyudi Ario Seto disetujui komisi III DPR sebagai kapolri baru. Selamat! https://t.co/NUxOeyarMS","2105492964898455837","https://pbs.twimg.com/amplify_video_thumb/2105492909588115456/img/BXKPX8mLOj05_0t4.jpg","","in","","4","4","10","https://x.com/panca66/status/2105492964898455837","82042655","panca66"
"2105492795314286686","2026-10-01T02:59:35.000Z","0","Kapolri diganti ya","2105492795314286686","","","in","","0","1","0","https://x.com/budhihermanto/status/2105492795314286686","83831657","budhihermanto"
"2105492764872053027","2026-10-01T02:59:27.000Z","0","Profil dan Jejak Rekam Komjen Suyudi, Calon Kapolri Pengganti Listyo Sigit yang Diusulkan Presiden Prabowo
 
https://t.co/gnor1CLpn4 lewat @tribunnews","2105492764872053027","","","in","","0","0","0","https://x.com/banjarmasinpost/status/2105492764872053027","65639033","banjarmasinpost"
"2105492738351530484","2026-10-01T02:59:21.000Z","226","Baca di sini: https://t.co/HFSw3I6qPh

Presiden Prabowo Subianto mengirim Surpres kepada DPR terkait pergantian Kapolri Listyo Sigit Prabowo, dengan Komjen Suyudi Ario Seto diusulkan sebagai calon Kapolri untuk menjalani uji kelayakan di DPR.

~IQ #Kapolri #Prabowo https://t.co/qUJmGnnoQb","2105492738351530484","https://pbs.twimg.com/media/HTg2c2HasAAMDMC.jpg","","in","","20","29","58","https://x.com/kompascom/status/2105492738351530484","23343960","kompascom"
"2105492591366279558","2026-10-01T02:58:46.000Z","10","Presiden Prabowo Subianto resmi mengajukan Kepala BNN, Komjen Pol. Suyudi Ario Seto, sebagai calon Kapolri untuk menggantikan Jenderal Listyo Sigit Prabowo.

​Usulan ini tertuang dalam Surat Presiden (Surpres) yang dikirimkan ke DPR RI. Menindaklanjuti hal tersebut, Komisi III https://t.co/LSHD1b0rGt","2105492591366279558","https://pbs.twimg.com/media/HTg2VUubcAAU4L7.jpg","","in","","0","3","0","https://x.com/RadioElshinta/status/2105492591366279558","121640063","RadioElshinta"
"2105491089847398732","2026-10-01T02:52:48.000Z","5","Jejak Karier Suyudi Ario Seto, dari Reserse hingga Calon Kapolri

https://t.co/rzgVVc7KIs","2105491089847398732","","","in","","0","0","1","https://x.com/liputan6dotcom/status/2105491089847398732","47596019","liputan6dotcom"
"2105491028581265703","2026-10-01T02:52:34.000Z","0","Komjen Suyudi Ario Seto Jalani Uji Kelayakan Calon Kapolri di DPR, Berikut Rekam Jejaknya
 
https://t.co/ntycZb3cSK lewat @tribunnews","2105491028581265703","","","in","","0","0","0","https://x.com/tribunmedan/status/2105491028581265703","142305302","tribunmedan"
"2105484055114584257","2026-10-01T02:52:25.000Z","2","Petinggi Reserse &amp; Kewilayahan Tinggi:

-​Direktur Reserse Kriminal Umum (Dirreskrimum) Polda Metro Jaya (2019) – aktif membongkar berbagai kasus kriminal besar

-​Wadirtipideksus dan Wadirtipidsiber Bareskrim Polri

-​Wakapolda Metro Jaya

-​Kapolda Banten (2024–2025)

-​Kepala","2105490992245952866","","ruanglupa","in","","0","0","0","https://x.com/ruanglupa/status/2105490992245952866","2047276427901386752","ruanglupa"
"2105490957928144942","2026-10-01T02:52:17.000Z","4","Semoga Tidak Terkontaminasi kepentingan Jokowi 

Agar masalah Ijazah Palsu, Terang Benderang dan diungkap ke Publik
tanpa intervensi Kapolri 

@KomisiIII
@habiburokhman

https://t.co/u77CPNlaLG https://t.co/t8ZSwLcut2","2105490957928144942","https://pbs.twimg.com/media/HTg03XfaMAAywgm.jpg","","in","","1","2","1","https://x.com/jawir69/status/2105490957928144942","174193809","jawir69"
"2105490934196801573","2026-10-01T02:52:11.000Z","688","SAH

Komisi III DPR RI menyetujui secara aklamasi Komjen Suyudi sebagai KAPOLRI periode 2026-2029. https://t.co/zMXOVHPWFW","2105490934196801573","https://pbs.twimg.com/amplify_video_thumb/2105490780941099009/img/ngQpo1hCg6g1W2jV.jpg","","in","","13","38","79","https://x.com/pw_gun/status/2105490934196801573","825756199","pw_gun"
"2105490837476151612","2026-10-01T02:51:48.000Z","5","Presiden Prabowo Subianto mengirimkan surat ke Dewan Perwakilan Rakyat (DPR) terkait usulan pemberhentian Listyo Sigit Prabowo dari jabatan Kapolri pada 30 September 2026. Dalam surat tersebut, Prabowo mengusulkan Komjen Pol. Suyudi.

Simak selengkapnya: https://t.co/HH7qNJCSgX https://t.co/Jpi2m5cBYg","2105490837476151612","https://pbs.twimg.com/media/HTg0tqAbgAAzt8j.jpg","","in","","0","0","1","https://x.com/BloombergTZ/status/2105490837476151612","1582972008479920129","BloombergTZ"
"2105490835202867459","2026-10-01T02:51:47.000Z","0","Tbtb banget Kapolri dicopot wkwk","2105490835202867459","","","in","","0","0","0","https://x.com/iendinink/status/2105490835202867459","1534046346281644033","iendinink"
"2105466294133035156","2026-10-01T02:51:20.000Z","0","@ListyoSigitP Selamat memasuki purna tugas pak.. sbg kapolri..","2105490721532997896","","ListyoSigitP","in","","0","0","0","https://x.com/rzky1982/status/2105490721532997896","1935535065943207936","rzky1982"
"2105490687445848145","2026-10-01T02:51:12.000Z","52","Setahun yang lalu:

https://t.co/80NiVLE7xH","2105490687445848145","","","in","","0","0","18","https://x.com/husseinAMD/status/2105490687445848145","100983559","husseinAMD"
"2105490585318752457","2026-10-01T02:50:48.000Z","0","Ganti kapolri 
Ini menarik nih bakal banyak yang panik","2105490585318752457","","","in","","0","0","0","https://x.com/rwyndo90/status/2105490585318752457","1959865448625065984","rwyndo90"
"2105490465403662582","2026-10-01T02:50:19.000Z","4299","BREAKING NEWS
prabowo kirim surpres ke dpr pemberhentian kapolri jenderal listyo sigit https://t.co/QCjsB5k5Zj","2105490465403662582","https://pbs.twimg.com/media/HTg0S-OawAAA2G8.png","","in","","202","200","347","https://x.com/LambeSahamjja/status/2105490465403662582","1772323119111487490","LambeSahamjja"
"2105490338026790999","2026-10-01T02:49:49.000Z","37","Penggantinya sesuai prediksi.. Kapolri Listyo Sigit akhirnya diganti Sujudi.. https://t.co/cuz64ix5mP","2105490338026790999","https://pbs.twimg.com/media/HTg0TTTakAApMdy.jpg","","in","","0","6","4","https://x.com/PaltiHutabarat/status/2105490338026790999","214159664","PaltiHutabarat"
"2105490299623719190","2026-10-01T02:49:40.000Z","0","Wow kapolri mau diganti. 😦","2105490299623719190","","","in","","0","0","0","https://x.com/travisdump_/status/2105490299623719190","1421038616399073280","travisdump_"
"2105490280174739806","2026-10-01T02:49:35.000Z","0","Pergantian KAPOLRI adalah angin segar .
Semoga sebelum viral Polisi lebih tanggap 👍","2105490280174739806","","","in","","0","0","0","https://x.com/senyuuumdoong/status/2105490280174739806","3334646472","senyuuumdoong"
"2105490263762501912","2026-10-01T02:49:31.000Z","683","Baca di sini: https://t.co/4ldL70F4Wo 

Presiden Prabowo Subianto mengirim Surat Presiden (Surpres) kepada DPR untuk memberhentikan Kapolri Jenderal Listyo Sigit Prabowo.

~KR #SuratPresiden #Prabowo [2026100109175251] https://t.co/n9v9tWb3Ge","2105490263762501912","https://pbs.twimg.com/amplify_video_thumb/2105490165913563136/img/5QIJ-nEUM0WMXuNn.jpg","","in","","94","187","164","https://x.com/kompascom/status/2105490263762501912","23343960","kompascom"
"2105490182866952386","2026-10-01T02:49:12.000Z","0","Kapolri ini kayanya orang terakhir dari perwakilan Solo. Bisa jadi si Wowo lagi bersih2 orang2nya Wiwi.

Jangan2 putusan MK nanti jadi puncaknya 🤔","2105490182866952386","","","in","","0","0","0","https://x.com/trimujokobayu/status/2105490182866952386","168693439","trimujokobayu"
"2105489874807562578","2026-10-01T02:47:58.000Z","0","Akhirnya kapolri segera diganti!","2105489874807562578","","","in","","0","0","0","https://x.com/machineheadz/status/2105489874807562578","821851706","machineheadz"
"2105489710030426227","2026-10-01T02:47:19.000Z","40","ya kemarin menang gacor banget bnn. . . setahun ungkap ber ton ton narkoba. 

• selamat bertugas pak Kapolri yang baru 👍 https://t.co/E7Qekhq5GG","2105489710030426227","https://pbs.twimg.com/media/HTgzuQvaQAAT5UU.jpg","","in","","1","4","3","https://x.com/Sebelahkampus/status/2105489710030426227","1901591046","Sebelahkampus"
"2105489630611267635","2026-10-01T02:47:00.000Z","10","Presiden RI Prabowo Subianto resmi menerbitkan Surat Presiden (Surpres) Nomor R57/Pres/2026 tertanggal 30 September 2026 mengenai usulan pemberhentian Jenderal Listyo Sigit Prabowo dan penunjukan Kepala BNN Komjen Pol. Suyudi Ario Seto sebagai calon Kapolri baru.

Pimpinan DPR RI https://t.co/IbktIDzeAm","2105489630611267635","https://pbs.twimg.com/media/HTgzptkaIAAR1Sj.jpg","","in","","0","0","3","https://x.com/Metro_TV/status/2105489630611267635","57261519","Metro_TV"
"2105489571291320677","2026-10-01T02:46:46.000Z","0","Wahh kapolri dicopotttt","2105489571291320677","","","in","","0","0","0","https://x.com/stoichiometryyy/status/2105489571291320677","1045518509831122945","stoichiometryyy"
"2105489528706470301","2026-10-01T02:46:36.000Z","0","#SuyudiArioSeto bagaimana kebebasan bersuara, berserikat dan berdemonstrasi akan dijamin ketika kewenangan penegakan hukum berada di tangannya sebagai Kapolri?
@DPR_RI","2105489528706470301","","","in","","0","0","0","https://x.com/SandiMataram/status/2105489528706470301","1758077753809907712","SandiMataram"
"2105489287949226149","2026-10-01T02:45:39.000Z","0","Presiden Prabowo Kirim Surat Usulan Pergantian Kapolri Ke DPR https://t.co/r5htDUcFZj lewat @Koran Bogor","2105489287949226149","","","in","","0","0","0","https://x.com/martinusnussah/status/2105489287949226149","97858954","martinusnussah"
"2105488997724438708","2026-10-01T02:44:29.000Z","0","CALON KAPOLRI &amp; UJIAN DEMOKRASI

Suyudi Ario Seto pernah memimpin Reskrimum Polda Metro Jaya saat Ananda Badudu ditangkap dan Dandhy Laksono diproses hukum, tindakan mengancam kebebasan berpendapat.
#AncamanDemokrasi
@DPR_RI","2105488997724438708","","","in","","0","0","0","https://x.com/SandiMataram/status/2105488997724438708","1758077753809907712","SandiMataram"
"2105488950622347716","2026-10-01T02:44:18.000Z","27","BREAKING NEWS: Prabowo Kirim Surpres Pemberhentian Kapolri Jenderal Listyo Sigit

Klik link untuk baca: https://t.co/HFSw3I6qPh

Presiden Prabowo Subianto mengirim Surat Presiden (Surpres) kepada DPR untuk memberhentikan Kapolri Jenderal Listyo Sigit Prabowo.

""Pagi ini pimpinan","2105488950622347716","","","in","","4","2","12","https://x.com/kompascom/status/2105488950622347716","23343960","kompascom"
"2105488681406792145","2026-10-01T02:43:14.000Z","0","Kapolri ganti?","2105488681406792145","","","in","","0","0","0","https://x.com/bintang_muh/status/2105488681406792145","67315202","bintang_muh"
"2105488677392773522","2026-10-01T02:43:13.000Z","24","Komisi III DPR RI hari ini, Kamis (1/10/2026), menggelar uji kelayakan dan kepatutan (fit and proper test) terhadap calon Kepala Kepolisian Republik Indonesia (Kapolri), Komjen Pol. Suyudi Ario Seto.

​Uji kelayakan ini dipimpin langsung oleh Ketua Komisi III DPR RI, https://t.co/TnGEecJGEt","2105488677392773522","https://pbs.twimg.com/amplify_video_thumb/2105488438690713600/img/gE4tcZYUEEoC690M.jpg","","in","","0","0","4","https://x.com/RadioElshinta/status/2105488677392773522","121640063","RadioElshinta"
"2105488486736539796","2026-10-01T02:42:27.000Z","0","Habiburokhman mengatakan pimpinan DPR RI menerima surat dari Presiden Republik Indonesia Prabowo Subianto mengenai usulan pemberhentian dan pengangkatan jabatan Kapolri pada 30 September 2026.

Baca selengkapnya 
https://t.co/5SahhLd5tf https://t.co/VJYez93Cw2","2105488486736539796","https://pbs.twimg.com/media/HTgyne-bYAArWb2.jpg","","in","","0","0","0","https://x.com/antaranews/status/2105488486736539796","18071520","antaranews"
"2105487974146461745","2026-10-01T02:40:25.000Z","21","Ketua Komisi III DPR, Habiburokhman, mengumumkan dalam konferensi pers di ruang komisi III DPR RI pada Kamis (1/10) bahwa Presiden Prabowo Subianto telah mengirimkan Surat Presiden (Surpres) mengenai pergantian Kapolri. Calon yang diusulkan adalah Kepala BNN, Komjen Pol Suyudi https://t.co/20Mdht9ilc","2105487974146461745","https://pbs.twimg.com/media/HTgx8EhbYAEb3xg.jpg","","in","","4","4","6","https://x.com/Metro_TV/status/2105487974146461745","57261519","Metro_TV"
"2105487904462217319","2026-10-01T02:40:09.000Z","29","Prabowo Usulkan Suyudi Ario Seto Jadi Calon Kapolri Gantikan Listyo Sigit

https://t.co/0hBWc1szN8","2105487904462217319","","","in","","1","14","4","https://x.com/liputan6dotcom/status/2105487904462217319","47596019","liputan6dotcom"
"2105474276115759377","2026-10-01T02:38:58.000Z","2","@DianSandiU @gibran_tweet Bener gak tuh kapolri mau diganti, mantap nih genk solo mau dibredel ama prabowo.","2105487607753027720","","DianSandiU","in","","0","0","0","https://x.com/Congor_jok/status/2105487607753027720","1354677705724186625","Congor_jok"
"2105487442585465045","2026-10-01T02:38:19.000Z","233","BREAKING ‼️

Kepala BNN Komjen Suyudi CALON KAPOLRI

Suyudi sudah mendapat dukungan dari Presiden Prabowo. https://t.co/FVSOEoiO5g","2105487442585465045","https://pbs.twimg.com/media/HTgxqqzbsAEw0T2.jpg","","in","","10","9","40","https://x.com/pw_gun/status/2105487442585465045","825756199","pw_gun"
"2105487423811797166","2026-10-01T02:38:14.000Z","39","Komjen Pol Suyudi Ario Seto tiba di Kompleks Parlemen, Senayan, Kamis (1/10). Suyudi mengikuti fit and proper test calon Kapolri di Komisi III DPR.

Sebelumnya, Presiden Prabowo Subianto telah menyerahkan Surpres berisi pergantian nama Kapolri ke Komisi III. Adapun nama yang https://t.co/Cs0eLhx8PY","2105487423811797166","https://pbs.twimg.com/amplify_video_thumb/2105487226704703488/img/41REzD1YN9Lew_D6.jpg","","in","","1","1","12","https://x.com/kumparan/status/2105487423811797166","759692754985242625","kumparan"
"2105487349341982887","2026-10-01T02:37:56.000Z","11","Fit and Proper Test Calon Kapolri Komjen Pol. Suyudi Ario Seto. https://t.co/y213SLbB83","2105487349341982887","https://pbs.twimg.com/media/HTgxlR6bgAAxXKP.jpg","","in","","0","1","1","https://x.com/PutraMataSatu/status/2105487349341982887","1432880079843987459","PutraMataSatu"
"2105484113524482542","2026-10-01T02:36:59.000Z","10","Sebelumnya, pada September 2025, namanya sempat viral setelah beredar rumor di media sosial bahwa ia masuk dlm bursa calon Kapolri u/ menggantikan Jend. Listyo Sigit. Mencuat sesaat setelah ia resmi dilantik sbg Kepala BNN dan pangkatnya naik dari Irjen mjd Komjen (Bintang 3) spt","2105487110409216153","","eddesign_","in","","0","0","2","https://x.com/eddesign_/status/2105487110409216153","325599485","eddesign_"
"2105487043216425308","2026-10-01T02:36:43.000Z","792","Selamat untuk Kepolisian Negara Republik Indonesia memiliki Kapolri baru dengan rekam jejak Integritas dan Profesional yg baik. Komjen Suyudi AS, Pilihan terbaik Presiden Prabowo. Semoga Polri semakin dicintai rakyat yg Melindungi, Mengayomi serta Melayani Rakyat. Majulah POLRI. https://t.co/mAI1CyKkRn","2105487043216425308","https://pbs.twimg.com/media/HTgxTfGbQAEafYp.jpg","","in","","21","102","607","https://x.com/yuddychrisnandi/status/2105487043216425308","85596149","yuddychrisnandi"
"2105486910991048942","2026-10-01T02:36:12.000Z","1","Presiden Prabowo mengusulkan Komjen Suyudi Ario Seto sebagai calon Kapolri untuk menggantikan Jenderal Listyo Sigit Prabowo.

Usulan tersebut menjadi bagian dari proses pergantian Kepala Kepolisian Negara Republik Indonesia (Kapolri). Selanjutnya, nama Komjen Suyudi akan https://t.co/o2nPVPXxXX","2105486910991048942","https://pbs.twimg.com/media/HTgxLuWaMAA6S9h.jpg","","in","","0","0","0","https://x.com/garudatvnews/status/2105486910991048942","502140136","garudatvnews"
"2105486853885612531","2026-10-01T02:35:58.000Z","0","BREAKING NEWS: Prabowo Kirim Surpres Pemberhentian Kapolri Jenderal Listyo Sigit

Klik untuk baca: https://t.co/bZYxFzEf6Z","2105486853885612531","","","in","","0","0","1","https://x.com/payyahbisnk/status/2105486853885612531","1950341508835483648","payyahbisnk"
"2105486377832141069","2026-10-01T02:34:05.000Z","61","Reshuffle lagi... Kepala BNN Suyudi Ario Seto dicalonkan jadi Kapolri Baru...!!!","2105486377832141069","","","in","","0","6","3","https://x.com/TheEconopost/status/2105486377832141069","990656393496547328","TheEconopost"
"2105485928890552499","2026-10-01T02:32:18.000Z","0","Calon Kapolri nih.. https://t.co/LzZ5kb8KyI","2105485928890552499","https://pbs.twimg.com/media/HTgwS2NaoAA7mxZ.jpg","","in","","0","1","0","https://x.com/Kevin_Imut123/status/2105485928890552499","1737715800218484737","Kevin_Imut123"
"2105485867599212982","2026-10-01T02:32:03.000Z","0","Gibran semakin dekat dimakzulkan dengan ijazah, Kapolri Listyo selangkah lagi diganti. 1 Oktober yang darderdor🤯","2105485867599212982","","","in","","0","0","0","https://x.com/Ezyyfootball/status/2105485867599212982","2050925862736822272","Ezyyfootball"
"2105327044418752564","2026-09-30T16:00:57.000Z","0","Sambut 6.027 Mahasiswa Baru, PKKMB UMSU 2026 Hadirkan Ketum PP Muhammadiyah, Kapolri dan Gubsu https://t.co/eQC300nG7c","2105327044418752564","","","in","","0","0","0","https://x.com/tajdid_id/status/2105327044418752564","1152587089227026434","tajdid_id"
"2105320571202576735","2026-09-30T15:35:13.000Z","0","Optimalkan Harkamtibmas, Personel Polsek Bebandem Gelar Patroli Barcode Menyasar Sekolah dan Objek Vital 
​Menindaklanjuti Commander Wish Kapolri dan arahan Kapolres Karangasem dalam rangka Pemantapan Harkamtibmas, Polsek Bebandem terus mengintensifkan Kegiatan Rutin https://t.co/SOQwpqFKVc","2105320571202576735","https://pbs.twimg.com/media/HTeZythaUAA7uql.jpg","","in","","0","0","0","https://x.com/PBebandem/status/2105320571202576735","1250737558935363589","PBebandem"
"2105319540112715998","2026-09-30T15:31:07.000Z","0","Jaga Kondusifitas Wilayah, Polsek Bebandem Gelar Patroli Dialogis KRYD Sambangi Pemukiman Warga dan Objek Vital
​Menindaklanjuti Commander Wish Kapolri dan arahan Kapolres Karangasem dalam mewujudkan Pemantapan Harkamtibmas, personel Polsek Bebandem menggelar Kegiatan Rutin https://t.co/Pm9EBZ7Fnd","2105319540112715998","https://pbs.twimg.com/media/HTeY6zoakAAM1wq.jpg","","in","","0","0","0","https://x.com/PBebandem/status/2105319540112715998","1250737558935363589","PBebandem"
"2105183559149641773","2026-09-30T15:29:21.000Z","0","@ejaaipongg Intinya semua yang kerja di kapolri itu adalah orang orang bodoh yang teramat bodoh, mereka menganggap semua yang berakhir tabrakan adalah tersangka tanpa kecuali.","2105319092387541339","","ejaaipongg","in","","0","0","0","https://x.com/zulfikar_k360ib/status/2105319092387541339","1311843980636643328","zulfikar_k360ib"
"2105318498562187733","2026-09-30T15:26:59.000Z","0","Ngaji Kebangsaan Bersama Gus Baha, Kapolri Tekankan Keimanan sebagai Landasan Pengabdian kepada Masyarakat https://t.co/poFSYPnTJk https://t.co/KarQ3pRKmS","2105318498562187733","https://pbs.twimg.com/media/HTeYAZyb0AAfEVH.jpg","","in","","0","0","0","https://x.com/IndonesiaIbi/status/2105318498562187733","1030020807433453568","IndonesiaIbi"
"2105288490619633896","2026-09-30T14:03:20.000Z","0","@indepenSumatera kapolri terlama itu menjabat","2105297445207064935","","indepenSumatera","in","","0","0","0","https://x.com/avocvddlee/status/2105297445207064935","1703111617045831680","avocvddlee"
"2105293605464412465","2026-09-30T13:48:04.000Z","4","korupsi tidak akan pernah selesai di konoha, sekalipun malaikat yg jadi ketua KPK, jaksa agung, dan kapolri. mau dikejar sampai neraka pun sdh dikuasai koruptor.
apa yg rakyat mau harapkan kalau kualitas pembuat UU dan pengawas pemerintahnya satu server dgn koruptor²nya, membela","2105293605464412465","","","in","","0","0","0","https://x.com/temanduit/status/2105293605464412465","1299521463150542849","temanduit"
"2105272015427158270","2026-09-30T12:22:17.000Z","0","https://t.co/6WhjfnHVkz","2105272015427158270","","","zxx","","0","0","0","https://x.com/Polsek_Natal89/status/2105272015427158270","1587325273745551360","Polsek_Natal89"
"2105266667580489799","2026-09-30T12:01:02.000Z","3","guys lu pada tau gak nih
polri alias kepolisian akan jadi agen perlinsos digital sampai ke pedesaan

yang ngajak itu kemensos alias kementerian sosial sama den alias dewan ekonomi nasional

menteri sosial gus ipul sama ketua kptdp luhut binsar pandjaitan dateng langsung ke mabes https://t.co/Drz7oNQrhv","2105266667580489799","https://pbs.twimg.com/media/HTdovVVagAAlidi.png","","in","","1","1","0","https://x.com/LambeSahamjja/status/2105266667580489799","1772323119111487490","LambeSahamjja"
"2105263422686265617","2026-09-30T11:48:08.000Z","0","Mempersiapkan generasi muda yang unggul dan berkarakter menuju Indonesia Emas 2045!

Kapolri hadir memberikan kuliah umum dalam acara PKKMB Universitas Muhammadiyah Sumatera Utara (UMSU) 2026 di hadapan 6.027 mahasiswa baru. https://t.co/Iuxn8qrodY","2105263422686265617","https://pbs.twimg.com/amplify_video_thumb/2105263000164683776/img/WP7xHPwNyWGcVXre.jpg","","in","","0","0","0","https://x.com/polisipusat/status/2105263422686265617","2057013982205247488","polisipusat"
"2105256742968009078","2026-09-30T11:21:35.000Z","0","kapolri kapan ?","2105256742968009078","","","in","","0","0","0","https://x.com/deBUGsy/status/2105256742968009078","213626100","deBUGsy"
"2105256125918851146","2026-09-30T11:19:08.000Z","0","Yth. Bpk Presiden @prabowo
Yth. Bpk Kapolri @ListyoSigitP
PETI merajalela terkhusus di Sungai Katingan Lihat video Dii! #TikTok https://t.co/Dtl8Kb4yon","2105256125918851146","","","in","","0","0","0","https://x.com/LinoTahir3/status/2105256125918851146","1607520922931691520","LinoTahir3"
"2105243183810818556","2026-09-30T10:27:43.000Z","2","Kapolda Lampung Irjen Pol. Helfi Assegaf, S.I.K., M.H., bersama Wakapolda Lampung Brigjen Pol. Drs. Sumarto, https://t.co/LEnOje90f8., Irwasda, PJU Polda Lampung, dan Kapolres jajaran mengikuti arahan Kapolri melalui video conference di Ruang Vicon Polda Lampung, Rabu https://t.co/KkpLYb4J2o","2105243183810818556","https://pbs.twimg.com/media/HTdTgwpa8AAzMoi.jpg","","in","","0","0","1","https://x.com/humaspoldalpg/status/2105243183810818556","843124411","humaspoldalpg"
"2104866976354951602","2026-09-30T10:12:55.000Z","0","@kenhans03 kayknya ini tidak akan bisa diatasi kalau bukan oleh Kapolri sendiri yg turun tangan.","2105239461764411685","","kenhans03","in","","0","0","0","https://x.com/wrahardian2/status/2105239461764411685","3248886918","wrahardian2"
"2105232655377994093","2026-09-30T09:45:53.000Z","8","Eng ing eengg!!

Kapolri listyo bakal diganti?? https://t.co/7jB5ErkFvu","2105232655377994093","https://pbs.twimg.com/amplify_video_thumb/2105232619764109312/img/VTyfUVsbNgPh07Qy.jpg","","in","","0","3","0","https://x.com/djoniecash2/status/2105232655377994093","1210505846553079808","djoniecash2"
"2105111914544308503","2026-09-30T08:50:39.000Z","0","@SETYAKI22965702 kalo g ada masalah...
trus siapa yg bs perintah/kendalikan kapolri?
😷😷😷😷😷😷","2105218757694271943","","SETYAKI22965702","in","","0","0","0","https://x.com/WAHIDFD1/status/2105218757694271943","1332825879227994112","WAHIDFD1"
"2105210568571494566","2026-09-30T08:18:07.000Z","0","Polres Metro Tangerang Kota mengikuti Arahan Kapolri bersama Menteri Sosial RI dan Ketua Komite Percepatan Transformasi Digital Pemerintah melalui Zoom Meeting. Kegiatan berlangsung di Ruang Rapat Lt. 6 dan diikuti PJU Polres serta Kapolsek jajaran. https://t.co/rNkVw01RAg","2105210568571494566","https://pbs.twimg.com/media/HTc1zfMaoAAxCIy.jpg","","in","","0","0","0","https://x.com/restrotangkot/status/2105210568571494566","4722542119","restrotangkot"
"2105206711615176936","2026-09-30T08:02:47.000Z","53","Kalau saya Kapolri Malu bangt rasanya 😔","2105206711615176936","","","in","","1","3","39","https://x.com/IbrahimAzzaini/status/2105206711615176936","1069779728578437121","IbrahimAzzaini"
"2105200051958218783","2026-09-30T07:36:19.000Z","0","Gus Baha di Depan Kapolri: Semua Harus Tobat, Jangan Saling Menyalahkan dlvr.​it/TVjHH6 https://t.co/JMsYRoJCMv","2105200051958218783","https://pbs.twimg.com/media/HTcsSrAagAAXxuM.jpg","","in","","0","0","0","https://x.com/Riau24Com/status/2105200051958218783","788744100","Riau24Com"
"2105195881201025039","2026-09-30T07:19:45.000Z","0","ARAHAN KAPOLRI DALAM RANGKA SOSIALISASI PROGRAM PERLINDUNGAN SOSIAL

Polda Bali mengikuti arahan Kapolri dalam rangka sosialisasi Program Perlindungan Sosial yang disampaikan oleh Menteri Sosial RI dan Ketua Komite Percepatan Transformasi Digital melalui Zoom Meeting. https://t.co/7QfAKduKIv","2105195881201025039","https://pbs.twimg.com/media/HTcofiRakAA3sVg.jpg","","in","","0","0","0","https://x.com/Birosdmbali/status/2105195881201025039","1645961683792457728","Birosdmbali"
"2104895827688989018","2026-09-29T11:27:27.000Z","11","Tim Terjun Payung Polri yang memperkuat Tim Nasional Indonesia berhasil meraih satu medali emas dan dua medali perak pada 2nd FAI Asian Indoor Skydiving Championships 2026. Kegiatan  yang berlangsung 17 hingga 20 September 2026 di Gedung Soemardhi Simulator Terjun Payung, Wind https://t.co/5wOeqo0OPF","2104895827688989018","https://pbs.twimg.com/media/HTYXl4ybkAA44c7.jpg","","in","","0","33","0","https://x.com/DivHumas_Polri/status/2104895827688989018","138290629","DivHumas_Polri"
"2104765037122670991","2026-09-29T11:09:50.000Z","1","@tham878 Gibran gak Punya APBN , tapi yg ngangkat Kapolri , Panglima TNI , Kejagung , Pimpinan KPK , KPU bawaslu .mendagri  bapaknya Gibran , sama Preside Prabowo belum di ganti .....","2104891396654260369","","tham878","in","","0","0","0","https://x.com/wiro45328/status/2104891396654260369","1977203847753084928","wiro45328"
"2104883973923176599","2026-09-29T10:40:22.000Z","0","Dengan Hormat
Hatur Terimakasih Untuk Jajaran Kepolisian Republik Indonesia KAPOLRI Serta Dharma Wanita POLRI Diseluruh Nusa Dan Bangsa 
( NKRI).
UNTUK KAPOLRI. 
HORMAT.","2104883980780831051","","GinIndrayati","in","","0","0","0","https://x.com/GinIndrayati/status/2104883980780831051","1591284430378741760","GinIndrayati"
"2104883901235855622","2026-09-29T10:40:03.000Z","0","Jelang Muktamar 2027, Muhammadiyah Minta Dukungan Kapolri https://t.co/37MBqie5Sj","2104883901235855622","","","in","","0","0","0","https://x.com/abadikinicom/status/2104883901235855622","1554019722","abadikinicom"
"2104882017171316944","2026-09-29T10:32:34.000Z","1","Satu Klik, Sejuta Dampak: Kapolri Dorong Pemuda Bijak dan Produktif di Era Digital

MEDAN, 28 September 2026 — “Satu Klik, Sejuta Dampak” menjadi tema Pengenalan Kehidupan Kampus bagi Mahasiswa Baru (PKKMB) Universitas Muhammadiyah Sumatera Utara (UMSU) 2026. Tema tersebut sejala https://t.co/jaQsGN8Aqr","2104882017171316944","https://pbs.twimg.com/media/HTYLCaaaQAAX9qf.jpg","","in","","0","0","0","https://x.com/PoldaSdm1871/status/2104882017171316944","1786913209921990656","PoldaSdm1871"
"2104872225429975082","2026-09-29T09:53:39.000Z","68","Kapolri sudah memberikan kode, Ngaji Kebangsaan kemarin bersama Gus Baha. 
Untuk oknum2 Polri yg ingin belajar agama, ya dari Ulama2 yg bener macam Gus Baha, yg sanad keilmuannya jelas, yg jelas2 mencintai Indonesia, yg moderat. 
Jangan malah belajar agama sama klp Wahabi Salafi https://t.co/YsiV8zbqbA","2104872225429975082","https://pbs.twimg.com/amplify_video_thumb/2104872173823488000/img/fFo2CL1hhesuyhMz.jpg","","in","","2","18","9","https://x.com/gagal_hijrah/status/2104872225429975082","1403707522595180553","gagal_hijrah"
"2104872201396887918","2026-09-29T09:53:34.000Z","0","Kapolri Minta Jajaran Kembangkan Potensi Pangan Lokal untuk Pasokan MBG

https://t.co/UO2pmecRSL https://t.co/Fo8QpuaU5J","2104872201396887918","https://pbs.twimg.com/media/HTYCDmObMAADb4L.jpg","","in","","0","0","0","https://x.com/sinpotv/status/2104872201396887918","1012174601055449088","sinpotv"
"2104867466967228731","2026-09-29T09:34:58.000Z","6","Kapolri Listyo Sigit Prabowo juga ngingetin, tantangan bangsa ini makin kompleks. Persatuan harga mati! Perbedaan itu karakter kita, harus dikelola biar gak jadi konflik yang rugiin rakyat &amp; negara. Jadi, jangan gampang kepancing narasi perpecahan https://t.co/kmNsTw0enI","2104867523040858612","https://pbs.twimg.com/media/HTX92hlbQAASOn-.jpg","chanzyeolk","in","","0","1","0","https://x.com/chanzyeolk/status/2104867523040858612","1327925913258868738","chanzyeolk"
"2104803287048569255","2026-09-29T09:31:47.000Z","0","@DivHumas_Polri Mantap Kapolri ngajarin kita pinter dan aman digital","2104866721765228945","","DivHumas_Polri","in","","0","0","0","https://x.com/kingrafrod/status/2104866721765228945","1943603310688428032","kingrafrod"
"2104855120496439779","2026-09-29T08:45:56.000Z","0","7/ Sekali lagi ya pak @ListyoSigitP, Saya bukan pelapor dadakan.

Melalui SP4N LAPOR terkait Institusi Polri telah delapan kali saya tulis sejak 2024.

Melalui Dumas Presisi: Pengaduan pertama STTLPM 214 ditutup dalam waktu 19 jam dengan ‘Tidak Berkadar Was.’
Lalu pengaduan atas https://t.co/LBQVk82Jrn","2104855183411048687","https://pbs.twimg.com/media/HTXx9b3aMAAwvef.jpg","Do_ttie","in","","0","1","0","https://x.com/Do_ttie/status/2104855183411048687","182744497","Do_ttie"
"2104855120496439779","2026-09-29T08:45:41.000Z","1","1/ SURAT TERBUKA II UNTUK KAPOLRI
Pak @ListyoSigitP Saya bukan pelapor dadakan yang baru membuat pengaduan di platform ini. Justru karena Institusi Anda tidak menindaklanjuti berkas pengaduan saya maka Surat Terbuka ini ada.

Kronologi Detail, Ringkasan Perkara 3 buah LP, dan https://t.co/ntSl5ZflFS","2104855120496439779","https://pbs.twimg.com/media/HTXykj8bIAAQnd2.jpg","","in","","1","1","1","https://x.com/Do_ttie/status/2104855120496439779","182744497","Do_ttie"
"2104849607255790018","2026-09-29T08:23:47.000Z","1","Ngaji Kebangsaan_Selalu ada cerita di setiap kegiatan, terima kasih Kompol Setiaji sudah menghibur dan memberi challenge dan hadiah kepada anak anak Narukan di sela menunggu kedatangan Pak Kapolri dan Rombongan.
#lp3ia 
#polisibaik 
#ngajikebangsaan 
#narukan 
#polisiindonesia https://t.co/lYPmH1IXNG","2104849607255790018","https://pbs.twimg.com/amplify_video_thumb/2104849441740161024/img/QjFm6e1w48-syYw2.jpg","","in","","0","0","0","https://x.com/PenjagaMpr23824/status/2104849607255790018","1672939433920987136","PenjagaMpr23824"
"2104847003046019408","2026-09-29T08:13:26.000Z","1","“Mari umara dan ulama terus bergandengan tangan untuk menjaga persatuan, merawat NKRI, dan mewujudkan masyarakat yang adil dan makmur.”

Kapolri Jenderal Polisi Drs. Listyo Sigit Prabowo, https://t.co/EuaNUPUjeA., menghadiri Ngaji Kebangsaan bersama KH Ahmad Bahauddin Nursalim . https://t.co/UBOVTsDTPQ","2104847003046019408","https://pbs.twimg.com/media/HTXrMM2boAEm5Md.jpg","","in","","0","0","0","https://x.com/PPrayabara34928/status/2104847003046019408","1663925029376233472","PPrayabara34928"
"2104846638338752830","2026-09-29T08:11:59.000Z","1","Kita butuh panglima dan kapolri yg berani berkata tidak kepada presiden, dan mau mendisiplin anak buah bahkan menghukum senior2 mereka yg korupsi. Rela mengurangi anggaran mereka demi perbaikan ekonomi bersama. Minta presiden menaikan gaji dgn mengurangi belanja alutsista!","2104846638338752830","","","in","","0","0","0","https://x.com/SiawFung88/status/2104846638338752830","2164263248","SiawFung88"
"2104751833554317748","2026-09-29T07:17:45.000Z","0","@publikmemantau keren pak kapolri ksh semangat lgsg ke anak umsu","2104832991771898055","","publikmemantau","in","","0","0","0","https://x.com/ErikaPratiw1/status/2104832991771898055","1506847548882886657","ErikaPratiw1"
"2104832377357009390","2026-09-29T07:15:20.000Z","0","UNTUK KAPOLRI","2104832383723675702","","GinIndrayati","in","","0","0","0","https://x.com/GinIndrayati/status/2104832383723675702","1591284430378741760","GinIndrayati"
"2104417714655654039","2026-09-29T07:15:05.000Z","0","@RickyKardjono Busukk nya SDH dr kepala kapolri smpai bawahan ya","2104832318347116714","","RickyKardjono","in","","0","0","0","https://x.com/WinerWin294146/status/2104832318347116714","1825958269225152513","WinerWin294146"
"2104830249632722979","2026-09-29T07:06:52.000Z","22","Kapolri Listyo Sigit: Bonus Demografi jadi momentum Indonesia melompat menjadi negara maju. #MoodMasyarakat #Kapolri #ListyoSigitPrabowo #UMSU #SumateraUtara https://t.co/yh0rRCfxEG","2104830249632722979","https://pbs.twimg.com/media/HTXb9DIa8AAHKnU.jpg","","in","","0","5","0","https://x.com/moodmasyarakat/status/2104830249632722979","2010910755668049923","moodmasyarakat"
"2104821417770664153","2026-09-29T06:31:46.000Z","0","Kapolri Ajak 6.027 Mahasiswa Baru UMSU Jadi Generasi Berkontribusi untuk Bangsa

#Kapolri #UMSU #PKKMB #Kabarterdepan

https://t.co/uBazUGvzsk https://t.co/jIQiOFx30x","2104821417770664153","https://pbs.twimg.com/media/HTXT1kbb0AANLxK.jpg","","in","","0","0","2","https://x.com/kabarterdepanID/status/2104821417770664153","283305745","kabarterdepanID"
"2104481781365760153","2026-09-29T06:31:38.000Z","0","@DivHumas_Polri Wakil Kapolri ikut launching bikin acara makin bergengsi","2104821384971169965","","DivHumas_Polri","in","","0","0","0","https://x.com/leonasalw/status/2104821384971169965","1977938050845184000","leonasalw"
"2104578725954429310","2026-09-29T05:24:59.000Z","0","@immakhab @nu_online semoga kapolri mualaf, meski awalnya krn profesionalisme","2104804612775498101","","immakhab","in","","0","1","0","https://x.com/xyzwitter/status/2104804612775498101","1248656295311204352","xyzwitter"
"2104803287048569255","2026-09-29T05:19:43.000Z","17","Kapolri Jenderal Polisi Drs. Listyo Sigit Prabowo, https://t.co/2Y5JuFjeud. mendorong mahasiswa baru Universitas Muhammadiyah Sumatera Utara (UMSU) 2026 untuk adaptif menghadapi perkembangan teknologi dan kecerdasan buatan. Dalam kuliah umum Pengenalan Kehidupan Kampus bagi https://t.co/RofyT5sf94","2104803287048569255","https://pbs.twimg.com/media/HTXDbbGbIAAVYWV.jpg","","in","","1","35","1","https://x.com/DivHumas_Polri/status/2104803287048569255","138290629","DivHumas_Polri"
"2104803248259649938","2026-09-29T05:19:34.000Z","17","Polri memastikan kesiapan pengamanan untuk mengawal pelaksanaan Muktamar Muhammadiyah agar seluruh rangkaian kegiatan berlangsung aman, lancar, dan sukses. Kapolri Jenderal Polisi Drs. Listyo Sigit Prabowo, M. Si., menuturkan bahwa Polri akan melakukan pengecekan serta menyiapkan https://t.co/PwJir4VUo8","2104803248259649938","https://pbs.twimg.com/media/HTXDZETasAAjTZO.jpg","","in","","1","36","1","https://x.com/DivHumas_Polri/status/2104803248259649938","138290629","DivHumas_Polri"
"2104802736218980844","2026-09-29T05:17:32.000Z","12","Di tengah kehilangan yang mengubah perjalanan hidup, Maria Revina Setia (12) dan Clarisa Marisa Tangkang (10) mendapat pesan sederhana namun penuh makna: kalian tidak sendiri. Melalui program “Kamu Tidak Sendiri”, Polri menunjukkan kepedulian kepada kedua anak yang berdomisili di https://t.co/O8AV6Js1hb","2104802736218980844","https://pbs.twimg.com/amplify_video_thumb/2104802540667969536/img/-3iKkuyXp8fIx4mB.jpg","","in","","0","35","2","https://x.com/DivHumas_Polri/status/2104802736218980844","138290629","DivHumas_Polri"
"2104800128595030033","2026-09-29T05:07:10.000Z","2","Kapolri @ListyoSigitP mengajak mahasiswa UMSU menguasai teknologi digital secara bijak dan produktif agar tidak mudah terjebak hoaks maupun kejahatan siber.

https://t.co/oCohUH1eFn https://t.co/zdcXsmFHsG","2104800128595030033","https://pbs.twimg.com/media/HTXAhHfbEAANMOv.png","","in","","0","0","0","https://x.com/M_Dwpy/status/2104800128595030033","764383841968648192","M_Dwpy"
"2104798345499918375","2026-09-29T05:00:05.000Z","0","Panglima TNI dan Kapolri?","2104798345499918375","","","in","","0","0","0","https://x.com/saintpooney/status/2104798345499918375","137548883","saintpooney"
"2104795649753387147","2026-09-29T04:49:22.000Z","0","Kapolri di kegiatan ngaji kebangsaan https://t.co/O9hoVtFkvI","2104795649753387147","https://pbs.twimg.com/amplify_video_thumb/2104795615431647232/img/IEYYTg5PFKyySLZ5.jpg","","in","","0","0","0","https://x.com/Siputty1/status/2104795649753387147","1383097945596186626","Siputty1"
"2104783531402543139","2026-09-29T04:49:20.000Z","0","@jejakajena53312 Instruksi dari DPR ? Trus siapa lagi? Pleciden? Kapolri?Menteri? Ayo pada ngaku ?","2104795641561944363","","jejakajena53312","in","","0","0","0","https://x.com/Town72174500/status/2104795641561944363","1574434262597906433","Town72174500"
"2104788188719931435","2026-09-29T04:47:18.000Z","0","@tveenage @pointibe Kapolri sop","2104795128254845179","","tveenage","in","","0","0","0","https://x.com/xnayin/status/2104795128254845179","851699519855120384","xnayin"
"2104526944909881632","2026-09-29T04:28:07.000Z","0","@ListyoSigitP Mohon maaf pak Kapolri @ListyoSigitP, ijinkan masyarakat Indonesia ambil foto dan atau video jika berhadapan dg anggota polisi (di: jalan, polsek, polres, polda dan mabes) setiap perilaku dan tidakan anggota dilapangan untuk dilaporkan ke @ListyoSigitP @prabowo dan @gibran_tweet","2104790300770406413","","ListyoSigitP","in","","0","0","0","https://x.com/khoirul_an/status/2104790300770406413","194904609","khoirul_an"
"2104785587530285122","2026-09-29T04:09:23.000Z","2","Momen haru PKKMB UMSU 2026! Bripda Garal, juara MTQ Nasional Hafiz 10 Juz Putra, mendapat apresiasi Kapolri Jenderal Listyo Sigit Prabowo dan kesempatan melanjutkan pendidikan ke jenjang Perwira.

#PKKMB #UMSU #BripdaGaral #Kapolri #polripresisi #MTQNasional #update #viral #fyp https://t.co/oLQYC4fMl0","2104785587530285122","https://pbs.twimg.com/amplify_video_thumb/2104784749646708736/img/wVxUMtA3X_FqEpID.jpg","","in","","0","0","0","https://x.com/ABBITV_id/status/2104785587530285122","2005309355563048960","ABBITV_id"
"2104428918984015932","2026-09-29T03:55:45.000Z","0","@DivHumas_Polri Keren kapolri hadir di pondok pesantren bawa semangat","2104782156145029540","","DivHumas_Polri","in","","0","0","0","https://x.com/salmamilani34/status/2104782156145029540","1940301425281835008","salmamilani34"
"2104778429996371987","2026-09-29T03:40:57.000Z","0","sekarang bagi-bagi duit itu udah buka bukaan..mantan presiden begituu belum lama gw liat di medsos kapolri juga lagi bagi2 duit. Rakyatnya senang pula..duhhh gusti","2104778429996371987","","","in","","0","0","0","https://x.com/aridewa94204670/status/2104778429996371987","1308642505609474050","aridewa94204670"
"2104373599356493941","2026-09-29T03:20:24.000Z","0","@DivHumas_Polri Kapolri jenius ajak ulama dan polisi berkolaborasi","2104773261376864489","","DivHumas_Polri","in","","0","0","0","https://x.com/yogapeer/status/2104773261376864489","1981638388467003392","yogapeer"
"2104373599356493941","2026-09-29T03:18:40.000Z","0","@DivHumas_Polri Kapolri pinter banget pilih waktu acara ngaji bareng","2104772823898312982","","DivHumas_Polri","in","","0","0","0","https://x.com/valen_hrp/status/2104772823898312982","1942873023146754048","valen_hrp"
"2104373599356493941","2026-09-29T03:10:14.000Z","0","@DivHumas_Polri Kapolri paham manfaat sinergi ulama sama polisi","2104770702524268889","","DivHumas_Polri","in","","0","0","0","https://x.com/leonasalw/status/2104770702524268889","1977938050845184000","leonasalw"
"2104769993783251217","2026-09-29T03:07:25.000Z","0","Kapolri di Ngaji Kebangsaan: Tugas Polisi memastikan masyarakat aman dan pembangunan bisa berjalan

#Polri
#bareskrim
#brimob https://t.co/zgy6LiR3ZG","2104769993783251217","https://pbs.twimg.com/amplify_video_thumb/2104769549547839488/img/p4ujs6k8r5QDqqz2.jpg","","in","","0","0","0","https://x.com/tabir_nusantara/status/2104769993783251217","1348610871325384707","tabir_nusantara"
"2104373599356493941","2026-09-29T03:04:37.000Z","0","@DivHumas_Polri Kapolri bijak banget ngajak ulama sinergi bareng","2104769286954975496","","DivHumas_Polri","in","","0","0","0","https://x.com/rymndadnn/status/2104769286954975496","1943578992445132800","rymndadnn"
"2104598066674438497","2026-09-29T02:56:34.000Z","1","@gagal_hijrah Aku salut dgn Kapolri walaupun Nonis tp dekat dgn tokoh agama. Tidak hy dekat secara personal tp institusi juga didekatkan.","2104767261462650923","","gagal_hijrah","in","","0","1","0","https://x.com/inoey_309/status/2104767261462650923","3336620474","inoey_309"
"2104758560119013625","2026-09-29T02:56:04.000Z","3","@saptaipb Presiden wapres dpr mpr kapolri pangap dan sebagainya","2104767136367517783","","saptaipb","in","","0","0","0","https://x.com/Utha_san/status/2104767136367517783","1503614450766876674","Utha_san"
