conversation_id_str,created_at,favorite_count,full_text,id_str,image_url,in_reply_to_screen_name,lang,location,quote_count,reply_count,retweet_count,tweet_url,user_id_str,username
2105521866110861731,2026-10-01T04:55:06.000Z,6,Kapolri jadi ganti  to ?,2105521866110861731,,,in,,0,1,0,https://x.com/SMujsin/status/2105521866110861731,1138335162188554240,SMujsin
2105521861903983024,2026-10-01T04:55:05.000Z,0,"Pak Kapolri Suyudi A.S.  Selamat ya, Pak.
Tolong usut tuntas kasus Vina Cirebon yang tidak pernah bisa diselesaikan oleh Listyo.
Harapan saya tindak tegas siapa yang bersalah dan bebaskan yang tidak bersalah.",2105521861903983024,,,in,,0,0,0,https://x.com/denyspam/status/2105521861903983024,96872350,denyspam
2105521831457230900,2026-10-01T04:54:57.000Z,0,"Dalam paparan visinya di ruang sidang DPR

Komjen Suyudi menekankan pentingnya penguatan internal Polri—mulai dari harmonisasi SOP penyidikan
#Kapolri #KomjenSuyudi #DPRRI #tvceritaini https://t.co/1hV5EErGtz",2105521831457230900,https://pbs.twimg.com/ext_tw_video_thumb/2105521742407983104/pu/img/l_eGpNpYDfwzyQ4d.jpg,,in,,0,0,0,https://x.com/aurapri123/status/2105521831457230900,2047145063491461120,aurapri123
2105502523268415850,2026-10-01T04:54:33.000Z,25,"@FahmiAgustian ganti kapolri selanjutnya ganti kapolda &amp; pejabat dibawahnya plus ganti mendagri, panglima tni. ditambah wapres di diskualifilasi dibiarkan mundur sendiri, diprediksi TL bakal penuh hujatan makian kader gajah dan termul wkwwkwk",2105521727300321337,,FahmiAgustian,in,,0,4,0,https://x.com/SotoAyam1970/status/2105521727300321337,1587265721146707968,SotoAyam1970
2105490263762501912,2026-10-01T04:54:32.000Z,2,"@kompascom ah yang benerrrrr..... 😀

kalau ini bener semoga ini benar2 jadi puncak perpecahan jokowi dan Prab's, 
dan akan terus pecah berkeping dengan digantinya pejabat2 bau jokowi yang tidak enak yang lainnya,

dan membuat POLRI akan menjadi kembali jadi agak baik, 

setelah total",2105521726008569933,,kompascom,in,,0,1,0,https://x.com/Wicaksono_J/status/2105521726008569933,132092841,Wicaksono_J
2105521708065312824,2026-10-01T04:54:28.000Z,0,"🔴BREAKING NEWS: Prabowo Berhentikan Listyo Sigit sebagai Kapolri, Digantikan Komjen Suyudi

https://t.co/apFmmq0eK3",2105521708065312824,,,in,,0,0,0,https://x.com/video_tribunid/status/2105521708065312824,1892110442090332162,video_tribunid
2105521695427891638,2026-10-01T04:54:25.000Z,0,"Komisi III DPR menggelar fit and proper test terhadap calon Kapolri di Kompleks Parlemen, Senayan, Jakarta, pada Kamis pagi.

Dalam fit and proper test ini, Komjen Pol. Suyudi Ario Seto menjadi calon tunggal Kapolri yang baru.

#sinpotv #sinpotvnews #CalonKapolri #KomisiIIIDPR https://t.co/lEyg0FCin6",2105521695427891638,https://pbs.twimg.com/amplify_video_thumb/2105521524073787392/img/6aKEIEtNfJkAadez.jpg,,in,,0,0,0,https://x.com/sinpotv/status/2105521695427891638,1012174601055449088,sinpotv
2105519195018715221,2026-10-01T04:54:24.000Z,0,"Masa Pensiun Kapolri Jenderal Listyo Sigit Prabowo:

■ UU Lama (UU 2/2002): Pensiun usia 58 pada Juni 2027.
■ UU Baru (UU 5/2026): Pensiun perwira tinggi jadi 60 tahun, bergeser ke Juni 2029.",2105521690826694934,,triwahyuutama15,in,,0,0,0,https://x.com/triwahyuutama15/status/2105521690826694934,373848200,triwahyuutama15
2105521672283697460,2026-10-01T04:54:20.000Z,1,"Baca di sini: https://t.co/EIAlHCJAqh

Puan Maharani menyebut kemungkinan Listyo Sigit Prabowo bergabung dalam Kabinet Merah Putih setelah tak lagi menjadi Kapolri merupakan hak prerogatif Presiden Prabowo Subianto.

~IQ #ListyoSigit #KabinetMerahPutih [2026100111275151] https://t.co/wasWe41gTN",2105521672283697460,https://pbs.twimg.com/media/HThQpmua0AA0Ba4.jpg,,in,,0,0,0,https://x.com/kompascom/status/2105521672283697460,23343960,kompascom
2105521661948874758,2026-10-01T04:54:17.000Z,0,"Akhirnya, kapolri baru kah??",2105521661948874758,,,in,,0,0,0,https://x.com/lucimaya123/status/2105521661948874758,3032152165,lucimaya123
2105521639673000029,2026-10-01T04:54:12.000Z,5,"Rapat Paripurna ke-8 DPR RI Masa Persidangan I Tahun Sidang 2026–2027 resmi mengesahkan laporan hasil uji kelayakan Komisi III DPR RI terkait suksesi kepemimpinan Polri di Gedung Nusantara, Senayan, Jakarta, Kamis (1/10/2026).

Ketua DPR RI Puan Maharani memimpin langsung https://t.co/6RNMcPfa5B",2105521639673000029,https://pbs.twimg.com/amplify_video_thumb/2105509801799364608/img/F3T-9W7k3GdDUw2u.jpg,,in,,0,0,1,https://x.com/Metro_TV/status/2105521639673000029,57261519,Metro_TV
2105521627815428226,2026-10-01T04:54:09.000Z,0,"Komisi III DPR RI menggelar uji kepatutan dan kelayakan (fit and proper test) bagi Calon Kapolri.

#Kapolri #KomjenSuyudi #DPRRI #Komisi3DPR https://t.co/vAmO74LHDk",2105521627815428226,https://pbs.twimg.com/ext_tw_video_thumb/2105521537268744192/pu/img/5O1NweaA5JFNaT80.jpg,,in,,0,0,0,https://x.com/tvrkytberitakit/status/2105521627815428226,2091715634300407808,tvrkytberitakit
2105498040740245702,2026-10-01T04:53:46.000Z,0,"@kompascom Selamat bertugas untuk Bapak Sujudi Ario Seto, semoga Polri semakin baik dan profesional serta menjadi pelayan bagi seluruh rakyat Indonesia. Amin Ya Rabbalallamin🤲

Sebelum menjabat Kapolri beliau pernah menjadi Kapolda Banten sama dengan pendahulunya Pak Sigit.

Sepuh Banten🙏",2105521532542025890,,kompascom,in,,0,1,0,https://x.com/harya101/status/2105521532542025890,992134573,harya101
2104591641097220441,2026-10-01T04:53:41.000Z,0,"@sigitwid @cokro_tv @aryobimmo @MikhailGorbaDom @Uki23 Gara² pamer KTA, kapolri jadi diganti 

Hancur deh dinasty ming",2105521510719090836,,sigitwid,in,,0,0,0,https://x.com/Arman_topbgt/status/2105521510719090836,1430913775083745295,Arman_topbgt
2105521429605450237,2026-10-01T04:53:22.000Z,26,"Rangkuman kasus besar yang pernah ditangani oleh Kapolri Suyudi Ario Seto beserta perannya:

☑️ Kasus Penyerangan Novel Baswedan (2019): Berperan sebagai Dirreskrimum Polda Metro Jaya yang memimpin tim khusus untuk membongkar teka-teki kasus dan menangkap dua oknum polisi pelaku https://t.co/Z9AokFvdYe",2105521429605450237,https://pbs.twimg.com/media/HThQkxCaAAAxsJD.jpg,,in,,1,5,11,https://x.com/suncomeinrain/status/2105521429605450237,1389107518702374915,suncomeinrain
2105521387993718954,2026-10-01T04:53:12.000Z,0,"Udh berapa kali kapolri ganti,emang ada yg bener?🤣🤣🤣",2105521387993718954,,,in,,0,0,0,https://x.com/ajikotak/status/2105521387993718954,61518513,ajikotak
2105521225972015382,2026-10-01T04:52:33.000Z,3,Kapolri mau di ganti guys sama Pak pres,2105521225972015382,,,in,,0,4,1,https://x.com/filosofikantor/status/2105521225972015382,1902849545131921409,filosofikantor
2105521183513055549,2026-10-01T04:52:23.000Z,6,bisa kali kapolri baru itungitung naikin kepercayaan publik,2105521183513055549,,,in,,0,0,0,https://x.com/Yaitu12921776/status/2105521183513055549,1283015320618205184,Yaitu12921776
2105521143096713337,2026-10-01T04:52:13.000Z,1,"Satu hal lg semoga calon Kapolri yg baru berani utk melawan hoax/fitnah.
Tdk seperti era Pak Listyo hoax/fitnah merajalela. Kalau pun ditindak ujung2nya RJ, pdhal dampaknya sdh kemana2.",2105521143096713337,,,in,,0,0,0,https://x.com/BeBuzzerNKRI/status/2105521143096713337,998800626816499712,BeBuzzerNKRI
2105521097148170636,2026-10-01T04:52:02.000Z,0,"Komjen Pol Suyudi Ario Seto, Kepala Badan Narkotika Nasional (BNN) RI, menyampaikan pernyataan dan visi misi sebagai Calon Kapolri dalam uji kelayakan dan kepatuhan yang digelar Komisi III DPR RI, Kamis (1/10/2026).

Dalam rapat yang dipimpin oleh Ketua  Komisi III DPR RI,",2105521097148170636,,,in,,0,0,1,https://x.com/tribunnews/status/2105521097148170636,124171593,tribunnews
2105521070078116103,2026-10-01T04:51:56.000Z,1,"Profil Komjen Suyudi Ario Seto, Jenderal yang Menggantikan Kapolri Listyo Sigit Prabowo

https://t.co/Mq1vyo1WDy",2105521070078116103,,,in,,0,0,0,https://x.com/radartuban/status/2105521070078116103,2543075562,radartuban
2105515051495145667,2026-10-01T04:51:49.000Z,0,"@grok @arifin34533 @grok apa pertimbangan utama pengangkatan beliau sebagai Kapolri?

Apakah ada kedekatan dengan listyi Sigit sebelumnya?",2105521039732253167,,grok,in,,0,1,0,https://x.com/qinkqonk/status/2105521039732253167,170971387,qinkqonk
2105521035659665830,2026-10-01T04:51:48.000Z,41,"Kapolri Baru

Dari Tembok Ratapan terdengar suara;
saya akan lawan..!! https://t.co/NosTCAJ0GL",2105521035659665830,https://pbs.twimg.com/media/HThQNmkbAAAqatO.jpg,,in,,1,11,6,https://x.com/AirinDatangLagi/status/2105521035659665830,228628424,AirinDatangLagi
2105521024460788027,2026-10-01T04:51:45.000Z,2,"Tugas Kapolri berikutnya bukan hanya melakukan reformasi di tubuh Polri, tetapi juga membangun legitimasi patron dan loyalitas kepemimpinan baru. Tantangannya tidak ringan, mengingat jejaring yang terbentuk Listyo Sigit telah cukup mengakar di tubuh kepolisian.",2105521024460788027,,,in,,0,0,0,https://x.com/faizbaagil/status/2105521024460788027,1121251949783814144,faizbaagil
2105520989425844345,2026-10-01T04:51:37.000Z,0,"DPR Setujui Suyudi Jadi Kapolri, 100 Hari Pertama Fokus Cek Perkara hingga Polsek
 
https://t.co/cZI2iOtksZ",2105520989425844345,,,in,,0,0,0,https://x.com/rmtvnewscom/status/2105520989425844345,1287081099613491202,rmtvnewscom
2105520967678063028,2026-10-01T04:51:32.000Z,0,"Komjen Suyudi paparkan visi penguatan internal Polri di DPR, mulai dari penyidikan hingga transparansi perkara! Apa tantangan terbesar Kapolri baru nanti? 💭 #TVInfoinHiburan #KomjenSuyudi #KapolriBaru https://t.co/e2UsxAUqk6",2105520967678063028,https://pbs.twimg.com/ext_tw_video_thumb/2105520872748437504/pu/img/34aMF9pKGYYhdvit.jpg,,in,,0,0,0,https://x.com/TVInfoinHiburan/status/2105520967678063028,2091016324759814144,TVInfoinHiburan
2105520965321130195,2026-10-01T04:51:31.000Z,30,"Listyo adalah kapolri terlama dlm sejarah nasional.
Apakah pensiun bakal slow living jadi petani?",2105520965321130195,,,in,,3,15,6,https://x.com/suryadelalu/status/2105520965321130195,131712155,suryadelalu
2105520960048910844,2026-10-01T04:51:30.000Z,4,"Komjen Pol Suyudi Ario Seto memaparkan enam program prioritas yang akan dijalankan jika dirinya resmi ditetapkan sebagai Kapolri, menggantikan Jenderal Listyo Sigit Prabowo. Program tersebut disampaikannya dalam uji kelayakan dan kepatutan (fit and proper test) calon Kapolri di https://t.co/XagUAtY2O2",2105520960048910844,https://pbs.twimg.com/amplify_video_thumb/2105518676804042752/img/BmsVwyHjPfOYPRTW.jpg,,in,,0,1,2,https://x.com/Metro_TV/status/2105520960048910844,57261519,Metro_TV
2105518205712413005,2026-10-01T04:51:27.000Z,1,@AirinDatangLagi Kita tunggu gebrakan kerjanya jgn berharap berlebihan dulu toh blm dilantik resmi sbg kapolri,2105520949684752609,,AirinDatangLagi,in,,0,0,0,https://x.com/no_aryo36371/status/2105520949684752609,1893372430879727617,no_aryo36371
2105520867447115996,2026-10-01T04:51:08.000Z,4165,"Jangan senang dulu ya teman2 banteng, coba liat itu Kapolri baru masuk dikawal siapa. Kode-kode begini masa gak paham 🫣",2105520867447115996,,,in,,28,112,691,https://x.com/aqfiazfan/status/2105520867447115996,261912160,aqfiazfan
2105503951147962800,2026-10-01T04:50:59.000Z,0,@Mr_MountBlanc UU itu dibuat bukan memperpanjang Jabatan KAPOLRI khususnya SIIGIT. Itu dibuat untuk mennjebatani banyaknya perwira2 yang nganggur di POLRI dan TNI.  Dan ketika adek anggkatan meloncati kakak angkatan.,2105520832374325758,,Mr_MountBlanc,in,,0,0,0,https://x.com/DMarginale/status/2105520832374325758,1346210508265799682,DMarginale
2105520362121462234,2026-10-01T04:50:49.000Z,0,"Dari non-job ke Kapolri cm 13 bulan, ini bukan karir normal. Dipolri klo udh jadi pati tnp jabatan itu sinyal pensiun dini atau kena masalah. Dia malah lompat ke BNN dalam 20 hari. Siapa yang tarik dia dari parkiran ke istana?😃",2105520788493521353,,yuenlea11,in,,0,0,0,https://x.com/yuenlea11/status/2105520788493521353,1609106883675312128,yuenlea11
2105520776355144017,2026-10-01T04:50:46.000Z,0,"saya pribadi mengharap sangat kpd Kapolri baru mengevaluasi kembali tatanan jajaran lembaga kepolisian RI . 
Laksanakan tugas Negara menurut tempatnya masing² dan amanah . jgn di campur adukan yg bukan wewenangnya , agar hukum bisa berjalan dgn adil tanpa lahir masalah lain .",2105520776355144017,,,in,,0,0,0,https://x.com/cut_wahyudin/status/2105520776355144017,1807800205297008640,cut_wahyudin
2105516300978319842,2026-10-01T04:50:19.000Z,9,@regar_op0sisi Semoga sesuai dg ucapannya dan semoga membawa perubahan dg pergantian kapolri yg baru ini,2105520661808681055,,regar_op0sisi,in,,0,1,0,https://x.com/MananAl5/status/2105520661808681055,1115191799742472192,MananAl5
2105513522981683636,2026-10-01T04:50:15.000Z,0,"@LambeSahamjja Emang udah kudu diganti, Sigit kapolri bermasalah, era nya polri jadi parcok",2105520645333536949,,LambeSahamjja,in,,0,0,1,https://x.com/C2P_CCP/status/2105520645333536949,953803159121489920,C2P_CCP
2105520635757895695,2026-10-01T04:50:12.000Z,0,"Wow.. Calon Kapolri sudah disetujui DPR yakni Komjen Pol Suyudi
Mudah2an ada Reformasi POLRI ....sesuai harapan masyarakat.... dah itu saja...",2105520635757895695,,,in,,0,0,0,https://x.com/Udinzen_/status/2105520635757895695,1942036349542129664,Udinzen_
2105520631324581953,2026-10-01T04:50:11.000Z,96,"Tadi pas Upacara Hari Kesaktian Pancasila, raut wajah Listyo Sigit sama Gibran kayaknya udah mulai kepikiran 😂🤣

Setelah ditandatangani Ketua DPR RI, siang ini, Presiden Prabowo MELANTIK Kapolri baru di Istana. https://t.co/lrcv6lsHWU",2105520631324581953,https://pbs.twimg.com/amplify_video_thumb/2105520596570488832/img/LqUNUKcRXM-3Jrt6.jpg,,in,,1,6,31,https://x.com/SudutTakKasat/status/2105520631324581953,1680107892417126406,SudutTakKasat
2105519560921420237,2026-10-01T04:50:11.000Z,4,"@tempodotco Prabowo ahli prank juga ya rupanya.
Tempo hari dia bilang susah ganti Kapolri dan Panglima TNI.
Sen kiri belok kanan, tidak ada rame2, tetipa Kapolri diganti. Bisa berikutnya Panglima TNI.",2105520630615470290,,tempodotco,in,,0,0,1,https://x.com/pedang_malammm/status/2105520630615470290,1745303315150413824,pedang_malammm
2105466294133035156,2026-10-01T04:49:47.000Z,54,"@ListyoSigitP Anda kapolri terburuk sepanjang hidup saya yg saya ketahui, smoga pewaris Anda jauh lebih baik, agar Indonesia tidak bubar seperti ramalan pak prabowo.",2105520529147113556,,ListyoSigitP,in,,0,0,0,https://x.com/TheRingOfFire7/status/2105520529147113556,1335586475006554114,TheRingOfFire7
2105520444480815216,2026-10-01T04:49:27.000Z,75,Kapolri yang baru alumni 6 ye #gorasix,2105520444480815216,,,in,,1,2,21,https://x.com/karf1anda/status/2105520444480815216,1799239558858772480,karf1anda
2105519660074721417,2026-10-01T04:46:20.000Z,5,"Komisi III Setujui Suyudi Ario Seto Jadi Kapolri

Komisi III DPR RI menyetujui Komjen Pol Suyudi Ario Seto sebagai calon Kapolri setelah menjalani fit and proper test.

#SuyudiArioSeto #Kapolri #KomisiIII #DPRRI #HalloNews https://t.co/XzlXACyyx1",2105519660074721417,https://pbs.twimg.com/amplify_video_thumb/2105519493833449472/img/tH1OMt-HEuzjAZ_w.jpg,,in,,1,0,1,https://x.com/MedsosHallonews/status/2105519660074721417,1991118878160887808,MedsosHallonews
2105492419882185125,2026-10-01T04:46:20.000Z,0,"@SudutTakKasat Berita baik, sudah kelamaan orang oslo itu jadi Kapolri.",2105519659844063391,,SudutTakKasat,in,,0,0,0,https://x.com/Muhaminu/status/2105519659844063391,76417978,Muhaminu
2105498040740245702,2026-10-01T04:46:20.000Z,0,@kompascom MAU LIHAT KAPOLRI LAMA JADI PETANI https://t.co/Jb42sW77KX,2105519659793711495,https://pbs.twimg.com/media/HThO9vMbAAAS_IR.jpg,kompascom,in,,0,0,0,https://x.com/Konoha_Asuu/status/2105519659793711495,1571081398102142978,Konoha_Asuu
2105494539129753983,2026-10-01T04:46:14.000Z,0,@Bambangmulyonoo KAPOLRI Jabatan Profesional. Walau berganti tdk ada kaitan dgn pihak mana pun. Jgn kerdil.,2105519635290542483,,Bambangmulyonoo,in,,0,0,0,https://x.com/Dank89375697/status/2105519635290542483,1597253898317991936,Dank89375697
2105519610690982116,2026-10-01T04:46:08.000Z,0,"Selamat bertugas dengan ikhlas demi Indonesia Pak Suyudi, Kapolri baru. 

Tantangan lebih berat kedepannya 💪🙏",2105519610690982116,,,in,,0,0,0,https://x.com/nirwanevan1/status/2105519610690982116,1414975511785218049,nirwanevan1
2105519598485606480,2026-10-01T04:46:05.000Z,0,Saya menjual The Old Man and the Sea | Ernest Hemingway (Novel) seharga Rp47.025. Ayo beli di Shopee! https://t.co/L4i0PgcifF kapolri,2105519598485606480,,,in,,0,0,0,https://x.com/fajarkurnianto/status/2105519598485606480,96859522,fajarkurnianto
2105499810124145148,2026-10-01T04:46:02.000Z,0,"@poer739ke3 @LambeSahamjja Setuju nih ...rusaknya institus harus dibenahi dulu, untuk mengambil kepercayaan masyarakat, yg efeknya punya wibawa dimata masyarakat, bersihkan personil personil nakal, yg  jd beban institusi , yg bisa menggerogoti nama baik Kapolri sendiri.",2105519585906880513,,poer739ke3,in,,0,0,0,https://x.com/ridwan_har/status/2105519585906880513,1315478005133664257,ridwan_har
2105458674135355618,2026-10-01T04:46:02.000Z,2,@DokterTifa Mudah-mudahan dengan kapolri baru masalah ijazah ini cepat diselesaikan dgn adil.,2105519583776133316,,DokterTifa,in,,0,0,0,https://x.com/alfinlee5/status/2105519583776133316,1264734396,alfinlee5
2105519560921420237,2026-10-01T04:45:56.000Z,133,DPR RI menyetujui Komjen Suyudi Ario Seto sebagai Kapolri menggantikan Listyo Sigit usai pelaksanaan uji kepatuhan dan kelayakan pagi ini. https://t.co/CUwpw2mNCD,2105519560921420237,https://pbs.twimg.com/media/HThO4LxbcAAXoxM.jpg,,in,,24,22,14,https://x.com/tempodotco/status/2105519560921420237,18129942,tempodotco
2105502600523342325,2026-10-01T04:45:52.000Z,0,@pw_gun tumbangnya nih kapolri apakah bakal jadi awal jatuhnya raja solo?,2105519545415045299,,pw_gun,in,,0,1,0,https://x.com/NasgorBas1/status/2105519545415045299,1915750293398282240,NasgorBas1
2105519535285821442,2026-10-01T04:45:50.000Z,0,"Profil Komjen Suyudi Ario Seto, Disetujui DPR Jadi Kapolri

Baca selengkapnya di: https://t.co/D8vKZqwYGF",2105519535285821442,,,in,,0,0,0,https://x.com/sulawesinetwrk/status/2105519535285821442,1662795655977517056,sulawesinetwrk
2105519518869242099,2026-10-01T04:45:46.000Z,1,Siang ini pergantian Kapolri.,2105519518869242099,,,in,,0,1,1,https://x.com/EdiKeceput2/status/2105519518869242099,1530489102180958208,EdiKeceput2
2105519508110852583,2026-10-01T04:45:44.000Z,0,Saya menjual The Door-to-Door Bookstore | Carsten Henn (Novel) seharga Rp84.645. Ayo beli di Shopee! https://t.co/7uA3oA0zjN kapolri,2105519508110852583,,,in,,0,0,0,https://x.com/fajarkurnianto/status/2105519508110852583,96859522,fajarkurnianto
2105504855771287714,2026-10-01T04:45:18.000Z,0,"@suryadelalu Oleh
Kalau sama ya sama-sama kapolri wqqq",2105519399310606350,,suryadelalu,in,,0,1,0,https://x.com/arieparikesit/status/2105519399310606350,77976639,arieparikesit
2105501561724243983,2026-10-01T04:45:14.000Z,1,"@is_pelssy Henky heriadi jadi kapolri, premanisme tamat. Oleh karena itu kyknya ga mgkn😋",2105519383758115223,,is_pelssy,in,,0,1,0,https://x.com/ariarjiwinata02/status/2105519383758115223,2383287949,ariarjiwinata02
2105519372404224472,2026-10-01T04:45:11.000Z,0,Saya menjual All the Rivers | Dorit Rabinyan (Novel) seharga Rp82.840. Ayo beli di Shopee! https://t.co/ojcDceaFpc kapolri,2105519372404224472,,,in,,0,0,0,https://x.com/fajarkurnianto/status/2105519372404224472,96859522,fajarkurnianto
2105519362040012811,2026-10-01T04:45:09.000Z,69,MENGAPA KAPOLRI SEOLAH LEBIH PENTING DARI PANGLIMA TNI? https://t.co/9VzCytHPCT https://t.co/PUZfQ1hw00,2105519362040012811,https://pbs.twimg.com/media/HThOsqrbYAA4dyA.jpg,,in,,4,38,18,https://x.com/alisyarief/status/2105519362040012811,30201110,alisyarief
2105519275570331986,2026-10-01T04:44:48.000Z,0,"Presiden Prabowo lantik Suyudi Ario Seto sebagai Kapolri siang ini
https://t.co/cOcNRCfkyz",2105519275570331986,,,in,,0,0,0,https://x.com/okezonenews/status/2105519275570331986,47274731,okezonenews
2105519255861227713,2026-10-01T04:44:43.000Z,0,"Komjen Pol Suyudi Ario Seto mendapat persetujuan DPR RI untuk menjadi Kapolri, setelah sebelumnya menjalani karier panjang di kepolisian hingga dipercaya memimpin Badan Narkotika Nasional (BNN).

Pengajuan Suyudi menjadi Kapolri sebelumnya diusulkan oleh Presiden Prabowo https://t.co/KNioRykI7Q",2105519255861227713,https://pbs.twimg.com/media/HThOk2zbsAAvsyZ.jpg,,in,,0,0,0,https://x.com/suaradotcom/status/2105519255861227713,2340155395,suaradotcom
2105519217500099013,2026-10-01T04:44:34.000Z,3,"📢BREAKING NEWS: RESMI! DPR SETUJUI SUYUDI ARIO SETO GANTIKAN LISTYO SIGIT SEBAGAI KAPOLRI‼️

DPR RI resmi menyetujui Komjen Pol. Suyudi Ario Seto sebagai Kapolri baru dalam rapat paripurna pada Kamis (1/10/2026).

Sebelumnya, Komisi III DPR telah menyetujui Suyudi melalui uji https://t.co/U3lFyCiWJG",2105519217500099013,https://pbs.twimg.com/media/HThOjZgaYAAs46c.jpg,,in,,0,0,1,https://x.com/suncomeinrain/status/2105519217500099013,1389107518702374915,suncomeinrain
2105518070148239518,2026-10-01T04:40:01.000Z,15,"Alhamdulillah, semoga dengan terpilihnya Komjen Suyudi sebagai Kapolri baru, institusi Polri bisa semakin amanah, profesional, dan fokus pada pelayanan masyarakat.",2105518070148239518,,,in,,0,1,12,https://x.com/senjakelam07/status/2105518070148239518,974755820708573184,senjakelam07
2105518066209878193,2026-10-01T04:40:00.000Z,0,"RAPAT Paripurna Ke-8 DPR RI Masa Persidangan I Tahun Sidang 2026–2027 secara resmi menyetujui penunjukan Komjen Suyudi Ario Seto sebagai Kepala Kepolisian Negara Republik Indonesia (Kapolri) menggantikan Jenderal Listyo Sigit Prabowo, dalam Rapat Paripurna, Kamis (1/10/2026).",2105518066209878193,,,in,,0,0,0,https://x.com/mediaindonesia/status/2105518066209878193,68930552,mediaindonesia
2105518019783131387,2026-10-01T04:39:49.000Z,0,"Komisi III DPR RI secara aklamasi menyetujui Komjen Pol Suyudi Ario Seto sebagai Kapolri. Persetujuan itu dicapai dalam uji kelayakan calon Kapolri yang digelar di Kompleks Parlemen, Senayan, Jakarta, Kamis, 1 Oktober 2026. https://t.co/zYyzli7D6v",2105518019783131387,,,in,,0,0,0,https://x.com/indomediaco/status/2105518019783131387,876510994104590336,indomediaco
2105510452608586064,2026-10-01T04:39:41.000Z,2,@arifbalikpapan1 Gulungan Solo bukan ini Kapolri baru,2105517988585558030,,arifbalikpapan1,in,,0,0,0,https://x.com/keepithink_crab/status/2105517988585558030,1138988249358196736,keepithink_crab
2105494539129753983,2026-10-01T04:39:36.000Z,4,@Bambangmulyonoo Laah kocak...emang lu kira kapolri nggak bakal pensiun apa... pergantian itumah biasa aja...nggak usah lebay laah...,2105517967509524531,,Bambangmulyonoo,in,,0,0,0,https://x.com/SayurLodehBTW2/status/2105517967509524531,759159155428962304,SayurLodehBTW2
2105511161190100996,2026-10-01T04:39:31.000Z,1,@LambeSahamjja start the day with new Kapolri,2105517945451687997,,LambeSahamjja,en,,0,0,0,https://x.com/PadamuYaRabb/status/2105517945451687997,153593671,PadamuYaRabb
2105504855771287714,2026-10-01T04:39:21.000Z,0,@suryadelalu Sama kapolri juga,2105517902334185879,,suryadelalu,in,,0,1,0,https://x.com/arieparikesit/status/2105517902334185879,77976639,arieparikesit
2105466294133035156,2026-10-01T04:39:20.000Z,25,"@ListyoSigitP ..semoga anda segera pensiun, nikmati hari tua dengan tenang, aman, nyaman bersama keluarga.
..dan semoga, tak ada lagi kapolri seperti anda di negeri ini. salam sehat selalu...",2105517899566006476,,ListyoSigitP,in,,0,1,0,https://x.com/daffiriffi/status/2105517899566006476,1604184554415493120,daffiriffi
2105510727360417889,2026-10-01T04:39:07.000Z,4,"@pw_gun Manuvernya luar biasa, bahkan beritanya baru naik stlh beliau hadir di DPR td pagi 🤯 
Kurang dr 24 jam lgsg ganti kapolri. 
Next?? Apakah ada pergantian Panglima TNI baru?",2105517846034002122,,pw_gun,in,,0,1,1,https://x.com/sebuahtujuan/status/2105517846034002122,977618393397264384,sebuahtujuan
2105517826505310575,2026-10-01T04:39:03.000Z,2,"Kebetulan pas Tanggal 1 Oktober. 
✅ Kesaktian Pancasila. 
✅ Kapolri Baru 🤠🥳 https://t.co/vf3ifSTbwp",2105517826505310575,https://pbs.twimg.com/media/HThNTMNaoAA8Zg5.jpg,,in,,0,0,0,https://x.com/komputerr99/status/2105517826505310575,1653785910083977217,komputerr99
2105517804636254534,2026-10-01T04:38:57.000Z,0,"Calon Kapolri Suyudi: 100 Hari Pertama Bukan Panggung, tapi Membuktikan Arah!

https://t.co/MzSFkso9au",2105517804636254534,,,in,,0,0,0,https://x.com/rmtvnewscom/status/2105517804636254534,1287081099613491202,rmtvnewscom
2105517787141865901,2026-10-01T04:38:53.000Z,1,"DPR RI setujui komjen suyudi ario seto jadi kapolri #berita #dpr #kapolri #suyudiarioseto

Skuy https://t.co/gKeM0EZQbK https://t.co/wXpc8n2qHP",2105517787141865901,https://pbs.twimg.com/amplify_video_thumb/2105517686444986368/img/9FF7Ny8c5buAlZDd.jpg,,in,,0,0,0,https://x.com/kohrullynews/status/2105517787141865901,1438454469608435715,kohrullynews
2105517769584476225,2026-10-01T04:38:49.000Z,0,"Nama Komjen Suyudi Ario Seto tengah menjadi sorotan setelah masuk dalam pembahasan calon Kapolri.

Di balik namanya, ada perjalanan panjang di tubuh Polri, dari berbagai penugasan hingga menduduki sejumlah posisi strategis.

Siapa sebenarnya Komjen Suyudi Ario Seto? Dan seperti https://t.co/r7UcJxrmS9",2105517769584476225,https://pbs.twimg.com/media/HThMCBhbkAAUmd5.jpg,,in,,0,1,0,https://x.com/garudatvnews/status/2105517769584476225,502140136,garudatvnews
2105498639338746034,2026-10-01T04:38:47.000Z,2,@msaid_didu @grok apakah kapolri baru ini antek jokowi atau antek prabowo?,2105517759966872063,,msaid_didu,in,,0,2,0,https://x.com/RakyatNgenez/status/2105517759966872063,1639315365489709056,RakyatNgenez
2105517756431167953,2026-10-01T04:38:46.000Z,2,"Suasana terkini dari Gedung DPR RI dengan jalannya agenda Fit and Proper Test (uji kelayakan dan kepatutan) calon Kapolri tunggal Komjen Pol. Suyudi Ario Seto di Komisi III DPR RI. Dipimpin oleh Ketua Komisi III DPR RI, Habiburakhman, prosesi ini diawali dengan persiapan matang https://t.co/tsV0F70Ek0",2105517756431167953,https://pbs.twimg.com/amplify_video_thumb/2105516876080271361/img/3qtmdd8lWRCv-IJL.jpg,,in,,0,0,0,https://x.com/Metro_TV/status/2105517756431167953,57261519,Metro_TV
2105517700755919099,2026-10-01T04:38:33.000Z,54,"Jenderal Listyo Sigit Prabowo tetap menghadiri Upacara Peringatan Hari Kesaktian Pancasila di Lubang Buaya, Jakarta Timur (1/10/2026).

Kehadirannya berlangsung di saat DPR mengumumkan telah menerima Surpres terkait pergantian posisi Kapolri.

Listyo terekam kamera berbincang https://t.co/vXzpUtpJC6",2105517700755919099,https://pbs.twimg.com/amplify_video_thumb/2105517630849454080/img/JWQQ4pIabqp9E9Ch.jpg,,in,,0,5,9,https://x.com/inilahdotcom/status/2105517700755919099,46693036,inilahdotcom
2105517673648198010,2026-10-01T04:38:26.000Z,10,"Komisi III DPR RI sepakat menyetujui Komjen Pol Suyudi Ario Seto sebagai Kapolri menggantikan Jenderal Listyo Sigit Prabowo. Keputusan ini diambil setelah Suyudi menjalani fit and proper test dalam rapat pleno di Kompleks Parlemen, Senayan, Jakarta Pusat, Kamis (1/10/2026). https://t.co/fLjYPYmUWC",2105517673648198010,https://pbs.twimg.com/media/HThNKHlaYAEk9aP.jpg,,in,,0,1,6,https://x.com/bagindo_kopi/status/2105517673648198010,1091031753924403200,bagindo_kopi
2105506065861546069,2026-10-01T04:37:42.000Z,0,"@AlejandroAyubi Kapolri baru genk Solo juga 
Drama doang ini mah
🤪😜",2105517488863871231,,AlejandroAyubi,in,,0,0,0,https://x.com/Pak_Doang/status/2105517488863871231,2889040506,Pak_Doang
2105517471948267696,2026-10-01T04:37:38.000Z,22,"Berita 15 September 2025 tahun lalu dan sekarang tanggal 1 Oktober 2026 atau tepatnya 1 tahun 2 minggu kemudian....

Link :
https://t.co/6MpNwRZZoH https://t.co/tfCDNkQdDT",2105517471948267696,https://pbs.twimg.com/media/HThM-u9a0AA1nRg.jpg,,in,,1,6,3,https://x.com/dwioktariyadi/status/2105517471948267696,1270077187,dwioktariyadi
2105505329975038343,2026-10-01T04:37:30.000Z,0,"@Tan_Mar3M bukannya seneng tan, PS udah berani ganti Kapolri?",2105517437005558007,,Tan_Mar3M,in,,0,0,0,https://x.com/3easy_Cuaan/status/2105517437005558007,1840399132755922945,3easy_Cuaan
2105492434427969810,2026-10-01T04:37:25.000Z,5,"@abulmuzaffar10 Kapolri terlama sepanjang sejarah Indonesia, daridulu yg namanya Kapolri itu diambil dr jenderal tertinggi yg hampir purna jabatan. Jadi regenerasinya jelas dan ngikut sistem meritokrasi. Gara-garane lak wong kae seh.. ngrusak",2105517418416422963,,abulmuzaffar10,in,,0,0,0,https://x.com/QuincySiri81679/status/2105517418416422963,1682236791401885696,QuincySiri81679
2105517349860503706,2026-10-01T04:37:09.000Z,3,"Komisi III DPR RI menyetujui penunjukan Komjen Pol. Suyudi Ario Seto menjadi Kepala Kepolisian Negara Republik Indonesia (Kapolri) menggantikan Jenderal Pol. Listyo Sigit Prabowo, Kamis (1/10).

Ketua DPR RI Puan Maharani mengatakan Suyudi akan dilantik oleh Presiden Prabowo https://t.co/3PZbT2yRA6",2105517349860503706,https://pbs.twimg.com/media/HThM0qpaMAAGkzx.jpg,,in,,0,0,0,https://x.com/magdaleneid/status/2105517349860503706,1521159020,magdaleneid
2105517341480239598,2026-10-01T04:37:07.000Z,0,"Bersamaan dengan sidang MK, ada pergantian Kapolri https://t.co/83ccd7g47U",2105517341480239598,https://pbs.twimg.com/media/HThM3ELbUAAApcc.jpg,,in,,1,0,0,https://x.com/aagunawan_/status/2105517341480239598,1435753843162107906,aagunawan_
2105495760162967750,2026-10-01T04:37:07.000Z,0,"@riekediahp Kalo emang hrs di ganti , ganti aja lah ! 
Kita liat kapolri yg baru ada perubahan gak di tubuh kepolisian.",2105517341396344930,,riekediahp,in,,0,0,0,https://x.com/theband41453401/status/2105517341396344930,1603598896185253889,theband41453401
2105517290209018232,2026-10-01T04:36:55.000Z,0,"Babak Baru Pembuktian Ijazah Palsu @jokowi dan @gibran_tweet

Semoga Kapolri yang Baru NETRAL
Tidak terafiliasi Genk Solo
@dennyindrayana @oegro
@susno2g

Resmi! DPR RI Setujui Komjen Suyudi Ario Seto Jadi Kapolri
https://t.co/w9kj7rBn6a",2105517290209018232,,,in,,0,0,0,https://x.com/jawir69/status/2105517290209018232,174193809,jawir69
2105454134409453949,2026-10-01T04:36:47.000Z,0,@kafiradikalis pas...ada peralihan kapolri...gmn kebetulan gak...,2105517256885313620,,kafiradikalis,in,,0,0,0,https://x.com/positiveconten1/status/2105517256885313620,1095989865475276800,positiveconten1
2105502556189536291,2026-10-01T04:36:31.000Z,0,"@HansAhmadLubis @Bapakezone Waktu Mulyono presiden, ngantor di Istiana Bogor, Kapolri baru ini Kapolres Bogor 😂",2105517192070726087,,HansAhmadLubis,in,,0,0,0,https://x.com/Pak_Doang/status/2105517192070726087,2889040506,Pak_Doang
2105517170499477939,2026-10-01T04:36:26.000Z,0,"Komisi III DPR Gelar Uji Kelayakan Calon Kapolri Baru, Suyudi Ario Seto https://t.co/tSHNVRsynk",2105517170499477939,,,in,,0,0,0,https://x.com/yopi_yacob/status/2105517170499477939,475546468,yopi_yacob
2105517105747739027,2026-10-01T04:36:11.000Z,0,"#ListyoSigitPrabowo #SuyudiArioSeto #Kapolri #KapolriBaru #Polri #PergantianKapolri #DPRRI #KomisiIIIDPR #PrabowoSubianto #BNN #BeritaNasional #PolitikNasional

Listyo Sigit Diberhentikan, Suyudi Ario Seto Jadi Kapolri Baru: Ini Profilnya https://t.co/iV7okuKwza",2105517105747739027,,,in,,0,0,0,https://x.com/indoposonlineid/status/2105517105747739027,994510171,indoposonlineid
2105517068909166649,2026-10-01T04:36:02.000Z,0,kan udh keliatan dr si gibran yg udh kontra dgn MBG. btw pemecatan kapolri ini valid krn udh masuk di beberapa media,2105517068909166649,,,in,,0,0,0,https://x.com/Skyshy77/status/2105517068909166649,1995698533102759936,Skyshy77
2105517037321859303,2026-10-01T04:35:54.000Z,20,"Saya sangat mendukung jika Komjen Pol Suyudi Ario Seto yang saat ini menjabat sebagai Kepala BNN diusulkan menjadi Kapolri menggantikan Jenderal Listyo Sigit Prabowo.

Bukan tanpa alasan. Beliau ini rekam jejaknya jelas dan mentereng. Sukses memimpin BNN dalam perang melawan https://t.co/NKlocF1SPo",2105517037321859303,https://pbs.twimg.com/amplify_video_thumb/2105517011971473408/img/H0SfCmy5LzRLD_I1.jpg,,in,,1,3,5,https://x.com/Alitt4mb3ng/status/2105517037321859303,1701647494655139841,Alitt4mb3ng
2105517023602340232,2026-10-01T04:35:51.000Z,21,"Rapat Paripurna Ke-8 DPR RI Masa Persidangan I Tahun Sidang 2026-2027 menyetujui Komisaris Jenderal Polisi Suyudi Ario Seto sebagai Kepala Kepolisian Negara Republik Indonesia (Kapolri) menggantikan Jenderal Polisi Listyo Sigit Prabowo.

""Kami meminta persetujuan pengangkatan https://t.co/ELmNJTDMK0",2105517023602340232,https://pbs.twimg.com/media/HThMj45boAEUSh1.jpg,,in,,0,1,2,https://x.com/GNFI/status/2105517023602340232,39677695,GNFI
2105516992434487317,2026-10-01T04:35:44.000Z,0,mantan Kapolri akan masuk d kabinet sbg menteri😊,2105516992434487317,,,in,,0,0,0,https://x.com/ZulkifliThamrin/status/2105516992434487317,201637651,ZulkifliThamrin
2105516990962221189,2026-10-01T04:35:43.000Z,0,Tantangan Kapolri Baru Suyudi Ario Seto https://t.co/X8H62494qh,2105516990962221189,,,in,,0,0,0,https://x.com/KangSarjono1/status/2105516990962221189,2230871244,KangSarjono1
2105516941461061734,2026-10-01T04:35:32.000Z,349,"Tentakel Mulyono, diamputasi—
Prabowo satu demi satu, diawali dengan:

""𝗞𝗔𝗣𝗢𝗟𝗥𝗜""

Listyo Sigit Prabowo: out
Suyudi Ario Seto: login

Ya sudah, tinggal menunggu aja
runtuhnya tembok ratapan Solo
dalam waktu singkat.

""𝗠𝗨𝗟𝗬𝗢𝗡𝗢 𝗡𝗗𝗟𝗢𝗦𝗢𝗥"" https://t.co/BjtiHeLvuC",2105516941461061734,https://pbs.twimg.com/amplify_video_thumb/2105516910519730176/img/urkpSwVaH8PGF-21.jpg,,in,,5,47,81,https://x.com/ShenoWirang/status/2105516941461061734,1282459217878642688,ShenoWirang
2105516911375364185,2026-10-01T04:35:24.000Z,0,"Wah, Kapolri diganti ya? Ada gebrakan apa yaa",2105516911375364185,,,in,,0,0,0,https://x.com/alttaaaaa/status/2105516911375364185,1095574034366922752,alttaaaaa
2105516773366018453,2026-10-01T04:34:52.000Z,0,"https://t.co/YGs3AQcKvA

Usulan Komjen Suyudi Ario Seto menjadi Kapolri menggantikan Jenderal (Pol) Listyo Sigit Prabowo disetujui secara aklamasi di Komisi III DPR RI, Kamis (1/10/2026). https://t.co/97VNwjdWc1",2105516773366018453,https://pbs.twimg.com/media/HThHlVWb0AAfb9N.jpg,,in,,0,0,0,https://x.com/tribunkaltim/status/2105516773366018453,103551225,tribunkaltim
2105516689500893291,2026-10-01T04:34:32.000Z,24,"Kapolri diGanti..??

Auto Sujud Syukur.
Gak pernah aku Sebagia ini mendengar berita dari @prabowo",2105516689500893291,,,in,,1,7,2,https://x.com/AirinDatangLagi/status/2105516689500893291,228628424,AirinDatangLagi
2105516675755917427,2026-10-01T04:34:28.000Z,1,"Baca di sini: https://t.co/KMwASQjEKk

Puan Maharani menyebut pemberhentian Listyo Sigit Prabowo sebagai Kapolri dilakukan karena “sudah waktunya”, sementara Prabowo mengusulkan Komjen Suyudi Ario Seto sebagai satu-satunya calon pengganti.

~IQ #Prabowo #Kapolri https://t.co/MvNKNe8Ngc",2105516675755917427,https://pbs.twimg.com/media/HThMHGGakAA3-h5.jpg,,in,,0,0,1,https://x.com/kompascom/status/2105516675755917427,23343960,kompascom
2105516639324451035,2026-10-01T04:34:20.000Z,5,"Ketua DPR RI Puan Maharani menyampaikan bahwa Suyudi Ario Seto dijadwalkan dilantik Presiden Prabowo Subianto sebagai Kapolri pada Rabu (1/10/2026) siang. Rencana pelantikan disampaikan setelah DPR RI memberikan persetujuan melalui rapat paripurna pada pagi hari.

Puan mengatakan https://t.co/Eftbe32SUH",2105516639324451035,https://pbs.twimg.com/amplify_video_thumb/2105516412886487040/img/m58rMwQVs5LUgJbE.jpg,,in,,0,9,1,https://x.com/SINDOnews/status/2105516639324451035,231355136,SINDOnews
2105516635356623095,2026-10-01T04:34:19.000Z,12,"Komisi III DPR RI resmi menyetujui Komjen Suyudi A.S. sebagai Kapolri menggantikan Jenderal Listyo Sigit Prabowo 🇮🇩
​Selamat dan sukses untuk amanah barunya! Apa nih harapan atau PR utama yang paling kamu harapkan dari Kapolri baru ini? Tulis di kolom komentar ya! 👇💬

​#Kapolri https://t.co/rherJAWJlE",2105516635356623095,https://pbs.twimg.com/media/HThMN7oaIAAWTmz.jpg,,in,,0,4,6,https://x.com/KangDien_Wae/status/2105516635356623095,3827798354,KangDien_Wae
2105516633104200074,2026-10-01T04:34:18.000Z,11,"Jaksa Agung Banten. 
Kapolri Banten.",2105516633104200074,,,in,,0,2,1,https://x.com/NephilaXmus/status/2105516633104200074,62764588,NephilaXmus
2105516620810789202,2026-10-01T04:34:15.000Z,0,"Sah! DPR Setujui Suyudi Ario Seto Jadi Kapolri Gantikan Listyo Sigit Prabowo

https://t.co/9M7YeRQuBx",2105516620810789202,,,in,,0,0,0,https://x.com/radarbogorID/status/2105516620810789202,1276346304,radarbogorID
2105516600493584879,2026-10-01T04:34:10.000Z,0,"Bulan baru
Kapolri baru

Apakah ini dalam rangka ""bersih-bersih""? https://t.co/EVaaLSxkdX",2105516600493584879,https://pbs.twimg.com/media/HThMEVsacAAz9rg.png,,in,,0,0,0,https://x.com/smartcitizen101/status/2105516600493584879,2066887847844732928,smartcitizen101
2105516592113283209,2026-10-01T04:34:08.000Z,0,"Ternyata pernah jadi Kapolsek Tanah Abang &amp; Pasar Minggu

Pernah jadi Kapolres Majalengka &amp; Bogor

Pernah jadi Kapolda Banten

Jadi Kepala BNN

Akhirnya jadi Kapolri",2105516592113283209,,,in,,0,0,0,https://x.com/trimujokobayu/status/2105516592113283209,168693439,trimujokobayu
2105516570642698664,2026-10-01T04:34:03.000Z,12,"Akankah Baratayudha  🤔🤔🤔
===================
BREAKING NEWS: Prabowo Kirim Surpres Pemberhentian Kapolri Jenderal Listyo Sigit

Sumber: https://t.co/Hph9v4ZrC3.",2105516570642698664,,,in,,0,2,3,https://x.com/JHPrabowo_on_X/status/2105516570642698664,1944690042980675584,JHPrabowo_on_X
2105502600523342325,2026-10-01T04:33:49.000Z,9,@zikrialihakim Iyees. Udah kelamaan Listyo jadi Kapolri,2105516512698376229,,zikrialihakim,in,,0,1,0,https://x.com/pw_gun/status/2105516512698376229,825756199,pw_gun
2105492419882185125,2026-10-01T04:33:49.000Z,0,@SudutTakKasat Apakah Barter Kasus Gibran dan Pemberhentian Kapolri?,2105516511339422079,,SudutTakKasat,in,,0,1,0,https://x.com/MoennybN/status/2105516511339422079,1551942445612646401,MoennybN
2105516416212603275,2026-10-01T04:33:26.000Z,6,"Life Update, orang-orang yg ada di video: 

1. Mahfud MD (saat itu Menko Polhukam)
Sekarang warga biasa yang aktif berkomentar hukum-politik lewat podcast YouTube-nya (Terus Terang).

2. Sanitiar Burhanuddin / ST Burhanuddin (Jaksa Agung)
Masih menjabat Jaksa Agung per akhir",2105516416212603275,https://pbs.twimg.com/ext_tw_video_thumb/1840904526104313856/pu/img/kypm8kcT1gjwU66X.jpg,,in,,0,1,2,https://x.com/ordinarymun/status/2105516416212603275,1224216654034292736,ordinarymun
2105516414291632387,2026-10-01T04:33:26.000Z,0,"Komisi III Dewan Perwakilan Rakyat (DPR) RI secara aklamasi menyetujui Komjen Pol Suyudi Ario Seto menjadi Kepala Kepolisian Negara Republik Indonesia (Kapolri).

Suyudi disetujui untuk menggantikan Kapolri saat ini, Jenderal Polisi Listyo Sigit Prabowo.

Keputusan tersebut",2105516414291632387,,,in,,0,0,0,https://x.com/tribunnews/status/2105516414291632387,124171593,tribunnews
2105502556189536291,2026-10-01T04:33:10.000Z,1,@HansAhmadLubis analisis aball-abal hehehehe.. pas di hari kesaktian pancasila... kapolri baru persiapan utk menghadapi efek gugatan ijasah Gibran di MK... pas jg berbarengan byknya akun2 kafirun yg menyerang Al-Islam...apakah kebetulan...wallahua'lam...,2105516348101329130,,HansAhmadLubis,in,,0,1,0,https://x.com/positiveconten1/status/2105516348101329130,1095989865475276800,positiveconten1
2105516300978319842,2026-10-01T04:32:59.000Z,469,"Jabatan Kapolri bukanlah puncak karir.
Jabatan Kapolri adalah puncak tanggung jawab.

Saya ingin membuat"" ketika seorang anak melihat polisi dia merasa aman dan terlindungi"" bukan sebaliknya. 

Komjen Pol SUYUDI ARIO SETO. https://t.co/Zb8aPw7UWZ",2105516300978319842,https://pbs.twimg.com/amplify_video_thumb/2105516258217394176/img/b8KIlkcqw7bCfuGI.jpg,,in,,13,79,141,https://x.com/regar_op0sisi/status/2105516300978319842,1749698965539553280,regar_op0sisi
2105516272889078239,2026-10-01T04:32:52.000Z,6,Surprise dari Prabowo hari ini tiba-tiba Kapolri di copot anjirr,2105516272889078239,,,in,,0,1,1,https://x.com/wesmove/status/2105516272889078239,1036630387626131458,wesmove
2105516269969830191,2026-10-01T04:32:52.000Z,0,"DPR Ketok Palu! Suyudi Ario Seto Resmi Disetujui Jadi Kapolri, Gantikan Jenderal Listyo Sigit

https://t.co/wfldgTMsUA",2105516269969830191,,,in,,0,0,0,https://x.com/radartuban/status/2105516269969830191,2543075562,radartuban
2105516250390802634,2026-10-01T04:32:47.000Z,33,"Selamat tinggal geng Solo, selanjutnya Gibran.

Yang sabar bro @DedynurPalakka, era nabimu sebentar lagi selesai.😁

Komisi III DPR RI menggelar uji kelayakan dan kepatutan (fit and proper test) terhadap calon Kepala Kepolisian Republik Indonesia (Kapolri) pada Kamis, 1/10/2026. https://t.co/3uWJoHdpYn",2105516250390802634,https://pbs.twimg.com/amplify_video_thumb/2105516212948180992/img/if88yKlZL119w5a5.jpg,,in,,0,7,12,https://x.com/_Sadewa__/status/2105516250390802634,1258019504497422337,_Sadewa__
2105503319980728561,2026-10-01T04:32:26.000Z,1,@elpichichiiiiii Listyo jd Kapolri terlama ya?,2105516163879113118,,elpichichiiiiii,in,,0,2,0,https://x.com/yuyud_brawn/status/2105516163879113118,79162706,yuyud_brawn
2105516136880345273,2026-10-01T04:32:20.000Z,0,"Saat Komjen Suyudi Resmi Kapolri, Listyo Sigit Masih Dampingi Prabowo Upacara Kesaktian Pancasila
 
https://t.co/kyPhtrY9CY via @tribunnews",2105516136880345273,,,in,,0,0,0,https://x.com/sripoku1/status/2105516136880345273,1309426456846651392,sripoku1
2105516136595161561,2026-10-01T04:32:20.000Z,2,"pemberhentian Kapolri Listyo Sigit udah keliatan manuver prabowo ""bersih-bersih"" pengaruh kekuasaan lama.",2105516136595161561,,,in,,0,0,1,https://x.com/telurisme/status/2105516136595161561,2058146363482030080,telurisme
2105503258597069075,2026-10-01T04:32:17.000Z,33,"@creeping5ilence gerbong kapolri baru,ikut semua dari bintang 1 dan bintang 2,bahkan kombes pun ada",2105516126155513970,,creeping5ilence,in,,0,4,2,https://x.com/ArifZaenal2834/status/2105516126155513970,1810283061298491392,ArifZaenal2834
2105516109348934068,2026-10-01T04:32:13.000Z,0,Komjen Suyudi Ario Seto sebagai Kapolri RI menggantikan Pak Listyo Sigit Prabowo,2105516109348934068,,,in,,0,0,0,https://x.com/UsodoWiro/status/2105516109348934068,1026058447593164800,UsodoWiro
2105497240483799332,2026-10-01T04:29:34.000Z,2,@OneLove4Human Kapolri diganti Dul,2105515442861478395,,OneLove4Human,in,,0,0,0,https://x.com/kopilihdia/status/2105515442861478395,123737267,kopilihdia
2105515420614889617,2026-10-01T04:29:29.000Z,1,Kapolri kapolri https://t.co/PAgoaHUXXC,2105515420614889617,,,in,,0,0,0,https://x.com/billy4riez/status/2105515420614889617,200000354,billy4riez
2105510452608586064,2026-10-01T04:29:24.000Z,2,"@arifbalikpapan1 Selamat bertugas kpd kapolri baru.
Dan selamat menjadi petani kpd pak listyo.
Semoga sukses.",2105515400297644107,,arifbalikpapan1,in,,0,0,0,https://x.com/wansrosadi/status/2105515400297644107,1555488754089197568,wansrosadi
2105513152024821940,2026-10-01T04:29:11.000Z,0,"@subininaja mau pergantian kapolri sih sepertinya kak, aplgi listyo udah lama bgt menjabat",2105515346589634586,,subininaja,in,,0,0,0,https://x.com/browniesyappin/status/2105515346589634586,2078356675703296000,browniesyappin
2105515343510901004,2026-10-01T04:29:11.000Z,239,"Dengan UU Polri yang baru, Listyo Sigit baru akan pensiun 2029. Jadi beliau akan jadi Jendral non-job pasca diberhentikan jadi Kapolri",2105515343510901004,,,in,,2,12,16,https://x.com/MSMujab22/status/2105515343510901004,310751498,MSMujab22
2105515295654007075,2026-10-01T04:28:59.000Z,0,"Bronson 10000IU Vitamin D3 + 120mcg Vitamin K2 MK7 NON-GMO https://t.co/86uKpLSqMO

#pln #makmur #kapolri",2105515295654007075,,,in,,0,0,0,https://x.com/MTeam87218/status/2105515295654007075,1903811015432957952,MTeam87218
2105511207155491104,2026-10-01T04:28:42.000Z,1,@narkosun Riwayat calon Kapolri gak pernah tugas/menjabat di luar jawa ya,2105515222341685673,,narkosun,in,,0,0,0,https://x.com/Sadewa_39/status/2105515222341685673,128563099,Sadewa_39
2105515193992368230,2026-10-01T04:28:35.000Z,0,"""Semoga Polri kedepan menjadi lebih baik""

Yang belum baik akan diperbaiki
Yang sudah baik akan ditingkatkan

Dan yang perlu dipersiapkan Polri harus selalu siap untuk di Kritik oleh masyarakat demi kebaikan bersama.

Selamat untuk Kepala BNN RI atas jabatan baru menjadi Kapolri https://t.co/ngejjxLspH",2105515193992368230,https://pbs.twimg.com/amplify_video_thumb/2105515181149388800/img/TSaK33Cu6Y5ofvdk.jpg,,in,,0,0,0,https://x.com/Cah_Ndesoo99/status/2105515193992368230,1369137784926085120,Cah_Ndesoo99
2105515067370512501,2026-10-01T04:28:05.000Z,5,"SAH (1 Okt 2026): DPR menyetujui Komjen Suyudi Ario Seto, Kepala BNN, sebagai Kapolri pengganti Jenderal Listyo Sigit Prabowo. 

Komisi III menyetujui secara aklamasi, lalu rapat paripurna menyetujui di hari yang sama. Pelantikan oleh Presiden masih menyusul.

Linimasanya kilat:",2105515067370512501,https://pbs.twimg.com/amplify_video_thumb/2105490780941099009/img/ngQpo1hCg6g1W2jV.jpg,,in,,0,1,2,https://x.com/Fatahilah03/status/2105515067370512501,1781618112259076096,Fatahilah03
2105515051495145667,2026-10-01T04:28:01.000Z,3,@grok bisa jelaskan rekam jejak Komjen Suyudi calon Kapolri?,2105515051495145667,,grok,in,,0,1,1,https://x.com/arifin34533/status/2105515051495145667,1420219650231574533,arifin34533
2105514863447699684,2026-10-01T04:27:16.000Z,1,"Di balik setiap angka, ada cerita manusia. Ada perjuangan, harapan, dan kehidupan yang sedang berjalan. Karena data bukan sekadar angka, tapi tentang mereka yang ingin dilihat dan didengar.

#EfisiensiAPBN2027 #JAEMINxLee101Anniversary 
Pancasila Kapolri Makmur https://t.co/48opP4BYoD",2105514863447699684,https://pbs.twimg.com/media/HThKmvEacAAHCch.jpg,,in,,0,0,0,https://x.com/touuuubad/status/2105514863447699684,306573556,touuuubad
2105514819294228986,2026-10-01T04:27:06.000Z,10,"Komisi III DPR telah menggelar fit and proper test atau uji kelayakan dan kepatutan kepada Komjen Suyudi Ario Seto sebagai calon Kapolri.

https://t.co/DfxeCFOWlI",2105514819294228986,,,in,,0,0,4,https://x.com/detikcom/status/2105514819294228986,69183155,detikcom
2105485877652967550,2026-10-01T04:27:02.000Z,38,"@MenteriPekerja - Penghasilan dibawah 10jt bebas pajak
- Presiden kirim SurPres ke DPR untuk pemberhentian Kapolri
- 120T dividen BUMN tidak diberikan ke negara tapi dikelola Danantara
- Tsaqibirru surati MK untuk diskualifikasi Wapres

berita mana yang jadi pengalihan isu?",2105514805490848159,,MenteriPekerja,in,,0,1,3,https://x.com/0xKazuto/status/2105514805490848159,117081046,0xKazuto
2105492419882185125,2026-10-01T04:26:51.000Z,1,@despera213 bajingan kapolri abadi 🤣,2105514758711718178,,despera213,in,,0,0,0,https://x.com/SudutTakKasat/status/2105514758711718178,1680107892417126406,SudutTakKasat
2105514717825667506,2026-10-01T04:26:41.000Z,2,Komjen Pol. Suyudi Ario Seto ditunjuk jadi Kapolri yang baru setelah diusulkan oleh Presiden Prabowo Subianto.,2105514717825667506,,,in,,0,0,1,https://x.com/telurisme/status/2105514717825667506,2058146363482030080,telurisme
2105514715661430943,2026-10-01T04:26:41.000Z,0,"Kapolri abis diberhentiin bilang gini gak ya? ""Saya akan pulang ke Jogja menjadi petani"". Oh iya pensiunnya 2029 🙂‍↔️",2105514715661430943,,,in,,0,0,0,https://x.com/yagaktauw/status/2105514715661430943,808887660,yagaktauw
2105490263762501912,2026-10-01T04:26:23.000Z,0,@kompascom Udh terlalu lama jg kapolri dijabat beliau,2105514640793055463,,kompascom,in,,0,0,0,https://x.com/KangEbed_17/status/2105514640793055463,1978984537565859842,KangEbed_17
2105514546014359928,2026-10-01T04:26:00.000Z,0,"kaget banget tiba-tiba punya kapolri baru, prosesnya juga cepet banget cuma 1 hari",2105514546014359928,,,in,,1,1,0,https://x.com/lightsbluecloud/status/2105514546014359928,1232517094270308354,lightsbluecloud
2105514480155390327,2026-10-01T04:25:45.000Z,0,"01/10/2026 Komisi III DPR RI resmi menyetujui penunjukan KomJen Suyudi Ario Seto sebagai Kapolri baru, menggantikan Jend (Pol) Listyo Sigit Prabowo.
https://t.co/2cJEHE0fij https://t.co/r1sTOkPXRJ",2105514480155390327,https://pbs.twimg.com/media/HThKQUua8AA1NW6.jpg,,in,,1,0,1,https://x.com/shintaeffendi/status/2105514480155390327,46523425,shintaeffendi
2105514476023988483,2026-10-01T04:25:44.000Z,100,"Ketua DPR RI Puan Maharani mengatakan DPR RI menyetujui pemberhentian dengan hormat Jenderal Polisi Listyo Sigit Prabowo dari jabatan Kapolri.

https://t.co/JwGVNISPTO",2105514476023988483,,,in,,1,5,19,https://x.com/detikcom/status/2105514476023988483,69183155,detikcom
2105513601910088078,2026-10-01T04:22:15.000Z,0,Dewan Perwakilan Rakyat (DPR) RI resmi menyetujui pengangkatan Komjen Pol Suyudi Ario Seto sebagai Kepala Kepolisian Negara Republik Indonesia (Kapolri). Pelantikan mantan Kepala Badan Narkotika Nasional (BNN) tersebut dijadwalkan berlangsung di Istana Negara oleh Presiden https://t.co/y0muo2qddK,2105513601910088078,https://pbs.twimg.com/media/HThJdOXbwAAI6ny.jpg,,in,,0,0,0,https://x.com/garudatvnews/status/2105513601910088078,502140136,garudatvnews
2105513006415438132,2026-10-01T04:22:02.000Z,0,"Komjen Pol. Suyudi Ario Seto (lahir 14 Juli 1973 di Pandeglang, Banten) adalah perwira tinggi Polri lulusan Akpol 1994. Ia juga menempuh PTIK (2003) dan Sespimti Polri (2018).

Kariernya banyak di bidang reserse &amp; kriminal:
- Kanit II Resmob Polda Metro Jaya
- Kapolsek Metro",2105513544301285747,,musobandi,in,,0,0,0,https://x.com/musobandi/status/2105513544301285747,2064687815477338112,musobandi
2105513522981683636,2026-10-01T04:21:57.000Z,156,"guys lu pada tau gak nih
komisi iii dpr ri setujui komjen pol suyudi ario seto jadi kapolri gantiin jenderal pol listyo sigit prabowo

persetujuannya berlangsung kilat dalam rangkaian fit and proper test calon kapolri di kompleks parlemen senayan jakarta

tanpa ada sesi tanya https://t.co/02anbLNBpU",2105513522981683636,https://pbs.twimg.com/media/HThJTzvaIAAl_ia.jpg,,in,,0,13,12,https://x.com/LambeSahamjja/status/2105513522981683636,1772323119111487490,LambeSahamjja
2105513510646255927,2026-10-01T04:21:54.000Z,0,"Komisi III DPR RI memberikan persetujuan bagi Kepala Badan Narkotika Nasional (BNN) Komjen Suyudi Ario Seto menjabat Kapolri menggantikan Jenderal Listyo Sigit Prabowo. 

Hal demikian terjadi saat Komisi III menggelar uji kelayakan dan kepatutan terhadap Suyudi sebagai kandidat https://t.co/dazBHqfa4F",2105513510646255927,https://pbs.twimg.com/amplify_video_thumb/2105513371101749248/img/d0uz3iQAT443Yntt.jpg,,in,,0,0,0,https://x.com/jpnncom/status/2105513510646255927,79130206,jpnncom
2105495428053487759,2026-10-01T04:21:48.000Z,0,"@doelpaten Hai @grok 
Siapakah komjen suyudi ario tejo  yang menggantikan listyo sigit menjadi kapolri ini?",2105513488932327521,,doelpaten,in,,0,1,0,https://x.com/Wong_PakMo/status/2105513488932327521,1046760982272299008,Wong_PakMo
2105513473811829036,2026-10-01T04:21:45.000Z,46,"Baca di sini: https://t.co/A0j7ZIYgsu

Calon Kapolri Komjen Suyudi Ario Seto pernah menunjukkan aksi unik saat menjabat Kapolda Banten dengan ikut bermain debus dan membengkokkan golok menggunakan tengkuknya.

~IQ #Kapolri #KomjenSuyudi [2026100111111181] https://t.co/qkM0gxt1WE",2105513473811829036,https://pbs.twimg.com/media/HThJE6KbQAAcxnl.jpg,,in,,1,0,4,https://x.com/kompascom/status/2105513473811829036,23343960,kompascom
2105510348539519243,2026-10-01T04:21:44.000Z,4,@ardisatriawan Kupikir kapolri selama-lamanya ternyata bisa juga diganti🤭,2105513469558898953,,ardisatriawan,in,,0,0,0,https://x.com/masmadsun63908/status/2105513469558898953,1967345821067993089,masmadsun63908
2105513432422490143,2026-10-01T04:21:35.000Z,11,"Kalau yang terlama era reformasi, benar. 

Kalau terlama dalam sejarah kepolisian masih ada Jenderal Raden Said, yang menjabat hampir 15 tahun jadi Kapolri.",2105513432422490143,,,in,,1,0,2,https://x.com/zoelfick/status/2105513432422490143,86934018,zoelfick
2105513377942618118,2026-10-01T04:21:22.000Z,0,"Selamat atas terpilihnya Kapolri baru, Komjen Pol. Suyudi Ario Seto",2105513377942618118,,,in,,0,0,0,https://x.com/LsmSapulidi/status/2105513377942618118,328427808,LsmSapulidi
2105513367448502434,2026-10-01T04:21:20.000Z,0,2029 presidennya dari sirkel berbeda dari Prabs dan geng solo serta lantik kapolri baru lagi,2105513370321580463,,ryotxt46,in,,0,0,0,https://x.com/ryotxt46/status/2105513370321580463,1417826717809270786,ryotxt46
2105513368207700396,2026-10-01T04:21:20.000Z,0,"Belum genap sebulan Kapolri langsung lengser diganti.

Besok jadwalkan ketemu Fufufafa,  Gus.
 Dst. https://t.co/9GsmqudQ4A",2105513368207700396,https://pbs.twimg.com/media/HThJPkkaQAA2drl.jpg,,in,,0,0,0,https://x.com/wiariutami/status/2105513368207700396,2888809230,wiariutami
2105513367448502434,2026-10-01T04:21:20.000Z,0,"Kabar baiknya kapolri akhirnya diganti. Kabar kurang bagusnya, menurut Tempo, Prabs dah kesel ke Listyo persoalan Febrie 74kg emas. Kemungkinan tuh orang lolos hukuman berat

Tapi tetep harus dirayakan lah. Polri dah sebusuk itu bare minimumnya kapolri diganti. Lebih topcer kalau",2105513367448502434,,,in,,0,1,0,https://x.com/ryotxt46/status/2105513367448502434,1417826717809270786,ryotxt46
2105513318664609832,2026-10-01T04:21:08.000Z,0,"Eng ing eng, Kapolri diganti",2105513318664609832,,,in,,0,0,0,https://x.com/giIangmahesa/status/2105513318664609832,29385415,giIangmahesa
2105513306362675653,2026-10-01T04:21:05.000Z,0,"resmi @prabowo.gibran2 menerbitkan supres Nomor R57/Pres/2026 untuk pemberhentian kapolri  Listyio Sigit, bagaimana @jokowi perasaanmu ?
satu persatu antek2 Jokowi di pemerintahan dibuang, tapi yg herannya, apa tidak ada calon lain yg lebih bagus dari Suyudi Ario ini ?? https://t.co/LGrBbUTbfq",2105513306362675653,https://pbs.twimg.com/media/HThJMP4akAALLNL.jpg,,in,,0,0,0,https://x.com/bejosps/status/2105513306362675653,321357041,bejosps
2105513278952837140,2026-10-01T04:20:58.000Z,0,"Ujian Kilat 26 Menit Calon Kapolri Suyudi Ario Seto

https://t.co/9AWYhPUm4W",2105513278952837140,,,in,,0,0,0,https://x.com/liputan6dotcom/status/2105513278952837140,47596019,liputan6dotcom
2105513141484638228,2026-10-01T04:20:26.000Z,2,"Suyudi Ario Seto dari BNN resmi jadi calon tunggal Kapolri pengganti Listyo Sigit, tema utamanya Polisi Bersama Masyarakat.",2105513141484638228,,,in,,0,0,1,https://x.com/KangDien_Wae/status/2105513141484638228,3827798354,KangDien_Wae
2105490465403662582,2026-10-01T04:20:05.000Z,3,@LambeSahamjja Kapolri nya ganti dari TNI kah?,2105513056042410083,,LambeSahamjja,in,,0,0,0,https://x.com/ucupxucup/status/2105513056042410083,218390082,ucupxucup
2105513040477323729,2026-10-01T04:20:02.000Z,12,"Presiden Prabowo telah menerbitkan Surat Presiden Nomor R57/Pres/2026 tertanggal 30 September 2026 mengenai usulan pemberhentian Listyo Sigit Prabowo dan penunjukan Kepala BNN Komjen Pol Suyudi Ario Seto sebagai calon Kapolri baru.
Inikah Penggantinya siang ini? https://t.co/3KBaNpOBJ2",2105513040477323729,https://pbs.twimg.com/media/HThI7xLaEAAblm8.jpg,,in,,0,1,6,https://x.com/Rahadi0816/status/2105513040477323729,1611567480992043008,Rahadi0816
2105513006415438132,2026-10-01T04:19:53.000Z,0,"🔥 Siapa Komjen Suyudi Ario Seto?  
Dari lapangan reserse terus Kapolda Banten kemudian Kepala BNN… sekarang diusulkan jadi Kapolri!

Lulusan Akpol 1994, spesialis kriminal, lahir Pandeglang 1973.  
Prabowo usulkan dia gantikan Listyo Sigit.

Perjalanan karier yang solid di https://t.co/r5hzswzA2L",2105513006415438132,https://pbs.twimg.com/media/HThI3eNaYAAVM9F.jpg,,in,,0,1,0,https://x.com/musobandi/status/2105513006415438132,2064687815477338112,musobandi
2105512968066892176,2026-10-01T04:19:44.000Z,7,kapolri akan diganti https://t.co/TeON3bgqc9,2105512968066892176,https://pbs.twimg.com/media/HThI4aYbQAAcZ2T.jpg,,in,,0,1,0,https://x.com/JogjaUpdate/status/2105512968066892176,128175561,JogjaUpdate
2105512851209437695,2026-10-01T04:19:16.000Z,0,"Presiden Prabowo Kirim Surpres Pergantian Kapolri, Usulkan Kepala BNN Suyudi Ario Seto
https://t.co/V7TRb4OjpY https://t.co/M5kpsfDM29",2105512851209437695,https://pbs.twimg.com/media/HThIvl9bkAA5G8d.jpg,,in,,0,0,0,https://x.com/RILISonline/status/2105512851209437695,324825723,RILISonline
2105512850781515872,2026-10-01T04:19:16.000Z,0,SANGAT SETUJU  JIKA PRESIDEN @prabowo MEMBERHENTIKAN KAPOLRI LISTYO SIGIT . JABATAN LISTYO SUDAH KELAMAAN. CC @DPR_RI @Gerindra,2105512850781515872,,,in,,0,0,0,https://x.com/_satrio_aji_/status/2105512850781515872,2323532161,_satrio_aji_
2105512834406994331,2026-10-01T04:19:12.000Z,0,Pergantian Kapolri usulan Prabowo: Suyudi Ario Seto dari Kepala BNN jadi calon tunggal pengganti Listyo Sigit.,2105512834406994331,,,in,,0,0,0,https://x.com/KangDien_Wae/status/2105512834406994331,3827798354,KangDien_Wae
2105512790970736824,2026-10-01T04:19:02.000Z,0,"Alhamdulillah...smoga lbh baik

https://t.co/yhxsSjj9mY",2105512790970736824,,,in,,0,0,0,https://x.com/aa_argun/status/2105512790970736824,1349440885,aa_argun
2105503445369405461,2026-10-01T04:18:57.000Z,3,@03__nakula biasa aja pergantian kapolri.. beda kalau kapolri dipecat,2105512769869230545,,03__nakula,in,,0,0,1,https://x.com/WeeNiDv/status/2105512769869230545,1483392183252455427,WeeNiDv
2105512658233598188,2026-10-01T04:18:30.000Z,5,"Selamat dan Sukses atas Penunjukan Komjen Pol. Suyudi Ario Seto, S.I.K., S.H., https://t.co/A2Uxiv8f7T. sebagai Kapolri

#Kapolri #Polri #PolriPresisi #MelindungiMengayomiMelayani #UntukIndonesiaMaju https://t.co/PRALyiFh8U",2105512658233598188,https://pbs.twimg.com/media/HThImZ0bgAAM2Gi.jpg,,in,,0,0,1,https://x.com/Poldakaltim/status/2105512658233598188,226140504,Poldakaltim
2105512643935293687,2026-10-01T04:18:27.000Z,1,"kapolri beneran diganti, sesekali mendengarkan obrolan tingkat tinggi memang ndak bagus.",2105512643935293687,,,in,,0,0,0,https://x.com/nezhifi/status/2105512643935293687,251151631,nezhifi
2105512609378349555,2026-10-01T04:18:19.000Z,2,"Ya memang sudah waktunya sih, ini sudah lewat masanya, pak Listyo ini menjabat sebagai kapolri itu paling lama,,,",2105512609378349555,,,in,,0,0,1,https://x.com/LaiElfrid/status/2105512609378349555,1978790995,LaiElfrid
2105512608573059431,2026-10-01T04:18:19.000Z,0,"Profil Kepala BNN Suyudi Ario Seto, Calon Kapolri Pilihan Prabowo
 https://t.co/VHa6pLq3iH",2105512608573059431,,,in,,0,0,0,https://x.com/cnbcindonesia/status/2105512608573059431,847372542830444544,cnbcindonesia
2105512602797490440,2026-10-01T04:18:17.000Z,2,"JUST IN : Prabowo Kirim Surat Presiden Pemberhentian Kapolri Jenderal Listyo Sigit ke DPR RI pada Kamis, 1 Oktober 2026.",2105512602797490440,,,in,,1,0,1,https://x.com/telurisme/status/2105512602797490440,2058146363482030080,telurisme
2105490465403662582,2026-10-01T04:18:14.000Z,0,@LambeSahamjja Pasti ada permintaan konyol lagi yang gak mau kapolri turutin,2105512591154163894,,LambeSahamjja,in,,0,0,0,https://x.com/PrimataUnggul/status/2105512591154163894,69305853,PrimataUnggul
2105512573005427005,2026-10-01T04:18:10.000Z,1,"Presiden Prabowo Subianto mengusulkan Komjen Pol Suyudi Ario Seto sebagai calon Kapolri menggantikan Jenderal Listyo Sigit Prabowo. Komisi III DPR menyetujui Suyudi secara aklamasi ....

https://t.co/Ky74Wht7WC https://t.co/CPK0pyrMS9",2105512573005427005,https://pbs.twimg.com/media/HThIdepboAEhiML.jpg,,in,,0,0,0,https://x.com/Serucoid1/status/2105512573005427005,1272427767942926337,Serucoid1
2105512425277808845,2026-10-01T04:17:35.000Z,0,kapolri baru nih,2105512425277808845,,,in,,0,0,0,https://x.com/megowgntg/status/2105512425277808845,1510487212798115842,megowgntg
2105499598639054933,2026-10-01T04:17:31.000Z,4,"@regar_op0sisi @prabowo jujur kalo ini beneran gak nyangka. kukira wowo yg penakut bakal mertahanin tuh orang. kapolri yg baru kalo pengen ambil hati rakyat, tuntaskan kasus km 50/kanjuruhan.",2105512408970387534,,regar_op0sisi,in,,0,0,0,https://x.com/naizhafr/status/2105512408970387534,2068306956985765889,naizhafr
2105512397100462104,2026-10-01T04:17:28.000Z,0,"Hasil EKshumasi Alm Sutrimo Tidak Ditemukan Bukti Tindak Pidana
#febrieadriansyah #kejaksaan #poldametrojaya #korupsi #sutrimo Pancasila
Kapolri
Makmur
#BPSDMKementerianDesaPDT
#KerjaPendampingDesaBerdampak
Perlinsos
Perlindungan Sosial
Kemendes PDT
Pendamping Desa di 37
#KNMP https://t.co/aMsD9TIwZR",2105512397100462104,https://pbs.twimg.com/amplify_video_thumb/2105511947588554752/img/nAzMt6Mgq7UZ-YUx.jpg,,in,,0,0,0,https://x.com/saotaki/status/2105512397100462104,280445514,saotaki
2105512299910074552,2026-10-01T04:17:05.000Z,0,kapolri usulan prabowo coy busett ini orang2 jokowi diratakan hahaha,2105512299910074552,,,in,,0,0,0,https://x.com/mubadminton/status/2105512299910074552,1462647613254078466,mubadminton
2105512230183960660,2026-10-01T04:16:48.000Z,39,"Presiden Prabowo Subianto mengirimkan Surat Presiden (Surpres) berisi pergantian Kapolri kepada Komisi III DPR RI. Kepala BNN Komjen Suyudi Ario Seto menjadi calon tunggal Kapolri.

Hal tersebut disampaikan Ketua Komisi III DPR RI, Habiburokhman, pada Kamis (1/10) di gedung DPR, https://t.co/GjpXrz9jPA",2105512230183960660,https://pbs.twimg.com/amplify_video_thumb/2105497139598237696/img/XW3PYwFw-vBWe-kN.jpg,,in,,3,1,12,https://x.com/kumparan/status/2105512230183960660,759692754985242625,kumparan
2105512216376356966,2026-10-01T04:16:46.000Z,4,"Sebagai penggantinya, Presiden menunjuk Kepala BNN Komjen Pol. Suyudi Ario Seto sebagai calon tunggal Kapolri. 

Saat ini, proses uji kelayakan (fit and proper test) tengah dipersiapkan oleh Komisi III DPR RI.",2105512220490612887,,Mdy_Asmara1701,in,,0,1,0,https://x.com/Mdy_Asmara1701/status/2105512220490612887,1334853481019056128,Mdy_Asmara1701
2105512216376356966,2026-10-01T04:16:45.000Z,151,"BREAKING NEWS!  

Presiden Prabowo Subianto resmi mengirimkan Surat Presiden (Surpres) ke DPR RI terkait pemberhentian Jenderal Listyo Sigit Prabowo dari jabatan Kapolri. https://t.co/0TaCSNjSZX",2105512216376356966,https://pbs.twimg.com/amplify_video_thumb/2105512181127340033/img/AWeAycH2Je2z903l.jpg,,in,,6,12,42,https://x.com/Mdy_Asmara1701/status/2105512216376356966,1334853481019056128,Mdy_Asmara1701
2105512215235399715,2026-10-01T04:16:45.000Z,3,"kronologi singkat pergantian Kapolri (Listyo Sigit Prabowo → Komjen Suyudi Ario Seto) yang muncul di timeline X pada 30 September–1 Oktober 2026, 
disusun dari postingan yang paling cepat naik dan banyak di-quote.​

@lambesahamjja
30 September 2026
Presiden Prabowo menerbitkan https://t.co/PsBF2uUaRJ",2105512215235399715,https://pbs.twimg.com/media/HThIL_qaIAEtlc_.jpg,,in,,0,2,2,https://x.com/PutriKariimah/status/2105512215235399715,1628957474886946816,PutriKariimah
2105511629794468319,2026-10-01T04:14:25.000Z,3,"Komisi III DPR RI secara aklamasi resmi menyetujui Komjen Pol. Suyudi Ario Seto sebagai Kepala Kepolisian Negara Republik Indonesia (Kapolri) yang baru, menggantikan Jenderal Pol. Listyo Sigit Prabowo.

​Keputusan ini diambil setelah proses fit and proper test selesai digelar di https://t.co/ibnNwMiawO",2105511629794468319,https://pbs.twimg.com/amplify_video_thumb/2105510867228147712/img/NrRL4kZoBT3AhRiA.jpg,,in,,1,2,0,https://x.com/RadioElshinta/status/2105511629794468319,121640063,RadioElshinta
2105487043216425308,2026-10-01T04:14:14.000Z,0,@yuddychrisnandi Pergantian Kapolri tentu membawa perhatian masyarakat luas,2105511584835756197,,yuddychrisnandi,in,,0,0,0,https://x.com/viasbnrna/status/2105511584835756197,1818613072866779136,viasbnrna
2105511541433057416,2026-10-01T04:14:04.000Z,0,"Hadiah ulang tahun mas wapres.....
Pergantian kapolri",2105511541433057416,,,in,,0,0,0,https://x.com/oppo_wahid/status/2105511541433057416,1749116333655220224,oppo_wahid
2105491553330552966,2026-10-01T04:13:55.000Z,1,"@Sebelahkampus @IndosFC @MafiaWasit pergantian paling cepat, surpres tgl 30 ke dpr, tgl 1 fit&amp;proper test. sore/ malam dilantik menjadi kapolri.  mendagri , panglima tni ikut diganti. sesuai keinginan budi jud ada patahan sejarah, wapres di diskualifikasi .. wkwkwkwwk. TL x di penuhi caci maki sumpah serapah termul",2105511502023364881,,Sebelahkampus,in,,0,0,0,https://x.com/SotoAyam1970/status/2105511502023364881,1587265721146707968,SotoAyam1970
2105511451997949981,2026-10-01T04:13:43.000Z,39,"Presiden Prabowo Subianto mengirimkan Surat Presiden (Surpres) berisi pergantian Kapolri kepada Komisi III DPR RI. Kepala BNN Komjen Suyudi Ario Seto menjadi calon tunggal Kapolri.

Suyudi akan menggantikan Jenderal Listyo Sigit Prabowo yang menduduki kursi Kapolri sejak 2021. https://t.co/nGPnMpNqrL",2105511451997949981,https://pbs.twimg.com/media/HThHRg7asAAazfq.jpg,,in,,4,2,17,https://x.com/kumparan/status/2105511451997949981,759692754985242625,kumparan
2105511433882787985,2026-10-01T04:13:39.000Z,4,"Rapat Paripurna ke-8 DPR RI Masa Persidangan I Tahun 2026-2027 menyetujui Suyudi Ario Seto sebagai Kapolri menggantikan Listyo Sigit Prabowo. Ketua DPR RI sekaligus pemimpin rapat, Puan Maharani menyatakan pemberhentian dengan hormat kepada… www.​instagram.​com/p/Dd8BRPwgdwS/ https://t.co/3Dg2Nph44s",2105511433882787985,https://pbs.twimg.com/media/HThHfKpaUAAplrF.jpg,,in,,1,0,2,https://x.com/Bisniscom/status/2105511433882787985,118646322,Bisniscom
2105487043216425308,2026-10-01T04:13:15.000Z,0,@yuddychrisnandi Publik pasti menunggu langkah pertama Kapolri yang baru,2105511337032085748,,yuddychrisnandi,in,,0,0,0,https://x.com/arienidnt/status/2105511337032085748,1817403373085478912,arienidnt
2105511330669289904,2026-10-01T04:13:14.000Z,109,"Kapolri paling lama menjabat adalah Raden Said Soekanto. 

Beliau adalah Kapolri pertama, menjabat dari 1945 sampai 14 Desember 1959. 

Sejak itu, hanya Listyo Sigit yang menjabat sebagai Kapolri lebih dari lima tahun, sebelum akhirnya berganti ke Komjen Suyudi, hari ini. https://t.co/RV3coZc1sB",2105511330669289904,https://pbs.twimg.com/media/HThHZOFacAAeN1p.jpg,,in,,0,5,10,https://x.com/zoelfick/status/2105511330669289904,86934018,zoelfick
2105505329975038343,2026-10-01T04:12:51.000Z,0,"@Tan_Mar3M Ngawur, kapolri ini orgnya Dasco",2105511232581325179,,Tan_Mar3M,in,,0,0,0,https://x.com/goldenman339/status/2105511232581325179,1439161041045184512,goldenman339
2105503018653495528,2026-10-01T04:12:36.000Z,0,"@indepenSumatera tapi apa pelan2 geng solo ini di ganti yaa 

siang ini kapolri",2105511172162416845,,indepenSumatera,in,,0,0,0,https://x.com/regiepatrick/status/2105511172162416845,237107121,regiepatrick
2105511139581051352,2026-10-01T04:12:28.000Z,7,DPR RI telah menerima Surat Presiden (Surpres) dari Presiden Prabowo Subianto Nomor R57/Pres/09/2026 tertanggal 30 September 2026 mengenai usulan pemberhentian Jenderal Listyo Sigit Prabowo dari jabatan Kapolri. Dan secara aklamasi menyetujui Komjen Suyudi Ario Seto penggantinya https://t.co/NpW39vLWEd,2105511139581051352,https://pbs.twimg.com/media/HThGv_XaAAAyHGx.jpg,,in,,2,0,2,https://x.com/netizenledger/status/2105511139581051352,3007567602,netizenledger
2105511127589490698,2026-10-01T04:12:25.000Z,0,"Puan Maharani Ungkap Satu Alasan Prabowo Berhentikan Listyo Sigit dari Kapolri, Kini Diganti Komjen Suyudi
 
https://t.co/5GJNJdogTW lewat @tribunnews Surat Presiden",2105511127589490698,,,in,,0,0,0,https://x.com/banjarmasinpost/status/2105511127589490698,65639033,banjarmasinpost
2105511084044238947,2026-10-01T04:12:15.000Z,2,"Breaking News! ⚡️

Kapolri Listyo Sigit digantikan oleh Komjen Suyudi.

❓️Pertanda apakah ini?",2105511084044238947,,,in,,0,0,0,https://x.com/yulianmf/status/2105511084044238947,163512572,yulianmf
2105493096519840141,2026-10-01T04:12:15.000Z,0,"@kenhans03 Ber ~ gantinya kapolri ..
Apa ber ~ mulainya perbedaan yaaa",2105511081989062948,,kenhans03,in,,0,0,0,https://x.com/yunani3e/status/2105511081989062948,2086617394202681344,yunani3e
2105486054468055334,2026-10-01T04:12:09.000Z,0,@Heraloebss Harus yg terbaik...Kapolri jabatan paling penting,2105511057225863476,,Heraloebss,in,,0,1,0,https://x.com/NapiPKS/status/2105511057225863476,2871185910,NapiPKS
2105499810124145148,2026-10-01T04:11:55.000Z,12,@LambeSahamjja tambahkan ... tolong sapunya dibersihkan dulu pak kapolri .. sebelum membersihkan sampah dan kotoran lain,2105511001097683099,,LambeSahamjja,in,,0,1,0,https://x.com/yosika_yashir/status/2105511001097683099,154853629,yosika_yashir
2105492591366279558,2026-10-01T04:11:19.000Z,0,"@RadioElshinta Penisnis juga kayaknya ni calon kapolri baru,",2105510849968488476,,RadioElshinta,in,,0,0,0,https://x.com/Lek_Tumidjo/status/2105510849968488476,1449454820687896577,Lek_Tumidjo
2105508894080655869,2026-10-01T04:11:16.000Z,2,@Ari3Pras Akhir nya berakhir juga era  kapolri terlama...,2105510837981216962,,Ari3Pras,in,,0,0,0,https://x.com/cepatkali/status/2105510837981216962,712079249021149185,cepatkali
2105510803101368579,2026-10-01T04:11:08.000Z,1,"Calon Kapolri Komisaris Jenderal Polisi Suyudi Ario Seto membawa tema Polisi Bersama Masyarakat sebagai arah kepemimpinan dan transformasi Polri. Gagasan tersebut disampaikan saat menjalani fit and proper test bersama Komisi III DPR RI di Kompleks Parlemen, Senayan, Jakarta, https://t.co/zRTJOiFKVg",2105510803101368579,https://pbs.twimg.com/amplify_video_thumb/2105510474221817856/img/64FP2yTTq0MDj9g_.jpg,,in,,1,0,0,https://x.com/SINDOnews/status/2105510803101368579,231355136,SINDOnews
2105498702119145613,2026-10-01T04:11:02.000Z,0,"@kompascom Saya berharap Kapolri baru bisa lebih tegas thd oknum polisi yg peras rakyat, juga tegas thd provokator dan tukang firnah yg bertebaran di medsos, tegas brantas judol dan penipu online yang membuat rakyat sengsara.",2105510777209880858,,kompascom,in,,0,0,0,https://x.com/goldenman339/status/2105510777209880858,1439161041045184512,goldenman339
2105509062490366199,2026-10-01T04:04:13.000Z,26,"Jadi kepala BNN baru setahun, hasil pemberantasan narkoba juga tak nyata nampak, tempat hiburan malam sebagai lubang narkoba jg masih ditutup 1 buka 1000. EH DITARIK JADI KAPOLRI. Bisa apa nanti 🤷‍♂️

Paham kan kenapa narkoba susah diberantas s.d Kasat Narko jd pecandu+bandar?🤪🤦‍♂️ https://t.co/p2iWsHOBZu",2105509062490366199,https://pbs.twimg.com/amplify_video_thumb/2105508995008245760/img/45k36J56BmkNOCzS.jpg,,in,,0,2,7,https://x.com/ThatSun510/status/2105509062490366199,1501741769306021890,ThatSun510
2105509055662047651,2026-10-01T04:04:13.000Z,0,"Surpres tersebut juga berisi usulan pengangkatan Kapolri baru. Nama yang diajukan sebagai calon Kapolri adalah Komjen Suyudi, yang saat ini menjabat Kepala BNN.

Badan Musyawarah DPR kemudian menugaskan Komisi III DPR untuk melaksanakan uji kelayakan terhadap Komjen Suyudi pada",2105509061391482966,,KontanNews,in,,0,1,0,https://x.com/KontanNews/status/2105509061391482966,43799886,KontanNews
2105509055662047651,2026-10-01T04:04:11.000Z,2,"Presiden Prabowo Subianto mengirim Surat Presiden (Surpres) kepada DPR terkait usulan pemberhentian Jenderal Listyo Sigit Prabowo dari jabatan Kapolri. Surpres tersebut bernomor R57/Surpres/09/2026 dan tertanggal 30 September 2026.

Ketua Komisi III DPR Habiburokhman mengatakan, https://t.co/Jez1tgr8kl",2105509055662047651,https://pbs.twimg.com/media/HThFUueaEAADfFl.jpg,,in,,0,2,1,https://x.com/KontanNews/status/2105509055662047651,43799886,KontanNews
2105509033100918885,2026-10-01T04:04:06.000Z,192,BREAKING: DPR SETUJUI KAPOLRI BARU!! https://t.co/pNUBSoxr8o,2105509033100918885,https://pbs.twimg.com/media/HThFN6PaYAAamsd.png,,in,,5,29,23,https://x.com/ardisatriawan/status/2105509033100918885,170542374,ardisatriawan
2105509022145421312,2026-10-01T04:04:04.000Z,9,wow kapolri baru https://t.co/eOKklUTytV,2105509022145421312,https://pbs.twimg.com/media/HThFSwGaYAAFS0-.jpg,,in,,1,5,4,https://x.com/xcordeirro/status/2105509022145421312,717612860,xcordeirro
2105508998959276538,2026-10-01T04:03:58.000Z,1,"DPR RI menyetujui Komjen Suyudi Ario Seto menjadi Kapolri menggantikan Jenderal Listyo Sigit Prabowo dalam Rapat Paripurna yang digelar di Gedung Nusantara II, Kompleks Parlemen, Senayan, Jakarta, Kamis (1/10).

Persetujuan Komjen Suyudi Ario Seto sebagai Kapolri diawali dengan https://t.co/uzaX3Hf7KS",2105508998959276538,https://pbs.twimg.com/amplify_video_thumb/2105508460289015808/img/78bvWvqMMj8WTg9W.jpg,,in,,0,0,1,https://x.com/KATADATAcoid/status/2105508998959276538,552523769,KATADATAcoid
2105506532284874845,2026-10-01T04:03:38.000Z,0,@Bapakezone @zoelfick Kapolri Lama udah masuk usian pensiun boss.... biasa .,2105508914871824440,,Bapakezone,in,,0,0,0,https://x.com/DMarginale/status/2105508914871824440,1346210508265799682,DMarginale
2105508839697297784,2026-10-01T04:03:20.000Z,0,"DPR Terima Surpres Pergantian Kapolri

Simak selengkapnya: https://t.co/bXwOR3zS4S 

Baca artikel lainnya di: https://t.co/nKG2iaCciF

#News #MostUpdate #DPR #Kapolri",2105508839697297784,,,in,,0,0,0,https://x.com/most1058/status/2105508839697297784,85805755,most1058
2105508759464513890,2026-10-01T04:03:01.000Z,0,https://t.co/LZoVOCIunv,2105508759464513890,,,zxx,,0,0,0,https://x.com/a_d_yunadi/status/2105508759464513890,3498535272,a_d_yunadi
2105506532284874845,2026-10-01T04:02:54.000Z,2,"@zoelfick udah memasuki masa pensiun. 
🤣
Ingat bang biasanya sebelum ada Pergantian Kapolri, pasti ada yang heboh2. dah biasa....
Noh kasus Lapas Cibinong, pertanda ada  penggantian Kapolri.",2105508731631071598,,zoelfick,in,,0,1,0,https://x.com/DMarginale/status/2105508731631071598,1346210508265799682,DMarginale
2105508675234525415,2026-10-01T04:02:41.000Z,0,"Kabarnya Jenderal Listyo Sigit Prabowo bakal dijadikan Menteri Pertahanan menggantikan Sjafri Syamsudin 😲

Terakhir Jenderal Listyo Sigit Prabowo menghadiri peringatan Kesakitan Pancasila dilubang buaya bersama presiden.

Siang ini pelantikan Kapolri baru bakal dilaksanakan. https://t.co/pRoehdAIVJ",2105508675234525415,https://pbs.twimg.com/media/HThE-uPbIAA9Y3Z.jpg,,in,,0,0,0,https://x.com/Beckenbauer__/status/2105508675234525415,1315736336,Beckenbauer__
2105508660411789698,2026-10-01T04:02:37.000Z,0,"Buka berita tiba2 liat Kapolri diganti, padahal sempat mendampingi pas upacara Hari Kesaktian Pancasila

Bersamaan kabar Gibran ultah
(via Indo Pop Base) 

Dan pertanyaan apakah Ferdy Sambo boleh keluar lapas bentar untuk menghadiri pemakaman ibunya

Hello, October!",2105508660411789698,,,in,,0,0,0,https://x.com/kesh_chia/status/2105508660411789698,46330569,kesh_chia
2105502556189536291,2026-10-01T04:02:36.000Z,0,"@HansAhmadLubis Kapolri terlama sepanjang masa yaa, smg penggantinya adil dan bertanggungjawab yaa",2105508654112018570,,HansAhmadLubis,in,,0,0,0,https://x.com/of_ojifahruroji/status/2105508654112018570,507831872,of_ojifahruroji
2105508598302515293,2026-10-01T04:02:22.000Z,3,pengganti kapolri komjen pol suyudi ario seto,2105508598302515293,,,in,,0,2,1,https://x.com/PutriKariimah/status/2105508598302515293,1628957474886946816,PutriKariimah
2105508477565317168,2026-10-01T04:01:54.000Z,0,"Cepet betul

DPR Setujui Suyudi Ario Seto jadi Kapolri yang Baru - Nasional https://t.co/DsNM5yd4wQ",2105508477565317168,,,in,,0,0,0,https://x.com/jesjesky/status/2105508477565317168,69217512,jesjesky
2105506532284874845,2026-10-01T04:01:48.000Z,0,@zoelfick 6 tahun waktu yang lama untuk posisi Kapolri,2105508451875246252,,zoelfick,in,,0,2,0,https://x.com/vyzedaniel/status/2105508451875246252,828563204,vyzedaniel
2105508439191638210,2026-10-01T04:01:45.000Z,10,FYI kita udah ganti kapolri guys.,2105508439191638210,,,in,,0,5,0,https://x.com/its_Rasidah/status/2105508439191638210,2922380976,its_Rasidah
2105508402332135621,2026-10-01T04:01:36.000Z,0,Presiden Prabowo ajukan Kepala BNN Komjen Suyudi Ario Seto jadi calon Kapolri menggantikan Jenderal Listyo Sigit Prabowo. Berkas Surpres telah diterima DPR untuk uji kelayakan. https://t.co/Q4nnI8wo8k,2105508402332135621,https://pbs.twimg.com/media/HThEuiMacAA6K7G.jpg,,in,,0,0,0,https://x.com/populipos/status/2105508402332135621,1693512935103221760,populipos
2105508354303107124,2026-10-01T04:01:24.000Z,0,"BREAKING NEWS: Prabowo Kirim Surpres Pemberhentian Kapolri Jenderal Listyo Sigit

Klik untuk baca: https://t.co/jKlSc36UNU",2105508354303107124,,,in,,0,0,0,https://x.com/doyanmusik3/status/2105508354303107124,1131858564257988610,doyanmusik3
2105508313630978413,2026-10-01T04:01:15.000Z,3,"Disambut Tepuk Tangan saat Uji Kelayakan Calon Kapolri, Komjen Suyudi: tak akan Sakiti Masyarakat 

Kepala Badan Narkotika Nasional (BNN) Komjen Suyudi Ario Seto menjalani uji kelayakan dan kepatutan sebagai calon Kapolri di Komisi III DPR, Kamis (1/10). 

Suyudi menjalani uji https://t.co/RIFWIxhSit",2105508313630978413,https://pbs.twimg.com/amplify_video_thumb/2105508212183298049/img/gQNNj02KvGcm4eV9.jpg,,in,,0,3,0,https://x.com/mediaindonesia/status/2105508313630978413,68930552,mediaindonesia
2105501826456109057,2026-10-01T04:00:52.000Z,0,@idextratime kapolri bukan biasa ya ya di ganti klo gnti presiden,2105508219477225596,,idextratime,in,,0,0,0,https://x.com/Dyrrr25/status/2105508219477225596,964682662345457664,Dyrrr25
2105508055106633808,2026-10-01T04:00:13.000Z,0,"Suyudi Ario Seto Anak Siapa Akpol Tahun Berapa Ini Profil Biodata Kapolri Baru Istri Riwayat Jabatan 

https://t.co/pg3kgKcIXz",2105508055106633808,,,in,,0,0,0,https://x.com/berita_diy/status/2105508055106633808,1287642738683342848,berita_diy
2105506024203682049,2026-10-01T04:00:13.000Z,2,"@HansAhmadLubis Sebenarnya masih ada yang lebih lama bang.
R.S. Soekanto Tjokrodiatmodjo (Kapolri Pertama)
dari 1945–1959 (15 tahun) hehe",2105508054989230354,,HansAhmadLubis,in,,0,1,0,https://x.com/UtomoMongso/status/2105508054989230354,2071469540035506176,UtomoMongso
2105508049196884285,2026-10-01T04:00:12.000Z,19,"Akankah Kapolri baru membawa POLRI menjadi lebih baik dan benar Presisi ?? 

Mantan Kapolda Banten, memiliki jejak karir gemilang. 

#BukanGenkSolo",2105508049196884285,,,in,,1,0,1,https://x.com/RikeSants/status/2105508049196884285,1389046349895663616,RikeSants
2105508038182605070,2026-10-01T04:00:09.000Z,459,"https://t.co/sBW60DEXcK 

Hari ini 1 Oktober :

Hari kesaktian Pancasila 
Awal Ronde terakhir Solo vs Hambalang.

Diawali dengan penggantian Kapolri https://t.co/ONfDrpIoOg",2105508038182605070,https://pbs.twimg.com/amplify_video_thumb/2105502049261826048/img/QukCCIZjn9q_QcRx.jpg,,in,,3,35,139,https://x.com/msaid_didu/status/2105508038182605070,1117990249806721024,msaid_didu
2104963292624298418,2026-10-01T04:00:03.000Z,0,"@nursy4m @DivHumas_Polri mumpung Kapolri baru, sat-set, tas-tes",2105508013557920030,,nursy4m,in,,0,0,0,https://x.com/hen0ch/status/2105508013557920030,17825556,hen0ch
2105492419882185125,2026-10-01T04:00:00.000Z,0,@pipuycuuuy iya betul kapolri abadi,2105508000916291807,,pipuycuuuy,in,,0,0,0,https://x.com/SudutTakKasat/status/2105508000916291807,1680107892417126406,SudutTakKasat
2105507884327194849,2026-10-01T03:59:32.000Z,4,"Kapolri udah dapet surpres

Kayake next pak KS.....",2105507884327194849,,,in,,0,1,0,https://x.com/makanminumhappy/status/2105507884327194849,965434615,makanminumhappy
2105494539129753983,2026-10-01T03:59:22.000Z,1,@Bambangmulyonoo Alhamdulillah. Udah terlalu lam kapolri ini dan selalu membela geng solo,2105507840890950064,,Bambangmulyonoo,in,,0,0,0,https://x.com/taufikisti/status/2105507840890950064,4887642940,taufikisti
2105507830392565822,2026-10-01T03:59:19.000Z,80,"CALON KAPOLRI PENGGANTI LISTYO SIGIT PRABOWO 

Presiden Prabowo Subianto mengajukan Kepala Badan Narkotika Nasional Komisaris Jenderal Polisi Suyudi Ario Seto sebagai calon kepala Kepolisian Negara Republik Indonesia.

Pengajuan itu disampaikan Ketua Komisi III Dewan Perwakilan https://t.co/Xcc3Iu3CBa",2105507830392565822,https://pbs.twimg.com/media/HThENL6asAAGyTt.jpg,,in,,2,25,17,https://x.com/NenkMonica/status/2105507830392565822,1040306964100669440,NenkMonica
2105503891945402400,2026-10-01T03:59:13.000Z,0,@LambeSahamjja Firli Bahuri lebih senior 6 tahun drpd Kapolri baru https://t.co/sDmD3AG83k,2105507802026533103,https://pbs.twimg.com/media/HThECZNbMAEBOKU.png,LambeSahamjja,in,,0,0,0,https://x.com/hen0ch/status/2105507802026533103,17825556,hen0ch
2105507747139920181,2026-10-01T03:59:00.000Z,0,"Yang perlu ditanyakan setelah Listyo Sigit gak jadi kapolri itu mau kemana dan dan jadi apa, itu baru menentukan arah politik. Pergantian kapolri baru gak akan mengubah polri secara signifikan sih.

*menurut pendapat saya",2105507747139920181,,,in,,0,0,0,https://x.com/rafinisme/status/2105507747139920181,746828334,rafinisme
2105507677707387218,2026-10-01T03:58:43.000Z,0,"BREAKING

Kapolri ganti hari ini.

Presiden Prabowo kirim Surpres ke DPR: Jenderal Listyo Sigit Prabowo diberhentikan dengan hormat.

Penggantinya: Komjen Suyudi Ario Seto (Kepala BNN).

Komisi III setuju aklamasi. Paripurna DPR juga sudah sahkan.

1 Oktober 2026.",2105507677707387218,,,in,,0,0,0,https://x.com/musobandi/status/2105507677707387218,2064687815477338112,musobandi
2105506532284874845,2026-10-01T03:58:40.000Z,0,@zoelfick Jadi saat ini kapolri baru ya,2105507667305529595,,zoelfick,in,,0,0,0,https://x.com/Candj09/status/2105507667305529595,1336091630,Candj09
2105507639690240425,2026-10-01T03:58:34.000Z,0,"Penggantian #Kapolri secercah harapan tegaknya hukum dan keadilan dimasa yang akan datang,,",2105507639690240425,,,in,,0,0,0,https://x.com/irfanwahidi06/status/2105507639690240425,230692266,irfanwahidi06
2105507583868260611,2026-10-01T03:58:21.000Z,0,Kalau komisi 3 senyam - senyum gak jelas bgni 😂aku pesimis Kapolri yg baru bisa membenahi institusi kepolisian.,2105507583868260611,,,in,,0,0,0,https://x.com/DsSupriyady/status/2105507583868260611,2926855970,DsSupriyady
2105506024203682049,2026-10-01T03:58:13.000Z,2,@UtomoMongso Termasuk kapolri terlama. Kayaknya ini imbas dari keretakan hubungan Prabs dengan geng Solo,2105507550808715496,,UtomoMongso,in,,0,1,0,https://x.com/HansAhmadLubis/status/2105507550808715496,1118829249761165313,HansAhmadLubis
2105507527568089286,2026-10-01T03:58:07.000Z,20,"wOOw‼️
KAPOLRI jadi diGanti?????😳🤔 https://t.co/BSnzZ2nfvS",2105507527568089286,https://pbs.twimg.com/media/HThD71EbgAAzCt1.jpg,,in,,0,1,6,https://x.com/AraituLaki/status/2105507527568089286,1118723550649544704,AraituLaki
2105507495347413412,2026-10-01T03:57:59.000Z,0,"Jakarta hari ini padet dan macet banget, tengah kota isinya mobil polisi dan barakuda semua. Mau ganti kapolri begini amet 🙃",2105507495347413412,,,in,,0,1,0,https://x.com/googledrift/status/2105507495347413412,2084114791262720000,googledrift
2105507466544927193,2026-10-01T03:57:53.000Z,29,Kapolri baru pengganti Jenderal Listyo Sigit. https://t.co/oq31LfEwpz,2105507466544927193,https://pbs.twimg.com/media/HThD35ca8AAobaD.jpg,,in,,3,10,2,https://x.com/Franken_blues/status/2105507466544927193,1301242545888849921,Franken_blues
2105507455652577683,2026-10-01T03:57:50.000Z,0,"Akhirnya kapolri lama diganti, stlh sekian lama sekian purnama, apakah POLRI JD lbih baik atau status quo??? Mati kt saksikan bersama""",2105507455652577683,,,in,,0,0,0,https://x.com/abdi_rakyat_24/status/2105507455652577683,1826990464010252288,abdi_rakyat_24
2105241105642258571,2026-10-01T03:57:46.000Z,1,@Gunawan75_ Semoga Kapolri yg baru  akan bekerja demi keadilan.,2105507438791430490,,Gunawan75_,in,,0,0,0,https://x.com/Rudy5a3a1/status/2105507438791430490,1759745194323591168,Rudy5a3a1
2105507388518510716,2026-10-01T03:57:34.000Z,0,"DUARRR 💥💥💥

BREAKING NEWS: Kapolri Listyo Sigit Prabowo Diberhentikan, Penggantinya Komjen Pol Suyudi Ario Seto
 
https://t.co/HCLONzILvi",2105507388518510716,,,in,,0,0,0,https://x.com/awLdh/status/2105507388518510716,84530848,awLdh
2105507383938269518,2026-10-01T03:57:33.000Z,5,"Komisi III DPR RI menggelar uji kelayakan dan kepatutan (fit and proper test) terhadap calon Kapolri, Komjen Pol. Suyudi Ario Seto, Kamis (1/10).

​Saat ini, Komjen Pol Suyudi menjabat sebagai Kepala Badan Narkotika Nasional RI (BNN). Ia akan menggantikan Kapolri Jenderal Polisi https://t.co/VQmZRLSe9S",2105507383938269518,https://pbs.twimg.com/amplify_video_thumb/2105506745619755008/img/NRDZhkVpsyBaBOKk.jpg,,in,,0,0,0,https://x.com/RadioElshinta/status/2105507383938269518,121640063,RadioElshinta
2105507313729814911,2026-10-01T03:57:16.000Z,0,"Presiden Prabowo Subianto resmi mengirim surat kepada DPR RI usulan pemberhentian Jendral Listyo Sigit Prabowo dari jabatan Kepala Kepolisian Negara Republik Indonesia (Kapolri) pada kemarin (30/9)

Listyo Sigit Prabowo sudah menjabat menjadi Kapolri selama 5 tahun dari era https://t.co/x5q46FuSTC",2105507313729814911,https://pbs.twimg.com/media/HThDvXSaIAAn_Id.jpg,,in,,1,0,1,https://x.com/aprillariz/status/2105507313729814911,1759547392943337472,aprillariz
2105507308554080623,2026-10-01T03:57:15.000Z,0,"Harta kekayaan calon Kapolri Suyudi Ario Seto
#kapolri #suyudi #polisi

https://t.co/lJ3e53O3pw",2105507308554080623,,,in,,0,0,0,https://x.com/ANTARA_JATENG/status/2105507308554080623,1593242702342414336,ANTARA_JATENG
2105507308277219380,2026-10-01T03:57:15.000Z,31,"Calon Kapolri Komjen Pol Suyudi Ario Seto menyebut jabatan Kapolri bukan puncak karier seorang polisi.

Menurut Suyudi, jabatan Kapolri justru merupakan puncak tanggung jawab karena besarnya kewenangan yang diberikan negara.

""Bagi saya, jabatan Kapolri bukanlah puncak karier, https://t.co/3cszDwIrsZ",2105507308277219380,https://pbs.twimg.com/amplify_video_thumb/2105507239335440384/img/R9LopsflrVSs7PW4.jpg,,in,,1,3,6,https://x.com/kumparan/status/2105507308277219380,759692754985242625,kumparan
2105507102169194532,2026-10-01T03:56:26.000Z,0,"Kronologi Kilat Komjen Suyudi Ario Seto Jadi Calon Kapolri, Lolos Test DPR 22 Menit
 
https://t.co/TaAiUSIXsM lewat @tribunnews",2105507102169194532,,,in,,0,0,0,https://x.com/Tribun_Bogor/status/2105507102169194532,1239919987227127808,Tribun_Bogor
2105507076089020764,2026-10-01T03:56:20.000Z,0,"Disambut Tepuk Tangan saat Uji Kelayakan Calon Kapolri, Komjen Suyudi: tak akan Sakiti Masyarakat 

Kepala Badan Narkotika Nasional (BNN) Komjen Suyudi Ario Seto menjalani uji kelayakan dan kepatutan sebagai calon Kapolri di Komisi III DPR, Kamis (1/10). 

Suyudi menjalani uji https://t.co/E4w0dLZ6G2",2105507076089020764,https://pbs.twimg.com/amplify_video_thumb/2105506857536331776/img/J_RtxsdCruTocF12.jpg,,in,,0,1,0,https://x.com/mediaindonesia/status/2105507076089020764,68930552,mediaindonesia
2105507075128533492,2026-10-01T03:56:19.000Z,0,"DPR RI resmi menyetujui Suyudi Ario Seto sebagai Kapolri menggantikan Listyo Sigit dalam rapat paripurna di Gedung Nusantara II, Kompleks Parlemen, Senayan, Jakarta, Kamis (1/10/2026).

Sebelumnya, Ketua Komisi III DPR RI Habiburokhman melaporkan hasil fit and proper test Suyudi https://t.co/XdbnLC4b6s",2105507075128533492,https://pbs.twimg.com/media/HThAUjQagAAxFw4.jpg,,in,,0,0,0,https://x.com/SINDOnews/status/2105507075128533492,231355136,SINDOnews
2105495428053487759,2026-10-01T03:56:14.000Z,3,"@doelpaten Bikin kaget😱😱😱😱

Kirain Kapolri jenderal Lesti Sikit MENINGGAL KO'IT METONG DEAD

ehhh. rupanya mau diganti
diganti ama yg modelnya sama

kalo berani beda
apalagi berani jujur &amp; amanah

BERARTI
Umur Gak Panjang",2105507054727344559,,doelpaten,in,,0,1,0,https://x.com/Muh_N_UD/status/2105507054727344559,1575046236,Muh_N_UD
2105507052080816395,2026-10-01T03:56:14.000Z,95,"Selamat komjen Suyudi. Semoga amanah dan tolong pastikan tidak ada lagi istilah no viral no Justice!

Kabarnya siang ini Presiden Prabowo akan melantik Komjen Suyudi menjadi Kapolri. https://t.co/LQnBwFnJyi",2105507052080816395,https://pbs.twimg.com/media/HThDgFJbUAA3EDV.jpg,,in,,4,17,22,https://x.com/yusuf_dumdum/status/2105507052080816395,2156465923,yusuf_dumdum
2105507029100163137,2026-10-01T03:56:08.000Z,0,"Apa impact pergantian Kapolri ke market $IHSG yah …

🧐

Bagaimana “asing” akan menilai ini ?",2105507029100163137,,,in,,0,0,0,https://x.com/WOLF_of_IHSG/status/2105507029100163137,1509144342480498691,WOLF_of_IHSG
2105507022783631670,2026-10-01T03:56:07.000Z,1,"Komisi III DPR RI menyepakati Komjen Pol. Suyudi Ario Seto menjadi Kapolri menggantikan Jenderal Pol. Listyo Sigit Prabowo.

Kesepakatan tersebut diambil dalam rapat setelah Suyudi menjalani uji kelayakan dan kepatutan atau fit and proper test sebagai calon Kapolri di Kompleks https://t.co/pp9i1C4hHB",2105507022783631670,https://pbs.twimg.com/media/HThDebMaAAAvlon.jpg,,in,,0,0,1,https://x.com/inilahdotcom/status/2105507022783631670,46693036,inilahdotcom
2105507018333163775,2026-10-01T03:56:06.000Z,2,"Ingpo pagi ini
 Kapolri sudah ganti ?",2105507018333163775,,,in,,0,0,0,https://x.com/sumadiseloguno/status/2105507018333163775,1199772596,sumadiseloguno
2105507012151058639,2026-10-01T03:56:04.000Z,0,"Semoga bukan Geng Oslo. 
Kapolri baru. https://t.co/7sHAsZOJE8",2105507012151058639,https://pbs.twimg.com/media/HThDc6zbIAA7uJb.jpg,,in,,0,0,0,https://x.com/DjumadiPartose1/status/2105507012151058639,1447863107561287687,DjumadiPartose1
2105506997047279994,2026-10-01T03:56:01.000Z,0,Semoga kapolri lebih .. baik y pak y,2105506997047279994,,,in,,0,0,0,https://x.com/lucykazu/status/2105506997047279994,83994831,lucykazu
2105506983155798359,2026-10-01T03:55:57.000Z,0,"Rapat Paripurna DPR setujui Suyudi Ario Seto
#kapolri #polisi #suyudi

https://t.co/8IhGR0JrOA",2105506983155798359,,,in,,0,0,0,https://x.com/ANTARA_JATENG/status/2105506983155798359,1593242702342414336,ANTARA_JATENG
2105506929560981592,2026-10-01T03:55:45.000Z,0,"DPR Setujui Komjen Suyudi Ario Seto Menjadi Kapolri Yang Baru
 https://t.co/lxUT1LLseU",2105506929560981592,,,in,,0,0,0,https://x.com/sumbar_24jam/status/2105506929560981592,23902574,sumbar_24jam
2105506919184310595,2026-10-01T03:55:42.000Z,2,"Komisi III DPR RI menyetujui Komjen Pol Suyudi Ario Seto sebagai calon Kapolri menggantikan Jenderal Listyo Sigit Prabowo.

Simak selengkapnya di https://t.co/Gu4bx5dqBv
#HardNews_BreakingNews #NewsOne #CariBeritaditvOne #Kapolri #DPRRI #N02 https://t.co/eJkLjnJKhU",2105506919184310595,https://pbs.twimg.com/media/HThDT6ibIAAt5se.jpg,,in,,1,1,0,https://x.com/tvOneNews/status/2105506919184310595,55507370,tvOneNews
2105506844638871967,2026-10-01T03:55:24.000Z,2,komisi iii gelar fit and proper test pengganti kapolri https://t.co/v3Nr8dH3Aa,2105506844638871967,https://pbs.twimg.com/amplify_video_thumb/2105506773058961408/img/9iSVlCguKubqUzHw.jpg,,in,,0,1,0,https://x.com/neVerAl0nely___/status/2105506844638871967,1282751327588585473,neVerAl0nely___
2105506779161559459,2026-10-01T03:55:09.000Z,0,https://t.co/IXykColINj,2105506779161559459,,,zxx,,0,0,0,https://x.com/ubatciret/status/2105506779161559459,1466833339449364484,ubatciret
2105465323470409737,2026-10-01T03:55:00.000Z,0,“Sambil sekalian ganti kapolri ah” ~wowo 🫪,2105506743887470841,,pepontherock,in,,0,0,0,https://x.com/pepontherock/status/2105506743887470841,1094257605868802048,pepontherock
2105506743187063073,2026-10-01T03:55:00.000Z,2,"Pak Presiden @prabowo @kemensetnegRI . Saya terharu Pak Kapolri akan pensiun. Sbg masyarakat biasa, banyak mmg tantangan tapi saya mo bilang Pak Listyo Kapolri terbaik buat saya meski HOEGENG tak tergantikan. Makasih Pak Listyo! Tuhan berkati bapak. | @mnctrijaya  @officialinews_",2105506743187063073,,,in,,0,0,1,https://x.com/intanalyze/status/2105506743187063073,218477659,intanalyze
2105494539129753983,2026-10-01T03:54:55.000Z,3,@Bambangmulyonoo Diganti timnya kapolri lagi hahaha,2105506720353280197,,Bambangmulyonoo,in,,0,0,0,https://x.com/Caturpamuji31/status/2105506720353280197,1564938947905863680,Caturpamuji31
2105506718184824839,2026-10-01T03:54:54.000Z,0,"Komisi III DPR setujui Komjen Pol. Suyudi jadi Kapolri.

#dekade08 #polri #Presisi https://t.co/ZzQ0FGGheT",2105506718184824839,https://pbs.twimg.com/amplify_video_thumb/2105506631366885376/img/IASQpym_QtFSsKve.jpg,,in,,0,0,0,https://x.com/dekade_08/status/2105506718184824839,1576913175227748352,dekade_08
2105490263762501912,2026-10-01T03:54:45.000Z,1,@kompascom Siapapun kapolri nya kalau ga bisa memberantas calo calo SIM  selama itu ga akan percaya polisi,2105506679010062472,,kompascom,in,,0,1,0,https://x.com/YRanggenah/status/2105506679010062472,1603846274842693633,YRanggenah
2105454134409453949,2026-10-01T03:54:42.000Z,2,"@kafiradikalis Makin ketar ketir genk Oslo PKI tuh bro .....
https://t.co/tAroYpgfk3",2105506668356448547,,kafiradikalis,in,,0,0,0,https://x.com/mountainvenus1/status/2105506668356448547,1047668435944001536,mountainvenus1
2105506579827073301,2026-10-01T03:54:21.000Z,0,"Semoga Kapolri yang bukan dari Gang Solo...
Mengedepankan Pengayoman kepada Masyarakat dan menegakkan Hukum secara benar...
@tempodotco 
@KSPgoid 
@prabowo 
@DivHumas_Polri 
@RepublikaKoran https://t.co/YnddqzH7A6",2105506579827073301,https://pbs.twimg.com/media/HThDEndbIAAjLJM.jpg,,in,,0,0,0,https://x.com/ILHAM2504/status/2105506579827073301,2151149754,ILHAM2504
2105506532284874845,2026-10-01T03:54:12.000Z,6,Media Kompas juga sudah mengabarkan berita hasil rapat paripurna DPR RI terkait pergantian Kapolri. https://t.co/lhLzBOLfhX,2105506542128931327,https://pbs.twimg.com/media/HThDCevbsAAt9H-.jpg,zoelfick,in,,0,1,1,https://x.com/zoelfick/status/2105506542128931327,86934018,zoelfick
2105506541239689469,2026-10-01T03:54:12.000Z,0,"Komisi III DPR setujui Suyudi jadi Kapolri
#kapolri #polisi #suyudi

https://t.co/pghIfL1BiM",2105506541239689469,,,in,,0,0,0,https://x.com/ANTARA_JATENG/status/2105506541239689469,1593242702342414336,ANTARA_JATENG
2105506532284874845,2026-10-01T03:54:10.000Z,180,"Banyak yang kaget oleh kabar pergantian Kapolri dari Listyo Sigit ke Suyudi. Termasuk di kalangan pers.

Selama reformasi belum pernah ada Kapolri selama Listyo Sigit. Hampir 6 tahun di posisinya.

Sebelumnya yang pernah lama di posisi itu hanya Da'i Bachtiar. https://t.co/xbqPSH9Pgz",2105506532284874845,https://pbs.twimg.com/media/HThDB2xaIAATEZd.jpg,,in,,2,26,22,https://x.com/zoelfick/status/2105506532284874845,86934018,zoelfick
2105506521559990318,2026-10-01T03:54:07.000Z,0,Komjen Pol Suyudi Ario Seto Disetujui Komisi III DPR RI Secara Aklamsi Jadi Kapolri https://t.co/xXTPk3Vck2 lewat @Koran Bogor,2105506521559990318,,,in,,0,0,0,https://x.com/martinusnussah/status/2105506521559990318,97858954,martinusnussah
2105506476114714974,2026-10-01T03:53:56.000Z,4,"Selamat bang Yudi atas penugasan sebagai Kapolri.

""Kami ditempa untuk berani hidup, bukan untuk berani mati""

Tr.049/95

https://t.co/RGVBtIZIuu",2105506476114714974,,,in,,0,0,2,https://x.com/Amotsky/status/2105506476114714974,217651975,Amotsky
2105506457945027060,2026-10-01T03:53:52.000Z,0,"ALHAMDULILLAH SUDAH ADA KAPOLRI BARU, BAPAK KOMJEN SUYUDI ARIO SETO.",2105506457945027060,,,in,,0,0,0,https://x.com/ChulafaauRasyi3/status/2105506457945027060,1430035992153530382,ChulafaauRasyi3
2105499002636734485,2026-10-01T03:53:49.000Z,0,"@kompascom Semangat bersih-bersih Polri dari oknum-oknum, Pak Kapolri 🚀",2105506446792335506,,kompascom,in,,0,0,0,https://x.com/OktoberFokusGA/status/2105506446792335506,2092275232195416064,OktoberFokusGA
2105490934196801573,2026-10-01T03:53:42.000Z,2,"@Mr_MountBlanc @pw_gun udah cukup beliau jadi kapolri terlama sepanjang sejarah, saatnya gantian dengan yg lain",2105506413468590253,,Mr_MountBlanc,in,,0,1,0,https://x.com/ProtonThor/status/2105506413468590253,1894326663455907840,ProtonThor
2105308637132709903,2026-10-01T03:53:41.000Z,0,"@DedynurPalakka Matilah kalian sebentar lg...
Kapolri di ganti...
Sp lg yg bela???",2105506411316981827,,DedynurPalakka,in,,0,0,0,https://x.com/Rudy5a3a1/status/2105506411316981827,1759745194323591168,Rudy5a3a1
2105229517719773526,2026-10-01T03:53:23.000Z,0,@DokterTifa Target awal terjanya kapolri..🤣🤣,2105506337665003700,,DokterTifa,in,,0,0,0,https://x.com/Najwaashafa/status/2105506337665003700,3031467526,Najwaashafa
2105506313098969352,2026-10-01T03:53:18.000Z,0,kapolri,2105506313098969352,,,in,,0,0,0,https://x.com/alifebriyanto/status/2105506313098969352,1296717232865566721,alifebriyanto
2105506283822727332,2026-10-01T03:53:11.000Z,10,"Foto bersama Calon Kapolri Komjen Suyudi dan pimpinan DPR RI

Mantab 😁 https://t.co/rACANfGJvg",2105506283822727332,https://pbs.twimg.com/media/HThCzQza4AAWVn_.jpg,,in,,0,1,0,https://x.com/pw_gun/status/2105506283822727332,825756199,pw_gun
2105490465403662582,2026-10-01T03:52:58.000Z,13,@LambeSahamjja Penasaran ini mah yakkk. Apakah kapolri bakalan diganti dgn latarbelakng TNI? 🤣 Tau sendiri jabatan dominan di isi latarbelakng TNI wkwk,2105506230106243400,,LambeSahamjja,in,,0,5,0,https://x.com/CarolsStories/status/2105506230106243400,2082795322552811520,CarolsStories
2105503125289476429,2026-10-01T03:52:38.000Z,5,"@aniesbaswedan Kaget kapolri di copot Prabowo lewat surpres ke DPR.
Kaget Prabowo serius pisah jalan dgn jkw..
Kaget Anies tiba2 masuk bursa cawapres pengganti Gibran.",2105506146195038665,,aniesbaswedan,in,,0,1,0,https://x.com/HalomoanHa91790/status/2105506146195038665,1766477518784380928,HalomoanHa91790
2105506070361944282,2026-10-01T03:52:20.000Z,0,"Kapolri yg menjabat bertahun-tahun itu emang udah saatnya di ganti sih, dengan berbagai kasus yang terjadi harusnya uda dr lama doi di ganti dari petinggi  kepolisian",2105506070361944282,,,in,,0,0,0,https://x.com/pomegrantemint/status/2105506070361944282,486481015,pomegrantemint
2105506066289274926,2026-10-01T03:52:19.000Z,4,"Ketua Komisi III DPR RI Habiburokhman membuka rapat uji kelayakan dan kepatutan calon Kapolri, Kamis (1/10).
Habiburokhman menyatakan kuorum telah terpenuhi dan rapat dinyatakan terbuka.
""Sesuai laporan sekretariat, ini kuorum sudah terpenuhi, sudah ya, bahkan kursinya hampir https://t.co/DN7X0ersta",2105506066289274926,https://pbs.twimg.com/amplify_video_thumb/2105505869828071425/img/XwHUloOP2TD_DsRv.jpg,,in,,0,0,1,https://x.com/mediaindonesia/status/2105506066289274926,68930552,mediaindonesia
2105506065861546069,2026-10-01T03:52:19.000Z,46,"Pengganti dari Listyo Sigit, Bapak Suyudi Ario Seto sebagai KAPOLRI yang baru https://t.co/HBYXNSHcg6",2105506065861546069,https://pbs.twimg.com/amplify_video_thumb/2105505995111956480/img/UkT85BO8PIfKwIV4.jpg,,in,,2,26,20,https://x.com/AlejandroAyubi/status/2105506065861546069,2049123813976358912,AlejandroAyubi
2105506041928790259,2026-10-01T03:52:13.000Z,1,"Komjen Suyudi Ario Seto disetujui Komisi III DPR jadi Kapolri baru, siap dilantik Presiden bersamaan reshuffle kabinet, 1 Oktober 2026.

""Aklamasi 8 Fraksi DPR RI, Komjen Suyudi Segera Dilantik Menjadi Kapolri Baru Gantikan Listyo Sigit Prabowo"" https://t.co/LdWixbsEmf",2105506041928790259,,,in,,0,0,0,https://x.com/PR_Kuningan/status/2105506041928790259,1337831150287384576,PR_Kuningan
2105506024203682049,2026-10-01T03:52:09.000Z,37,"Listyo Sigit Prabowo, Pria kelahiran Laha, Teluk Ambon, Ambon, Maluku, Indonesia pada tanggal 5 Mei 1969, hari ini resmi diberhentikan dari jabatan Kapolri.
Surpres Nomor R57/Pres/2026 bertanggal 30 September 2026 yang diusulkan oleh Presiden RI Prabowo Subianto resmi https://t.co/XwfD761rL2",2105506024203682049,https://pbs.twimg.com/media/HTg_f1Lb0AAfOCW.png,,in,,3,7,12,https://x.com/UtomoMongso/status/2105506024203682049,2071469540035506176,UtomoMongso
2105489743236722899,2026-10-01T03:52:00.000Z,4,"@abu_waras Alhamdulillah akhirnya kapolri diganti nah gitu dong pak @prabowo @Gerindra sesekali bikin rakyat bahagia senang kek gini. 

Rakyat Menunggu keberanian pak prabowo selanjutnya ditunggu giliran semua mentri titipan jokowi secepatnya didepak dari kabinet merah putih.",2105505987352289561,,abu_waras,in,,0,1,0,https://x.com/Ga89684Galeh/status/2105505987352289561,1831587503700152320,Ga89684Galeh
2105505873762361774,2026-10-01T03:51:33.000Z,7,"Mendadak 🤔

https://t.co/M28LgSYylF",2105505873762361774,,,in,,0,2,2,https://x.com/evelyndewi7/status/2105505873762361774,1585843448434765830,evelyndewi7
2105505867793895548,2026-10-01T03:51:31.000Z,0,"Prabowo Ganti Kapolri dari Jenderal Sigit ke Komjen Suyudi Ario Seto, DPR Segera Proses!
https://t.co/4fRdYIYNfD",2105505867793895548,,,in,,0,0,0,https://x.com/HMJUSUFRIZAL/status/2105505867793895548,368972049,HMJUSUFRIZAL
2105495760162967750,2026-10-01T03:51:21.000Z,1,"@riekediahp LSP jd kapolri sudah terlalu lama, wajar diganti neng.. siap tidak siap yaaaaaa siap 😋",2105505825443991959,,riekediahp,in,,0,0,0,https://x.com/maureen_hdc/status/2105505825443991959,272062289,maureen_hdc
2105505780661473662,2026-10-01T03:51:11.000Z,0,"Prabowo Ganti Kapolri dari Jenderal Sigit ke Komjen Suyudi Ario Seto, DPR Segera Proses!
https://t.co/3fVwwu0WFm",2105505780661473662,,,in,,0,0,0,https://x.com/LIRANEWSCOM1/status/2105505780661473662,712956188,LIRANEWSCOM1
2105505756871299570,2026-10-01T03:51:05.000Z,1,2. Pergantian kapolri hal biasa yaa Tim @mnctrijaya . Yang kagak biasa media &amp; orang2 ttt di NKRI yg mempolitisir sosok Kapolri @ListyoSigitP apalagi saat rusuh &amp; pasca rusuh. | @officialinews_  @SINDOnews  @divhumas_polri @CCICPOLRI @dpr_ri @pdemokrat @pdi_perjuangan @gerindra https://t.co/FH4jUgurqn,2105505756871299570,https://pbs.twimg.com/media/HThCU0ebMAAV750.jpg,,in,,0,0,1,https://x.com/intanalyze/status/2105505756871299570,218477659,intanalyze
2105505711702908973,2026-10-01T03:50:54.000Z,0,"Wow… Kapolri dganti melalui surat dr Presiden..
Semoga menjadi lebih baik.. https://t.co/SexOerZosJ",2105505711702908973,https://pbs.twimg.com/amplify_video_thumb/2105505638625550336/img/IE43KLihC4MtnDAd.jpg,,in,,0,0,0,https://x.com/Drakunyet/status/2105505711702908973,234259982,Drakunyet
2105505696595034280,2026-10-01T03:50:51.000Z,2,Tugas Kapolri Baru..Targetnya Usut Tuntas Pelaku2 Pengguna Ijazah Bodong ..👍,2105505696595034280,,,in,,0,0,2,https://x.com/Opiniku95098012/status/2105505696595034280,1645282016706064384,Opiniku95098012
2105505689443741845,2026-10-01T03:50:49.000Z,0,"Prabowo Ganti Kapolri dari Jenderal Sigit ke Komjen Suyudi Ario Seto, DPR Segera Proses!
https://t.co/zuq9KjkTO9",2105505689443741845,,,in,,0,0,0,https://x.com/SATULSM_LIRA/status/2105505689443741845,818241864813842432,SATULSM_LIRA
2105505637056823466,2026-10-01T03:50:36.000Z,0,"Berita baiknya Kapolri diganti
Berita buruknya DPR aklamasi",2105505637056823466,,,in,,0,0,0,https://x.com/ngebolanglagi/status/2105505637056823466,1485574313906688005,ngebolanglagi
2105505573529604581,2026-10-01T03:50:21.000Z,2,"Sah KAPOLRI baru, selamat bertugas https://t.co/t2tMhYL7tZ",2105505573529604581,https://pbs.twimg.com/amplify_video_thumb/2105490780941099009/img/ngQpo1hCg6g1W2jV.jpg,,in,,0,1,0,https://x.com/aminsandolong/status/2105505573529604581,117755078,aminsandolong
2105495498929131907,2026-10-01T03:50:17.000Z,4,"@LambeSahamjja Smoga calon Kapolri yg baru ini lebih baik, lebih adil, lebih netral drpd sebelum2nya serta benar2 bersih dari interaksi politik praktis, smoga tdk begitu byk lagi kejadian2 yg memalukan dan mengotori institusi ini oleh oknum2, sehingga Institusi polisi bisa di cintai Rakyat🤲",2105505556727578932,,LambeSahamjja,in,,0,0,0,https://x.com/Ay09359469/status/2105505556727578932,1017753547390111747,Ay09359469
2105501826456109057,2026-10-01T03:44:22.000Z,38,"@idextratime Kelamaan jg itu Listyo, Kapolri terlama kedua yg pernah ada. Idealnya yg jd Kapolri itu 3-4 tahun, lah dia hampir 6 tahun. Secara manajemen SDM terkait regenerasinya jd jelek. Penggantinya pun sbenarnya sdh dipersiapkan Prabowo dr lama dg menaruh Suyudi jd Kepala BNN dulu.",2105504067497996346,,idextratime,in,,0,2,0,https://x.com/NobeArk/status/2105504067497996346,1885928391486111744,NobeArk
2105503998770098326,2026-10-01T03:44:06.000Z,0,"selain pak listyo, siapa kapolri yang selesai masa jabatannya karena diberhentikan presiden? bukan karena masuk masa purna bhakti.",2105503998770098326,,,in,,0,1,0,https://x.com/Ilhammsaputra/status/2105503998770098326,125899380,Ilhammsaputra
2105503951147962800,2026-10-01T03:43:54.000Z,8,"Jenderal Listyo Sigit Prabowo lahir 5 Mei 1969. Normally, berdasarkan batas usia pensiun (BUP) perwira Polri, akhir masa jabatannya bergantung pada acuan undang-undang yang digunakan:
- Berdasarkan aturan lama (usia pensiun perwira Polri 58 tahun), masa dinas aktif beliau",2105503951147962800,,,in,,1,5,3,https://x.com/Mr_MountBlanc/status/2105503951147962800,78260254,Mr_MountBlanc
2105503941870129407,2026-10-01T03:43:52.000Z,1,"Usai Uji Kelayakan di Senayan, Komisi III DPR Sepakati Suyudi Ario Seto Jadi Kapolri

https://t.co/X18GiUaVBj",2105503941870129407,,,in,,0,0,0,https://x.com/merdekadotcom/status/2105503941870129407,456426648,merdekadotcom
2105503906872844529,2026-10-01T03:43:49.000Z,0,Ia menggantikan Jenderal (Purn) Idham Aziz yang memasuki masa pensiun. Masa jabatan yang mencapai enam tahun membuat Listyo Sigit menjadi Kapolri terlama sepanjang era Reformasi.,2105503927206900137,,PaisleyGQCS43K,in,,0,1,0,https://x.com/PaisleyGQCS43K/status/2105503927206900137,2086549110715203584,PaisleyGQCS43K
2105503906872844529,2026-10-01T03:43:48.000Z,0,"Ia kemudian menjadi Kapolda Banten pada 2016, Kadiv Propam Polri pada 2018, dan Kabareskrim Polri pada 2019. Puncaknya, Listyo dilantik sebagai Kapolri pada 21 Januari 2021.",2105503925113848198,,PaisleyGQCS43K,in,,0,1,0,https://x.com/PaisleyGQCS43K/status/2105503925113848198,2086549110715203584,PaisleyGQCS43K
2105492419882185125,2026-10-01T03:43:47.000Z,3,@SudutTakKasat Jadi Perang Dunia nih.. Dijatah Jokowi cuma  2 th jadi RI 1 kok malah kebalik cuma 2 th kasih jatah Menteri &amp; Kapolri ke Genk Jokowi..,2105503918600102125,,SudutTakKasat,in,,0,1,0,https://x.com/Siswotomo187571/status/2105503918600102125,1749024455400304640,Siswotomo187571
2105503906872844529,2026-10-01T03:43:46.000Z,0,"""Maka sesuai dengan barusan digelar Badan Musyawarah DPR, hari ini 1 Oktober pagi, menugaskan Komisi III DPR melaksanakan uji kelayakan terhadap Komjen Suyudi, calon Kapolri,"" katanya. ""Apakah disepakati? Setuju,"" imbuh Habiburokhman.",2105503915261534506,,PaisleyGQCS43K,in,,0,1,0,https://x.com/PaisleyGQCS43K/status/2105503915261534506,2086549110715203584,PaisleyGQCS43K
2105503906872844529,2026-10-01T03:43:45.000Z,0,"Senayan, Jakarta, Kamis (1/10/2026). Habiburokhman mengatakan, calon Kapolri yang akan diuji kelayakan adalah Komjen Suyudi yang saat ini menjabat Kepala BNN.",2105503913021776062,,PaisleyGQCS43K,in,,0,1,0,https://x.com/PaisleyGQCS43K/status/2105503913021776062,2086549110715203584,PaisleyGQCS43K
2105503906872844529,2026-10-01T03:43:45.000Z,0,"""Pagi ini pimpinan DPR mendapat Surpres kepada Ketua DPR Nomor R57/Surpres/09/2026 tertanggal 30 September 2026 perihal usulan pemberhentian dari jabatan Kapolri dan pengangkatan dalam jabatan Kapolri,"" ujar Ketua Komisi III DPR Habiburokhman dalam jumpa pers di Gedung DPR,",2105503910823944417,,PaisleyGQCS43K,in,,0,1,0,https://x.com/PaisleyGQCS43K/status/2105503910823944417,2086549110715203584,PaisleyGQCS43K
2105503906872844529,2026-10-01T03:43:44.000Z,0,Presiden Prabowo Subianto mengirim Surat Presiden (Surpres) kepada DPR untuk memberhentikan Kapolri Jenderal Listyo Sigit Prabowo.,2105503908919713958,,PaisleyGQCS43K,in,,0,1,0,https://x.com/PaisleyGQCS43K/status/2105503908919713958,2086549110715203584,PaisleyGQCS43K
2105503906872844529,2026-10-01T03:43:44.000Z,0,"Prabowo Kirim Surpres Pemberhentian Kapolri Jenderal Listyo Sigit

#PrabowoSubianto #TerimakasihPakBowo #StillPrabowo

https://t.co/miyAozoKfh",2105503906872844529,,,in,,0,1,0,https://x.com/PaisleyGQCS43K/status/2105503906872844529,2086549110715203584,PaisleyGQCS43K
2105498310484312143,2026-10-01T03:43:44.000Z,0,@kumparan Jangan jangan pengganti nya 11 12 sama kapolri sebelum nya yakni Listyo Sigit yang melindungi jokodog dari kasus ijazah palsu Jokowi 🙄,2105503906067607778,,kumparan,in,,0,0,0,https://x.com/NasQorni/status/2105503906067607778,965595348944039936,NasQorni
2105503902410108966,2026-10-01T03:43:43.000Z,3,"Komisi III DPR menyetujui Komjen Pol Suyudi Ario Seto menjadi calon Kapolri menggantikan Jenderal Listyo Sigit Prabowo, Kamis (1/10/2026).

Hal tersebut terjadi setelah Presiden Prabowo Subianto menunjuk langsung Suyudi menjadi Kapolri.

Komisi III DPR langsung menyelenggarakan https://t.co/Hk8W5GARJt",2105503902410108966,https://pbs.twimg.com/amplify_video_thumb/2105503726337454080/img/kbuVKy6kUhSxV2qH.jpg,,in,,0,1,0,https://x.com/kompascom/status/2105503902410108966,23343960,kompascom
2105503891945402400,2026-10-01T03:43:40.000Z,27,"guys lu pada tau gak nih
pengamat kepolisian dari isess bambang rukminto nilai hukum tebang pilih dan rawan konflik kepentingan jadi pr paling gede buat komjen suyudi ario seto pas nanti jadi kapolri

katanya ""pr paling besar di polri saat ini terkait dengan penegakan hukum yang https://t.co/q2ukxA4YLx",2105503891945402400,https://pbs.twimg.com/media/HThAhGobAAEdOr-.jpg,,in,,0,7,2,https://x.com/LambeSahamjja/status/2105503891945402400,1772323119111487490,LambeSahamjja
2105503795455144263,2026-10-01T03:43:17.000Z,301,Alhamdulillah diganti : Komjen Sayudi jadi Kapolri gantikan listyo sigit 🔥🔥 https://t.co/nhdj2hmt2X,2105503795455144263,https://pbs.twimg.com/media/HThAikTb0AAyM6l.jpg,,in,,6,65,49,https://x.com/KangManto123/status/2105503795455144263,947632364003368961,KangManto123
2105503730691133605,2026-10-01T03:43:02.000Z,4,"BREAKING: Kapolri Listyo Sigit diganti oleh Kepala BNN Komjen Suyudi Ario Seto. Telah disetujui oleh Presiden

Pantes aja Listyo Sigit belakangan sering main ke pesantren sama serikat buruh ya 🙂 https://t.co/N88naQ6ULW",2105503730691133605,https://pbs.twimg.com/media/HThAeluacAAhNgt.jpg,,in,,0,0,0,https://x.com/ArfZulfikar/status/2105503730691133605,197774932,ArfZulfikar
2105501959947948393,2026-10-01T03:42:46.000Z,1,@jarworq Kapolri mau diganti cuy,2105503665058722040,,jarworq,in,,0,1,0,https://x.com/PramestiHilya/status/2105503665058722040,1624263761422086144,PramestiHilya
2105503654686142841,2026-10-01T03:42:44.000Z,0,"Baca di sini: https://t.co/kaJrCd650q

Komisi III DPR RI menggelar uji kelayakan dan kepatutan terhadap Komisaris Jenderal Polisi Suyudi Ario Seto sebagai calon Kepala Kepolisian Negara Republik Indonesia (Kapolri), Kamis (1/10/2026).

~KQ #Kapolri #SuyudiArioSeto https://t.co/L8uKBMnCKh",2105503654686142841,https://pbs.twimg.com/media/HThAQBvbgAAs2XY.jpg,,in,,0,0,0,https://x.com/kompascom/status/2105503654686142841,23343960,kompascom
2105503627670704569,2026-10-01T03:42:37.000Z,0,Komisi III DPR RI menyetujui Komjen Polisi Suyudi Ario Seto menjadi Kepala Kepolisian Negara Republik Indonesia (Kapolri). Ia menggantikan Jenderal Polisi Listyo Sigit Prabowo yang menjabat sejak 27 Januari 2021.  Komjen Suyudi saat ini menjabat Kepala BNN. Baca di link bio https://t.co/m4nDYC9EjN,2105503627670704569,https://pbs.twimg.com/media/HThAYznaYAELtry.jpg,,in,,0,0,0,https://x.com/gokepri/status/2105503627670704569,1291204198244073473,gokepri
2105503603339431957,2026-10-01T03:42:32.000Z,2,"Apakah tahun ini akan menjadi tahun tersingkirnya Listyo Sigit?

Komisi III DPR menyetujui Komjen Pol Suyudi Ario Seto sebagai Kapolri menggantikan Jenderal Listyo Sigit Prabowo.

Keputusan tersebut diambil dalam rapat pleno setelah Suyudi menjalani uji kelayakan dan kepatutan https://t.co/FKVyyju3Wg",2105503603339431957,https://pbs.twimg.com/amplify_video_thumb/2105503539988721665/img/h2wz5k1IAKlZD0eo.jpg,,in,,1,0,0,https://x.com/neVerAl0nely___/status/2105503603339431957,1282751327588585473,neVerAl0nely___
2105503571114635774,2026-10-01T03:42:24.000Z,4,"Komisi III DPR RI secara resmi memberikan persetujuan terhadap Komjen Suyudi Ario Seto sebagai calon kapolri yang diusulkan oleh Presiden Prabowo Subianto, Kamis (1/10/2026). Suyudi disetujui secara aklamasi.

Keputusan ini diambil melalui proses yang cepat dalam rapat uji https://t.co/g3zIPTmUcb",2105503571114635774,https://pbs.twimg.com/media/HThAUE5a4AEUrPw.jpg,,in,,0,0,2,https://x.com/suaradotcom/status/2105503571114635774,2340155395,suaradotcom
2105503562914738382,2026-10-01T03:42:22.000Z,0,Sat set juga nunjuk kapolri baru,2105503562914738382,,,in,,0,0,0,https://x.com/febyandrian_/status/2105503562914738382,191801049,febyandrian_
2105503012366229669,2026-10-01T03:42:15.000Z,1,@OmJ_J3Nggott Jadi fix Kapolri bakal diganti...bukannya digadang smp 2027?,2105503535064547338,,OmJ_J3Nggott,in,,0,0,0,https://x.com/DermagaGarely/status/2105503535064547338,1513694552443727873,DermagaGarely
2105502518356967770,2026-10-01T03:42:09.000Z,0,"@unmagnetism selamat buat kapolri baru bapak suyudi, semoga amanah! 🙏",2105503507164086515,,unmagnetism,in,,0,0,0,https://x.com/andrids/status/2105503507164086515,85011287,andrids
2105503507096985877,2026-10-01T03:42:09.000Z,0,"Udah siap belum? Pucuk pimpinan Polri berganti.

Presiden Prabowo Subianto menerbitkan Surat Presiden (Surpres) Nomor R57/Pres/2026 tertanggal 30 September 2026. Isinya: usulan pemberhentian Jenderal Polisi Listyo Sigit Prabowo dari jabatan Kapolri, sekaligus pengangkatan Kepala",2105503507096985877,,,in,,0,0,0,https://x.com/0KTAV1ANUSK0K0H/status/2105503507096985877,2082792899717267456,0KTAV1ANUSK0K0H
2105503489220890764,2026-10-01T03:42:04.000Z,0,Kapolri baru akankah memandulkan kekuasaan Jokowi dan keluarganya?,2105503489220890764,,,in,,0,0,0,https://x.com/AinurRafiq78/status/2105503489220890764,593636764,AinurRafiq78
2105492419882185125,2026-10-01T03:41:59.000Z,0,@Valar_morghuli5 iya betul karna kapolri abadi kan dia,2105503467829879228,,Valar_morghuli5,in,,0,0,0,https://x.com/SudutTakKasat/status/2105503467829879228,1680107892417126406,SudutTakKasat
2105503443431633371,2026-10-01T03:41:53.000Z,10,"BREAKING NEWS: Jenderal Listyo Sigit Prabowo diberhentikan jadi Kapolri oleh Prabowo, digantikan oleh Komjen Pol. Suyudi Ario Seto.

#SuyudiArioSeto #Kapolri #KomisiIIIDPR https://t.co/ZSUBXaFnw2",2105503443431633371,https://pbs.twimg.com/media/HThAOFHacAA3A9u.jpg,,in,,1,0,0,https://x.com/oqforwhat/status/2105503443431633371,1456748460745453571,oqforwhat
2105435454124556344,2026-10-01T03:41:47.000Z,2,@jusdalle Apa ada kaitan kapolri di ganti?  Karena nyolek kader nya dia,2105503418353938902,,jusdalle,in,,0,1,0,https://x.com/alfinlee5/status/2105503418353938902,1264734396,alfinlee5
2105502689513832919,2026-10-01T03:41:46.000Z,16,"Baca: 
https://t.co/RS4l2gX3lH",2105503411726934345,,tempodotco,in,,1,0,4,https://x.com/tempodotco/status/2105503411726934345,18129942,tempodotco
2105503366906626434,2026-10-01T03:41:35.000Z,0,"Gantikan Listyo Sigit, Suyudi Ario Seto Selangkah Lagi Resmi Jadi Kapolri https://t.co/tdH3koGYkY",2105503366906626434,,,in,,0,0,0,https://x.com/gokepri/status/2105503366906626434,1291204198244073473,gokepri
2105503319980728561,2026-10-01T03:41:24.000Z,19,"Listyo Sigit diberhentikan, Komisi III DPR setujui Suyudi jadi Kapolri.

Pikiran liarku: jangan-jangan kongsi Genk Solo &amp; Genk Bojong Koneng mulai pecah.

Listyo Sigit kan tangan kanannya Pak Owi di masanya. Selama beliau menjabat, rasanya aman-aman saja pihak Genk Solo. Hukum",2105503319980728561,https://pbs.twimg.com/amplify_video_thumb/2105496926271754240/img/Dv8iwUb13oFGEyFn.jpg,,in,,0,9,4,https://x.com/elpichichiiiiii/status/2105503319980728561,2092460615843602432,elpichichiiiiii
2105452122410254590,2026-10-01T03:41:12.000Z,0,@JackMessiWidodo @gibran @gibran_tweet @jokowi Sy lemes ajapas Ultah kok malah kapolri kesayanganku dicopot.. https://t.co/nXKQZiDViu,2105503269414187324,https://pbs.twimg.com/media/HThAECIbwAAV131.jpg,JackMessiWidodo,in,,0,1,0,https://x.com/Nama_Twitku/status/2105503269414187324,1475033224724160513,Nama_Twitku
2105503258597069075,2026-10-01T03:41:09.000Z,1676,"Calon Kapolri, Komjen Pol Suyudi Ario Seto, konon kabarnya bakal menggantikan Listyo.

Yang didepan itu bandarnya kah ?! https://t.co/YU5ZRGW7zk",2105503258597069075,https://pbs.twimg.com/amplify_video_thumb/2105503214166851585/img/cCjS4LzHJh_v0esF.jpg,,in,,33,152,195,https://x.com/creeping5ilence/status/2105503258597069075,1100609875,creeping5ilence
2105490465403662582,2026-10-01T03:41:06.000Z,186,"@LambeSahamjja Terlepas gendang perang sudah ditabuh pecah kongsi, tapi emang si Listyo ini sudah terlalu lama jadi Kapolri sudah saatnya turun dia 

Next si Beler Gibran dan Prabowo",2105503246064423178,,LambeSahamjja,in,,0,1,4,https://x.com/_Bakemono/status/2105503246064423178,1624555531,_Bakemono
2105502518356967770,2026-10-01T03:40:52.000Z,1,"@unmagnetism Kenapa Kapolri Listyo Sigit diganti???
https://t.co/37Mqn8JIQB",2105503187595907584,,unmagnetism,in,,0,0,0,https://x.com/DalamDunia888/status/2105503187595907584,2041352553317761024,DalamDunia888
2105503169887519170,2026-10-01T03:40:48.000Z,62,"BREAKING NEWS!

PRABOWO MENGAJUKAN KOMJEN SUYUDI MENGGANTIKAN JENDERAL POL LISTYO SIGIT SEBAGAI KAPOLRI. 

Saat ini sedang fit and propper test di DPR RI￼.

Orang-orang geng SOLO tampaknya mau diberangus!",2105503169887519170,,,in,,1,12,7,https://x.com/sibambaang/status/2105503169887519170,1079734702414516225,sibambaang
2105501826456109057,2026-10-01T03:40:35.000Z,67,"@idextratime Terlepas gendang perang sudah ditabuh pecah kongsi, tapi emang si Listyo ini sudah terlalu lama jadi Kapolri sudah saatnya turun dia 

Next si Beler Gibran dan Prabowo",2105503113776087047,,idextratime,in,,0,0,0,https://x.com/_Bakemono/status/2105503113776087047,1624555531,_Bakemono
2105492434427969810,2026-10-01T03:40:13.000Z,1,"@abulmuzaffar10 @CiptaBuana_ itulah akibat milih Kapolri terlalu muda jadi lama nunggu masa pensiun nya, paling abis ini jadi menteri",2105503020201218153,,abulmuzaffar10,in,,0,0,0,https://x.com/Encunggggg/status/2105503020201218153,292140688,Encunggggg
2105503012366229669,2026-10-01T03:40:11.000Z,137,"Prabowo Memotong kuku Jokowi ?

Habiburrahman:
surpres dari Presiden Prabowo ke DPR Nomor R57/Pres/09/2026 tanggal 30 Sept 2026 perihal usulan pemberhentian dan pengangkatan Kapolri

Info A1 pada 20 juli rencana penggantian kapolri akhir Agustus
meleset tipis 1 Okto 2026 https://t.co/fWGPmryoLW",2105503012366229669,https://pbs.twimg.com/amplify_video_thumb/2105502828316041216/img/nVfjuAxuDBCIOZ7N.jpg,,in,,2,42,33,https://x.com/OmJ_J3Nggott/status/2105503012366229669,721590341669748736,OmJ_J3Nggott
2105502990123913383,2026-10-01T03:40:10.000Z,0,Masa jabatan yang mencapai enam tahun membuat Listyo Sigit menjadi Kapolri terlama sepanjang era Reformasi. Ia melampaui Jenderal (Purn) Da’i Bachtiar yang memimpin Polri sejak 29 November 2001 hingga 7 Juli 2005.,2105503011443474448,,AdrianaCXBM18E,in,,0,0,0,https://x.com/AdrianaCXBM18E/status/2105503011443474448,2086548389668311041,AdrianaCXBM18E
2105502990123913383,2026-10-01T03:40:10.000Z,0,"Ia kemudian menjadi Kapolda Banten pada 2016, Kadiv Propam Polri pada 2018, dan Kabareskrim Polri pada 2019. Puncaknya, Listyo dilantik sebagai Kapolri pada 21 Januari 2021. Ia menggantikan Jenderal (Purn) Idham Aziz yang memasuki masa pensiun.",2105503009455366605,,AdrianaCXBM18E,in,,0,1,0,https://x.com/AdrianaCXBM18E/status/2105503009455366605,2086548389668311041,AdrianaCXBM18E
2105502990123913383,2026-10-01T03:40:07.000Z,0,"""Maka sesuai dengan barusan digelar Badan Musyawarah DPR, hari ini 1 Oktober pagi, menugaskan Komisi III DPR melaksanakan uji kelayakan terhadap Komjen Suyudi, calon Kapolri,"" katanya. ""Apakah disepakati? Setuju,"" imbuh Habiburokhman.",2105502998491500832,,AdrianaCXBM18E,in,,0,1,0,https://x.com/AdrianaCXBM18E/status/2105502998491500832,2086548389668311041,AdrianaCXBM18E
2105502990123913383,2026-10-01T03:40:07.000Z,0,"Senayan, Jakarta, Kamis (1/10/2026). Habiburokhman mengatakan, calon Kapolri yang akan diuji kelayakan adalah Komjen Suyudi yang saat ini menjabat Kepala BNN.",2105502996335641018,,AdrianaCXBM18E,in,,0,1,0,https://x.com/AdrianaCXBM18E/status/2105502996335641018,2086548389668311041,AdrianaCXBM18E
2105502990123913383,2026-10-01T03:40:06.000Z,0,"""Pagi ini pimpinan DPR mendapat Surpres kepada Ketua DPR Nomor R57/Surpres/09/2026 tertanggal 30 September 2026 perihal usulan pemberhentian dari jabatan Kapolri dan pengangkatan dalam jabatan Kapolri,"" ujar Ketua Komisi III DPR Habiburokhman dalam jumpa pers di Gedung DPR,",2105502994284568998,,AdrianaCXBM18E,in,,0,1,0,https://x.com/AdrianaCXBM18E/status/2105502994284568998,2086548389668311041,AdrianaCXBM18E
2105502990123913383,2026-10-01T03:40:06.000Z,0,Presiden Prabowo Subianto mengirim Surat Presiden (Surpres) kepada DPR untuk memberhentikan Kapolri Jenderal Listyo Sigit Prabowo.,2105502992128729412,,AdrianaCXBM18E,in,,0,1,0,https://x.com/AdrianaCXBM18E/status/2105502992128729412,2086548389668311041,AdrianaCXBM18E
2105502990123913383,2026-10-01T03:40:05.000Z,0,"Prabowo Kirim Surpres Pemberhentian Kapolri Jenderal Listyo Sigit

#PrabowoSubianto #TerimakasihPakBowo #StillPrabowo

https://t.co/vBA5Hz9Tqq",2105502990123913383,,,in,,0,1,0,https://x.com/AdrianaCXBM18E/status/2105502990123913383,2086548389668311041,AdrianaCXBM18E
2105492738351530484,2026-10-01T03:39:58.000Z,6,"@kompascom Mau kapolri ganti ping suwidak njaran, ga bakal berubah itu lembaga, sebagian besar isinya garong semua 🤡",2105502960214237629,,kompascom,in,,0,1,0,https://x.com/Anissa1Q/status/2105502960214237629,964129970,Anissa1Q
2105405488481665086,2026-10-01T03:39:56.000Z,0,"@Rizai__ Yo emang gapopo...santai wae...
Cuma kok pas aku ultah kapolri dicopot e ...kan lemes aku.. https://t.co/X85hL3l78H",2105502949820780721,https://pbs.twimg.com/media/HTg_xaobkAAGy8Y.jpg,Rizai__,in,,0,0,0,https://x.com/Nama_Twitku/status/2105502949820780721,1475033224724160513,Nama_Twitku
2105499810124145148,2026-10-01T03:39:41.000Z,9,"@LambeSahamjja Kenapa Kapolri Listyo Sigit diganti???
https://t.co/37Mqn8JIQB",2105502886599999980,,LambeSahamjja,in,,0,0,1,https://x.com/DalamDunia888/status/2105502886599999980,2041352553317761024,DalamDunia888
2105502870988845557,2026-10-01T03:39:37.000Z,0,Komjen Suyudi Disetujui DPR Jadi Kapolri Pengganti Listyo Sigit https://t.co/w1cTkmqWWd #KomjenSuyudi lewat @jpnncom,2105502870988845557,,,in,,0,0,0,https://x.com/FathraNazrul/status/2105502870988845557,100174047,FathraNazrul
2105502805742277116,2026-10-01T03:39:21.000Z,2,Wew turun tahta juga akhirnya Bapak Kapolri yang satu itu,2105502805742277116,,,in,,0,0,0,https://x.com/eiw_18/status/2105502805742277116,1353993758,eiw_18
2105502790445322744,2026-10-01T03:39:18.000Z,0,"DPR Terima Surat Pemberhentian Listyo Sigit, Kapolri Baru Disetujui https://t.co/DAMpyHLRkb",2105502790445322744,,,in,,0,0,0,https://x.com/Harian_Jogja/status/2105502790445322744,118371948,Harian_Jogja
2105490263762501912,2026-10-01T03:39:17.000Z,7,"@kompascom Kayanya kapolri SDH merasa akan dicopot, makanya merapat ke ulama.",2105502786330996956,,kompascom,in,,0,0,1,https://x.com/chusnulhadiset1/status/2105502786330996956,710635383139278850,chusnulhadiset1
2105502741087080663,2026-10-01T03:39:06.000Z,0,Apa harapan kalian untuk KAPOLRI yang baru guyss?,2105502741087080663,,,in,,0,0,0,https://x.com/AerisLiakey/status/2105502741087080663,1260853993279901697,AerisLiakey
2105502707805253895,2026-10-01T03:38:58.000Z,2,"Melalui rapat paripurna singkat, DPR secara resmi menyetujui penunjukan Komisaris Jenderal Suyudi Ario Seto sebagai Kapolri yang baru pada Kamis (1/10/2026), menggantikan Jenderal Polisi Listyo Sigit Prabowo.

Simak selengkapnya: https://t.co/RXvDB8GRx1 https://t.co/P5rXbXLupU",2105502707805253895,https://pbs.twimg.com/media/HTg_g8WaQAEIK7T.jpg,,in,,0,1,1,https://x.com/BloombergTZ/status/2105502707805253895,1582972008479920129,BloombergTZ
2105502689513832919,2026-10-01T03:38:54.000Z,581,Kepala BNN Komjen Suyudi Ario Seto dipilih menjadi calon Kapolri menggantikan Jenderal Listyo Sigit Prabowo. Tempo menuliskan rencana penggantian ini tahun lalu. Ada peran Wakil Ketua DPR Sufmi Dasco Ahmad. 👇,2105502689513832919,,,in,,8,17,100,https://x.com/tempodotco/status/2105502689513832919,18129942,tempodotco
2105499063294812459,2026-10-01T03:38:52.000Z,1,"@its__Arthur19 Kapolri jabatan krusial ini, tarik menarik pasti alot dibelakangnya.",2105502680416456907,,its__Arthur19,in,,0,1,0,https://x.com/Handozichain/status/2105502680416456907,1630457228309463040,Handozichain
2105288490619633896,2026-10-01T03:38:51.000Z,0,@indepenSumatera KAPOLRI Sulistyo Sigit sudah diganti dg Komjen Suyudi.,2105502677031690329,,indepenSumatera,in,,0,0,0,https://x.com/EkoJuliantcpue/status/2105502677031690329,2095691261026213888,EkoJuliantcpue
2105501949277909037,2026-10-01T03:35:57.000Z,0,KAPOLRI ya bang  ternyata?,2105501949277909037,,,in,,0,1,0,https://x.com/rajaminyak_oil/status/2105501949277909037,112722944,rajaminyak_oil
2105492738351530484,2026-10-01T03:35:19.000Z,1,@kompascom Jokowi mrh nih KLO ganti kapolri anaknya dan BPK nya bisa kena hukum,2105501788799705328,,kompascom,in,,0,0,0,https://x.com/jamalkobain666_/status/2105501788799705328,1491964091883085824,jamalkobain666_
2105466294133035156,2026-10-01T03:35:02.000Z,41,"@ListyoSigitP Bapak gagal total menjadi Kapolri  selama menjabat 5 Th. Lingkungan tidak aman banyak curanmor, begal, depcolector dimana2 main rampas, penipuan, judol, korupsi dari tingkat daerah sampai pusat, parkir liar, ormas menjamur. Anda hanya sukses menjadi alat pemilu prabowo gibran.",2105501719044231414,,ListyoSigitP,in,,0,5,1,https://x.com/AjieNdoro/status/2105501719044231414,1558597547647979520,AjieNdoro
2105487043216425308,2026-10-01T03:34:45.000Z,1,"@yuddychrisnandi Selamat atas hadirnya Kapolri baru, Komjen Suyudi AS. Semoga dengan pengalaman dan profesionalismenya, Polri semakin kuat, humanis, dan dekat dengan rakyat. Terus melindungi, mengayomi, dan melayani masyarakat. 🇮🇩👮‍♂️",2105501645761290394,,yuddychrisnandi,in,,0,0,0,https://x.com/Sheilla_Yos/status/2105501645761290394,1266516065372135426,Sheilla_Yos
2105308637132709903,2026-10-01T03:34:43.000Z,0,"@DedynurPalakka Tanda² KERUNTUHAN DIMULAI....MENDEKATI TGL 20 OKT....

KAPOLRI AKAN DIGANTI....., TANDA² AKAN TERJADI RESHUFLE KABINET.

#PECAHKONGSI",2105501639801221177,,DedynurPalakka,in,,0,0,0,https://x.com/Hyun_Son_iL/status/2105501639801221177,1705799703097745408,Hyun_Son_iL
2105501637595017476,2026-10-01T03:34:43.000Z,0,"Komjen Suyudi Fit and Proper Test Kapolri, Listyo Sigit Masih Dampingi Prabowo di Lubang Buaya
https://t.co/agB2SJpkQd",2105501637595017476,,,in,,0,0,0,https://x.com/officialinews_/status/2105501637595017476,132078023,officialinews_
2105501553386017195,2026-10-01T03:34:23.000Z,1,"Breaking News: DPR Setujui Komjen Suyudi Ario Seto Jadi Kapolri
https://t.co/0MKIaY3bT1",2105501553386017195,,,in,,0,0,0,https://x.com/officialinews_/status/2105501553386017195,132078023,officialinews_
2105501544586084719,2026-10-01T03:34:21.000Z,0,Kita punya KAPOLRI baru https://t.co/xncOPSwQY4,2105501544586084719,https://pbs.twimg.com/media/HTg-fYlagAAHyvR.jpg,,in,,0,0,0,https://x.com/ags_irwansyah/status/2105501544586084719,473607941,ags_irwansyah
2105501542120128542,2026-10-01T03:34:20.000Z,0,"Data bukan sekadar angka di tabel. Dari wawancara di lapangan sampai jadi statistik,setiap jawaban punya cerita. Karena dari data hari ini,keputusan utk Indonesia esok hari ditentukan.

@bps_statistics 

Kapolri Pancasila Kamis 1 Oktober
#٢٠٣٠_بلا_نقاب #zonauang #AnaparamızıVerin https://t.co/o6D9irSUnM",2105501542120128542,https://pbs.twimg.com/media/HTg-fOHbEAAUna1.jpg,,in,,0,0,0,https://x.com/macan_sangar/status/2105501542120128542,1431845235886149644,macan_sangar
2105490263762501912,2026-10-01T03:34:19.000Z,11,"@kompascom sudah kenyang loe yaa, jadi kapolri !

banyak kontroversi terjadi.",2105501535975461343,,kompascom,in,,0,0,1,https://x.com/zola_papazola2/status/2105501535975461343,1603755870391013377,zola_papazola2
2105501483315966370,2026-10-01T03:34:06.000Z,967,"prabowo resmi mengirimkan surat presiden ke DPR untuk memberhentikan sigit sebagai kapolri

bukan hanya ngirim surat pemberhentian, prabs juga langsung ngajuin 1 nama sebagai calon kapolri yaitu suyudi ario yg sekarang menjabat sebagai kepala BNN",2105501483315966370,,,in,,7,19,66,https://x.com/txtdrimedia/status/2105501483315966370,1300484934449000448,txtdrimedia
2105501451036631080,2026-10-01T03:33:58.000Z,0,"Prabowo tunjuk Suyudi Ario Seto calon tunggal Kapolri gantikan Listyo

https://t.co/Axh695NVKQ",2105501451036631080,,,in,,0,0,0,https://x.com/RadioElshinta/status/2105501451036631080,121640063,RadioElshinta
2105486377832141069,2026-10-01T03:33:31.000Z,0,"Profil Suyudi Ario Seto, Kapolri Pilihan Presiden Prabowo 

https://t.co/MEJNKKt3jL",2105501334506283332,,TheEconopost,in,,0,0,0,https://x.com/TheEconopost/status/2105501334506283332,990656393496547328,TheEconopost
2105501198992413027,2026-10-01T03:32:58.000Z,0,"Mantan Kapolda Banten yang ke 4 yang menjadi Kapolri.
https://t.co/xKmAslySEt",2105501198992413027,,,in,,0,0,0,https://x.com/siman37916/status/2105501198992413027,2052782110910603265,siman37916
2105501183276458280,2026-10-01T03:32:55.000Z,1,"Wow KAPOLRI baru nih Indonesia, Komjen Pol Suyudi Ario Seto, diajukan sendiri oleh Presiden Prabowo menggantikan Kapolri yang lama Bapak Jenderal Polisi Listyo Sigit Prabowo yang sudah menjabat 5 tahun 8 bulan, tanggapannya tweeps ?

Sc : CNBC Indonesia https://t.co/yAm2bAhz0d",2105501183276458280,https://pbs.twimg.com/media/HTg-KfdbIAARvY1.jpg,,in,,0,0,0,https://x.com/gocanz/status/2105501183276458280,72198330,gocanz
2105501127429247092,2026-10-01T03:32:41.000Z,4,"Ketua Komisi III DPR RI Habiburokhman mengatakan DPR telah menerima Surat Presiden (Surpres) terkait usulan pemberhentian dan pengangkatan Kapolri. Surpres tersebut diterima pimpinan DPR pada Rabu (30/9/2026).

Habiburokhman mengatakan, surat tersebut berisi usulan pergantian https://t.co/XCNEGz0Tdq",2105501127429247092,https://pbs.twimg.com/media/HTg-G76bcAAi941.jpg,,in,,0,0,3,https://x.com/inilahdotcom/status/2105501127429247092,46693036,inilahdotcom
2105501116033376639,2026-10-01T03:32:39.000Z,0,"@bps_statistics punya metode, pemerintah punya program. Tapi tanpa informasi dari masyarakat, gambaran kondisi di lapangan bisa tidak lengkap. Kolaborasi inilah yang membuat data lebih bermakna.

Kamis Pagii Kapolri Pancasila #EfisiensiAPBN2027 #اکتوبر4_آغاز_مزاحمت #zonauang https://t.co/lHTrnZfgm8",2105501116033376639,https://pbs.twimg.com/media/HTg-GYgbkAAijtY.jpg,bps_statistics,in,,0,0,0,https://x.com/macan_sangar/status/2105501116033376639,1431845235886149644,macan_sangar
2105490934196801573,2026-10-01T03:32:37.000Z,0,"@Mr_MountBlanc @pw_gun Terlalu lama, jd Kapolri terlama kedua sepenjang sejarah. Rata-rata biasanya 3-4 tahun j. Klo semua di posisinya terlalu lama, jadinya program regenerasi SDMnya bakal rusak. Jd soal usia pensiun pun gk bs dijadikan alasan utk mempertahankannya",2105501108131250639,,Mr_MountBlanc,in,,0,0,0,https://x.com/NobeArk/status/2105501108131250639,1885928391486111744,NobeArk
2105501100648562699,2026-10-01T03:32:35.000Z,0,"Yang dinanti-nanti akhirnya datang juga, walau sangat terlambat.

Prabowo Kirim Surpres Pemberhentian Listyo Sigit, Suyudi Jadi Calon Kapolri https://t.co/zZ51l9PEED",2105501100648562699,https://pbs.twimg.com/media/HTg-FzhboAAia0Z.jpg,,in,,0,0,0,https://x.com/PerryGerr/status/2105501100648562699,72331131,PerryGerr
2105501017433596151,2026-10-01T03:32:15.000Z,0,"Sosok, Profil Pendidikan dan Kiprah Kapolri Suyudi Ario Seto https://t.co/q2UsV1Gp3H",2105501017433596151,,,in,,0,0,0,https://x.com/kalderanews/status/2105501017433596151,817669043792420864,kalderanews
2105500961196388723,2026-10-01T03:32:02.000Z,0,Kapolri baru komuknya kaya bos mafia,2105500961196388723,,,in,,0,0,0,https://x.com/yooggooy_/status/2105500961196388723,731915943203373058,yooggooy_
2105213225172435421,2026-10-01T03:31:36.000Z,0,"@DedynurPalakka @arifbalikpapan1 Sepertinya lebih menarik berita kapolri diganti.

Sepertinya sudah mulai ada perlawanan 🤣🤣",2105500854384259179,,DedynurPalakka,in,,0,0,0,https://x.com/Arman_topbgt/status/2105500854384259179,1430913775083745295,Arman_topbgt
2105500843403321551,2026-10-01T03:31:34.000Z,0,"Profil Komjen Suyudi Ario Seto, Calon Kapolri Usulan Prabowo: Lulusan Akpol 1994 dan Mantan Kapolda Banten https://t.co/j6I5Qz0OZz",2105500843403321551,,,in,,0,0,0,https://x.com/TajukNasional/status/2105500843403321551,729309555486642176,TajukNasional
2105500787753513464,2026-10-01T03:31:20.000Z,91,Kapolri Listyo Sigit diganti Kepala BNN Komjen Suyudi Ario Seto https://t.co/90z9ofPC7T,2105500787753513464,https://pbs.twimg.com/media/HTg9zhWaEAAIpa5.jpg,,in,,6,4,3,https://x.com/PolJokesID/status/2105500787753513464,808244774469677057,PolJokesID
2105500760943317051,2026-10-01T03:31:14.000Z,111,"DPR resmi menyetujui Komjen Suyudi Ario Seto sebagai calon Kapolri menggantikan Jenderal Listyo Sigit Prabowo. Persetujuan ini diambil dalam rapat paripurna DPR yang dipimpin Ketua DPR Puan Maharani pagi ini, Kamis (1/10).

Sebelumnya, digelar fit and proper test calon Kapolri https://t.co/aUJVF0hWE4",2105500760943317051,https://pbs.twimg.com/media/HTg9kobbQAAmv4w.jpg,,in,,12,6,46,https://x.com/kumparan/status/2105500760943317051,759692754985242625,kumparan
2105229517719773526,2026-10-01T03:30:58.000Z,2,@DokterTifa Kalau mau bisa dipercaya rakyatnya...singkirkan ex kabinet pemerintahan yang lalu...baru 100%  bisa dipercaya rakyatnya...terutama KapolRI dan  TNI nya,2105500693625008539,,DokterTifa,in,,0,0,0,https://x.com/DelvyYulizar/status/2105500693625008539,1714229166709825536,DelvyYulizar
2105492419882185125,2026-10-01T03:30:48.000Z,1,@SudutTakKasat Orgnya siapa nih kapolri baru,2105500651744895296,,SudutTakKasat,in,,0,1,0,https://x.com/KeurCobain/status/2105500651744895296,1193388992261062656,KeurCobain
2105500546899546314,2026-10-01T03:30:23.000Z,0,"Prabowo Usulkan Komjen Suyudi Jadi Kapolri, Gantikan Jenderal Listyo Sigit https://t.co/dXeQbe6jjE",2105500546899546314,,,in,,0,0,0,https://x.com/Yamin36460678/status/2105500546899546314,1324229234701656064,Yamin36460678
2105474364741447772,2026-10-01T03:30:20.000Z,0,"@tham878 Smoga pergantian kapolri baru,akan lancar proses hukum ijazah aspal.smiga ada bukti baru",2105500535671668965,,tham878,in,,0,0,0,https://x.com/sibolang1436467/status/2105500535671668965,1796833614581354496,sibolang1436467
2105500514112921672,2026-10-01T03:30:15.000Z,5,"Hari ini calon Kapolri lagi menjalankan Fit and proper test

Kira kira kalo mau jadi kapolri gitu pake bagi bagi amplop gak sih?🤔",2105500514112921672,,,in,,0,4,0,https://x.com/JadineGood/status/2105500514112921672,1397176822094196744,JadineGood
2105500505481035778,2026-10-01T03:30:13.000Z,0,Komjen Suyudi Ario Seto Jalani Fit and Proper Test Calon Kapolri di DPR https://t.co/rwrLQ1VSM5,2105500505481035778,,,in,,0,0,0,https://x.com/Yamin36460678/status/2105500505481035778,1324229234701656064,Yamin36460678
2105500465828069631,2026-10-01T03:30:04.000Z,0,Komisi III DPR Setujui Komjen Suyudi Ario Seto Jadi Kapolri Gantikan Listyo Sigit https://t.co/uP5nqLBo6P,2105500465828069631,,,in,,0,0,0,https://x.com/Yamin36460678/status/2105500465828069631,1324229234701656064,Yamin36460678
2105486054468055334,2026-10-01T03:29:50.000Z,0,"@Heraloebss @prabowo Saya gigih membelanpak Prabowo karena sangat yakin rusaknya negeri ini karena intoleransi dan tirani mayoritas, hanya bisa dipulihkan oleh pak Prabowo

Dua figur penting (panglima TNI dan Kapolri) harus punya rekam jejak dan daya dukung yg memang jelas jelas SANGAT MEMBELA",2105500409209180190,,Heraloebss,in,,0,0,0,https://x.com/nalar_logis/status/2105500409209180190,1557182798888198144,nalar_logis
2105500403056136230,2026-10-01T03:29:49.000Z,7,Komisi III DPR RI menyetujui Komjen Pol Suyudi Ario Seto untuk menduduki jabatan Kapolri menggantikan Listyo Sigit Prabowo. Keputusan persetujuan dilakukan pada rapat dalam rangka fit and proper test atau uji kelayakan terhadap calon… www.​instagram.​com/reel/Dd78MDOJjai/ https://t.co/WJHfHa5j4P,2105500403056136230,https://pbs.twimg.com/ext_tw_video_thumb/2105500141918838784/pu/img/C9nlOWoEYhSVvkVs.jpg,,in,,0,0,6,https://x.com/Bisniscom/status/2105500403056136230,118646322,Bisniscom
2105500274605658462,2026-10-01T03:29:18.000Z,0,"BREAKING NEWS! Komjen Pol Suyudi Ario Seto Jadi Calon Tunggal Kapolri, Gantikan Listyo Sigit 🙂",2105500274605658462,,,in,,0,0,0,https://x.com/RizkyHasan/status/2105500274605658462,47944638,RizkyHasan
2105500266204475524,2026-10-01T03:29:16.000Z,111,"BREAKING ‼️

Setelah ditandatangani Ketua DPR RI, siang ini, Presiden Prabowo MELANTIK Kapolri baru di Istana. https://t.co/jqsDtu8noD",2105500266204475524,https://pbs.twimg.com/amplify_video_thumb/2105500131546308608/img/CLoQ5QTMwtjBoqEn.jpg,,in,,6,3,23,https://x.com/pw_gun/status/2105500266204475524,825756199,pw_gun
2105500237972554227,2026-10-01T03:29:09.000Z,0,Kapolri diganti https://t.co/NcelvuuKn8,2105500237972554227,https://pbs.twimg.com/media/HTg9TirbUAAsG-P.jpg,,in,,0,0,0,https://x.com/yunantyo76/status/2105500237972554227,1928380398716977152,yunantyo76
2105500125640769913,2026-10-01T03:28:42.000Z,0,Wah... Pak Seto jadi Kapolri pengganti. 😏,2105500125640769913,,,in,,1,0,0,https://x.com/KudoReishi/status/2105500125640769913,277413836,KudoReishi
2105500123652620765,2026-10-01T03:28:42.000Z,2,"Komisi III DPR RI menyepakati Komjen Pol Suyudi Ario Seto sebagai calon Kapolri menggantikan Jenderal Listyo Sigit Prabowo. Persetujuan diambil secara aklamasi setelah Suyudi menjalani uji kelayakan dan kepatutan di DPR, Kamis (1/10/2026).

“Apakah secara aklamasi dapat https://t.co/aA4L3PMLAU",2105500123652620765,https://pbs.twimg.com/amplify_video_thumb/2105500043059003392/img/9l4ONl4n3H2vi6LG.jpg,,in,,0,1,1,https://x.com/owritedotid/status/2105500123652620765,1964554328649453576,owritedotid
2105500109190681075,2026-10-01T03:28:38.000Z,1,"Suyudi Ario Seto Resmi Jadi Kapolri, Komisi III DPR RI Setujui Gantikan Listyo Sigit
 
https://t.co/JW6RQMxlik lewat @tribunnews",2105500109190681075,,,in,,0,0,0,https://x.com/tribunmedan/status/2105500109190681075,142305302,tribunmedan
2105500082812694763,2026-10-01T03:28:32.000Z,1,"1A. Tahun lalu kerusuhan, saya pendengar istikomah @mnctrijaya kalian plus AYU JEPANG  framing/bully POLISI @DivHumas_Polri habis2an via siaran selama rusuh. Tidak menjalankan siarannya proporsional. Tapi saya mo bilang Pak @listyosigitp sbg kapolri justru BAGUS! |@OFFICIALINEWS_ https://t.co/IOp6XS7jwD",2105500082812694763,https://pbs.twimg.com/media/HTg9KhfbAAA12JG.jpg,,in,,0,0,1,https://x.com/intanalyze/status/2105500082812694763,218477659,intanalyze
2105499955989528723,2026-10-01T03:28:02.000Z,5,"Sudah perang terbuka.
Fit and proper test hanya setengah jam, tiba-tiba langsung aklamasi.
Padahal tadi pagi Kapolri masih ada agenda di Lubang Buaya.

Diberhentikan saat sedang bekerja, sama seperti Pak Pur.",2105499955989528723,,,in,,0,1,1,https://x.com/humhiho/status/2105499955989528723,156628444,humhiho
2105499810124145148,2026-10-01T03:27:27.000Z,1108,"guys lu pada tau gak nih
calon kapolri komjen suyudi ario seto ungkap program yang bakal jadi quick wins di 100 hari pertama kalau dia jadi kapolri

programnya mulai dari ruang publik aman pemberantasan dan pemulihan kawasan narkoba sampai bersih judi daring dan penipuan digital https://t.co/yWSbPN2tHz",2105499810124145148,https://pbs.twimg.com/media/HTg8ybmbYAAg_dA.jpg,,in,,38,142,136,https://x.com/LambeSahamjja/status/2105499810124145148,1772323119111487490,LambeSahamjja
2105499801769119770,2026-10-01T03:27:25.000Z,44,Benarkah hari ini akan ada pergantian Kapolri? Wow!,2105499801769119770,,,in,,4,20,4,https://x.com/zoelfick/status/2105499801769119770,86934018,zoelfick
2105499743808073800,2026-10-01T03:27:11.000Z,2,"Aklamasi, Komisi III Setujui 
Komjen Suyudi Jadi Kapolri Gantikan Listyo Sigit 

Baca di https://t.co/cADUET7tMJ https://t.co/ud49vIk73d",2105499743808073800,https://pbs.twimg.com/media/HTg81nXbsAA-tKW.jpg,,in,,1,0,0,https://x.com/kompascom/status/2105499743808073800,23343960,kompascom
2105499598639054933,2026-10-01T03:26:37.000Z,208,"Presiden @prabowo mengeluarkan surat Presiden (surpres) usulan pemberhentian kapolri jenderal Listyo Sigit Prabowo.
Surpres nomor R57/Surpres/09/2026 tertanggal 30 September 2026.
Pada Kamis tanggal 1 Oktober 2026.

Melalui surpres tersebut calon tunggal penggantinya adalah https://t.co/SJ8018zdTZ",2105499598639054933,https://pbs.twimg.com/media/HTg8t_1agAAJPY_.jpg,,in,,8,84,27,https://x.com/regar_op0sisi/status/2105499598639054933,1749698965539553280,regar_op0sisi
2105499559975940227,2026-10-01T03:26:28.000Z,762,"Kapolri bukan dari propam/Metro Jaya/bareskrim, tapi dari penugasan luar institusi (BNN). Lumayan menarik",2105499559975940227,,,in,,3,17,48,https://x.com/Panathinatikos/status/2105499559975940227,1569140625957859328,Panathinatikos
2105499558683808041,2026-10-01T03:26:27.000Z,0,"[BERITA UTAMA] Komisi III DPR Setujui Suyudi Ario Seto Jadi Calon Kapolri, Aklamasi 8 Fraksi https://t.co/Kli0i6XWCC",2105499558683808041,,,in,,0,0,0,https://x.com/TajukNasional/status/2105499558683808041,729309555486642176,TajukNasional
2105499425124814999,2026-10-01T03:25:55.000Z,0,Jadi otw ganti Kapolri dan ganti Wapres?🤣🤣,2105499425124814999,,,in,,0,0,0,https://x.com/vincosta88/status/2105499425124814999,57254077,vincosta88
2105498040740245702,2026-10-01T03:25:19.000Z,1,"@kompascom Bagus dari BNN.sebelum kapolri,sudah tahu sendiri bukan katanya,menyelami seberapa besar peredaran narkoba dinegara ini.Kedepannya mudah2an gebrakan perkecil peredaran narkoba,demi keselamatan Generasi bangsa.👍👍⭐⭐⭐⭐",2105499273144250799,,kompascom,in,,0,1,0,https://x.com/Bejongawi/status/2105499273144250799,2396272308,Bejongawi
2105499251228971155,2026-10-01T03:25:14.000Z,2,"DPR RI Setujui Suyudi Jadi Calon Kapolri Baru secara Aklamasi

https://t.co/EQ7uyY0JSB",2105499251228971155,,,in,,0,0,1,https://x.com/TirtoID/status/2105499251228971155,4187275698,TirtoID
2105499250801193461,2026-10-01T03:25:14.000Z,79,Prabowo Ajukan Suyudi Ario Seto Jadi Kapolri Gantikan Listyo https://t.co/R2MlQfVbhF,2105499250801193461,,,in,,7,7,7,https://x.com/tempodotco/status/2105499250801193461,18129942,tempodotco
2105499191682408843,2026-10-01T03:25:00.000Z,0,"Prabowo Ajukan Bos BNN Suyudi Ario Jadi Kapolri, Gantikan Listyo Sigit

https://t.co/pxozcajuig",2105499191682408843,,,in,,0,0,0,https://x.com/cnbcindonesia/status/2105499191682408843,847372542830444544,cnbcindonesia
2105499063294812459,2026-10-01T03:24:29.000Z,23,"Ternyata tanggal 30 kemarin itu banyak kejadian selain mengenang sejarah.
Presiden sudah kirim Surpres ke DPR.

Kami DPR RI sudah mendapatkan surpres dari Presiden Prabowo Nomor R57/Pres/09/2026 tanggal 30 September 2026 perihal usulan pemberhentian dari jabatan Kapolri dan https://t.co/SsMNj2AIIY",2105499063294812459,https://pbs.twimg.com/media/HTg8PD3bAAA4ocj.jpg,,in,,0,1,5,https://x.com/its__Arthur19/status/2105499063294812459,1240115615857127424,its__Arthur19
2105499002636734485,2026-10-01T03:24:15.000Z,89,"Baca di sini: https://t.co/kGaeW6fpLj

Komjen Suyudi Ario Seto menjanjikan 100 hari pertama sebagai Kapolri menjadi momentum membenahi internal Polri melalui pemetaan, pengujian perbaikan, hingga evaluasi, disertai pemberantasan narkoba, judi daring, dan penipuan digital.

~IQ https://t.co/5A7DeUrlQv",2105499002636734485,https://pbs.twimg.com/media/HTg8BAKaoAAOEW5.jpg,,in,,22,58,35,https://x.com/kompascom/status/2105499002636734485,23343960,kompascom
2105498971275923829,2026-10-01T03:24:07.000Z,7,"Ketua Komisi III DPR RI Habiburokhman mengatakan keputusan itu sudah mendapat persetujuan dari para fraksi partai politik, Mahkamah Kehormatan Dewan (MKD), dan pimpinan DPR RI.

Baca selengkapnya 
https://t.co/8djSmJ87Zg https://t.co/6bKJO24rOG",2105498971275923829,https://pbs.twimg.com/media/HTg8JsBa4AAmIsN.jpg,,in,,0,1,1,https://x.com/antaranews/status/2105498971275923829,18071520,antaranews
2105498868515578045,2026-10-01T03:23:43.000Z,1,"1.  Betul! Pak Listyo Kapolri terlama ya Tim @mnctrijaya .  Kapolri yg selalu di-goreng2 media tmsk trijaya &amp; dipolitisirr sosok2 ttt di NKRI. Jujurly, saya bangga Pak Listyo, setidaknya satu2nya kapolri yg membuat seseorang tidak menyalaminya. | @officialinews_  @DivHumas_Polri https://t.co/IwULBLAm3h",2105498868515578045,https://pbs.twimg.com/media/HTg8D1GbwAAHYBo.jpg,,in,,1,0,1,https://x.com/intanalyze/status/2105498868515578045,218477659,intanalyze
2105498827251683816,2026-10-01T03:23:33.000Z,1,"Proses uji kelayakan dan kepatutan Komjen Suyudi Ario Seto sebagai calon Kapolri berlangsung cepat. Agenda penggantian Kapolri di DPR ini pun berlangsung mendadak. #Politik #AdadiKompas

https://t.co/DcCzTvghlv",2105498827251683816,,,in,,0,0,0,https://x.com/KompasData/status/2105498827251683816,771030588,KompasData
2105498825209295216,2026-10-01T03:23:32.000Z,2,"Angin segar 👏👍

Presiden Prabowo Subianto mengirim Surat Presiden (Surpres) kepada DPR untuk memberhentikan Kapolri Jenderal Listyo Sigit Prabowo. 
Calon Kapolri yg akan diuji kelayakan adl Komjen Suyudi yg saat ini menjabat Kepala BNN
#Kapolri #Prabowo #KesaktianPancasila https://t.co/aqvlOkdcZD",2105498825209295216,https://pbs.twimg.com/amplify_video_thumb/2105498783941578752/img/Fhi8ogADyapYMf3A.jpg,,in,,1,0,0,https://x.com/CahAngo45022699/status/2105498825209295216,1354072148030091264,CahAngo45022699
2105498815239496135,2026-10-01T03:23:30.000Z,1,"Update pucuk pimpinan Polri 

Komjen Suyudi Ario Seto resmi mendapat persetujuan Komisi III DPR setelah menjalani fit and proper test sebagai calon Kapolri pengganti Jenderal Listyo Sigit Prabowo.

Namanya sebelumnya diajukan Presiden Prabowo sebagai calon tunggal Kapolri. https://t.co/CWC3UYzIJL",2105498815239496135,https://pbs.twimg.com/media/HTg7_xjbUAAHTs-.jpg,,in,,1,0,1,https://x.com/piala_talk/status/2105498815239496135,2064624358182752256,piala_talk
2105497854131515891,2026-10-01T03:19:41.000Z,0,"Berhentikan Jenderal Listyo Sigit Jadi Kapolri, Prabowo Usulkan Komjen Suyudi Jadi Pengganti
 
https://t.co/P38vuHYO22",2105497854131515891,,,in,,0,0,0,https://x.com/tribun_PKU/status/2105497854131515891,1340908661418283008,tribun_PKU
2105497774750060969,2026-10-01T03:19:22.000Z,1,"Jd kumaha profil calon kapolri yg sekarang teh, om ?
@Opposite6888 

Cucok? 😀😀",2105497774750060969,,,in,,0,1,0,https://x.com/Cherry_Lovely2/status/2105497774750060969,2053255579041148932,Cherry_Lovely2
2105497674716008495,2026-10-01T03:18:58.000Z,321,"prabowo udah ngirim surpres dari 30 september kemarin, terkait pemberhentian kapolri listyo sigit.

calon kapolri barunya adalah suyudi ario seto, kepala BNN. masih calon tunggal, dan hari ini juga udah menjalani fit &amp; proper test di DPR.

well, let’s see? 👀 https://t.co/TTrMnOa6mt",2105497674716008495,https://pbs.twimg.com/media/HTg6-MPaMAAwskD.jpg,,in,,7,40,54,https://x.com/satirnesia/status/2105497674716008495,2017662538524069888,satirnesia
2105497605539332554,2026-10-01T03:18:42.000Z,0,"Istri Kapolri, Juliati Sigit Prabowo mengirimkan bunga anggrek bulan berwarna ungu untuk ucapan ulang tahun Iriana Jokowi. Bunga tersebut dikirim langsung dari Jakarta melalui perjalanan darat #kapolri #irianaulangtahun #irianajokowi #irianajokowidodo #jokowi https://t.co/rhlK3rv9Wf",2105497605539332554,https://pbs.twimg.com/amplify_video_thumb/2105497546055680000/img/ok_AjNj6ZtPDV3yI.jpg,,in,,0,0,0,https://x.com/NyiMasLomb4150/status/2105497605539332554,1641003367223947265,NyiMasLomb4150
2105497432905699342,2026-10-01T03:18:00.000Z,0,"Resafel mulai dari kapolri.
1Oktober",2105497432905699342,,,in,,0,0,0,https://x.com/BSastranegara/status/2105497432905699342,296804226,BSastranegara
2105454134409453949,2026-10-01T03:17:53.000Z,0,@manomsoegia @kafiradikalis Nih kapolri mau dgnti..gibrn mkin dekat di.....,2105497403101155778,,manomsoegia,in,,0,1,0,https://x.com/MyH84459509/status/2105497403101155778,1503984371795361795,MyH84459509
2105497077119902090,2026-10-01T03:16:36.000Z,4,"KAPOLRI BARU

Komisaris Jenderal Polisi Dr. (H.C.) Suyudi Ario Seto, S.I.K., S.H., https://t.co/cPa3sdBrMJ.

14 Juli 1973 (usia 53 tahun), Pandeglang, 

Pangkat saat ini: Komisaris Jenderal Polisi (bintang tiga).

#selamat #kapolri #breakingnews https://t.co/0c7KVAVb99",2105497077119902090,https://pbs.twimg.com/media/HTg6GRSbkAAqQ9H.jpg,,in,,0,0,0,https://x.com/ESyarkazyie/status/2105497077119902090,2328181406,ESyarkazyie
2105497061001216242,2026-10-01T03:16:32.000Z,111,"Listyo Sigit Diberhentikan, Komisi III DPR Setujui Suyudi Jadi Kapolri
https://t.co/ZZZXWQfJb8

#BeritaSatu #SaatnyaMajuBersama #Kapolri #ListyoSigit #Prabowo https://t.co/nmDBwDbrpz",2105497061001216242,https://pbs.twimg.com/amplify_video_thumb/2105496926271754240/img/Dv8iwUb13oFGEyFn.jpg,,in,,5,19,33,https://x.com/Beritasatu/status/2105497061001216242,154102750,Beritasatu
2105497049332609375,2026-10-01T03:16:29.000Z,1,kapolri diganti tanggal 1 Oktober wkwkwkwkkw,2105497049332609375,,,in,,0,0,0,https://x.com/bridopp/status/2105497049332609375,801944647,bridopp
2105497037869637988,2026-10-01T03:16:26.000Z,1,"Warna baru semoga lebih baik
Kapolri baru harapan baru. https://t.co/XEGSMeQGPE",2105497037869637988,https://pbs.twimg.com/media/HTg6ZVeakAAzvIW.jpg,,in,,0,0,0,https://x.com/brebhutan/status/2105497037869637988,473742750,brebhutan
2105496933628551450,2026-10-01T03:16:01.000Z,0,"Pergantian Kapolri masuk babak baru. Presiden Prabowo Subianto mengirim Surpres ke DPR untuk mengusulkan pemberhentian Jenderal Listyo Sigit Prabowo dan mengajukan Komjen Pol Suyudi Ario Seto sebagai calon Kapolri.

Selengkapnya di https://t.co/hpnuiLPW5F https://t.co/ABwlJNGAZh",2105496933628551450,https://pbs.twimg.com/media/HTg6R35bAAAjny4.jpg,,in,,0,0,0,https://x.com/koranjakarta_id/status/2105496933628551450,1382213818370039808,koranjakarta_id
2105496925915226357,2026-10-01T03:16:00.000Z,0,"breaking news uji kelayakan calon kapolri komjen pol suyudi ario seto 
kamis 1 oktober 2026 
di gedung DPR MRP RI senayan tanah abang jakarta pusat 
live hanya di inews https://t.co/Z13t3SKxuY",2105496925915226357,https://pbs.twimg.com/media/HTg6SvAawAAfLif.jpg,,in,,0,0,0,https://x.com/arifky87/status/2105496925915226357,2589490099,arifky87
2105496870676213995,2026-10-01T03:15:46.000Z,0,Kapolri baru hasil sousenkyo 2026,2105496870676213995,,,in,,0,0,0,https://x.com/dialektikaksara/status/2105496870676213995,93078450,dialektikaksara
2105496801738739819,2026-10-01T03:15:30.000Z,7,"Momen Listyo Dampingi Prabowo Sebelum Pergantian Kapolri

https://t.co/gLsfvoerIY",2105496801738739819,,,in,,0,2,4,https://x.com/liputan6dotcom/status/2105496801738739819,47596019,liputan6dotcom
2105496774924501470,2026-10-01T03:15:24.000Z,0,wew kapolri baru 🧐,2105496774924501470,,,in,,0,0,0,https://x.com/FRPrayogo/status/2105496774924501470,292255033,FRPrayogo
2105483131675639975,2026-10-01T03:15:17.000Z,5,"@kumparan Sudah tepat ganti kapolri Krn sudah terlalu lama dan menambah beban presiden, tapi gantinya kok BNN apa ga serem juga ya ??! 🤭🙏",2105496746268950649,,kumparan,in,,0,0,0,https://x.com/SudarsonoD58885/status/2105496746268950649,1834487947686805505,SudarsonoD58885
2105496724584251739,2026-10-01T03:15:12.000Z,0,DPR menyepakati Komjen Suyudi jadi KAPOLRI!!,2105496724584251739,,,in,,0,0,0,https://x.com/machineheadz/status/2105496724584251739,821851706,machineheadz
2105496554132111369,2026-10-01T03:14:31.000Z,0,"KITA punya KAPOLRI BARU👍
KOMJEN POL . SUYUDI ARIO SETO 
Selamat bertugas Semoga POLRI semakin dekat dengan Rakyat .
Amiiin",2105496554132111369,,,in,,0,0,0,https://x.com/senyuuumdoong/status/2105496554132111369,3334646472,senyuuumdoong
2105485791124500900,2026-10-01T03:14:26.000Z,0,"@Metro_TV semoga yg KAPOLRI yg baru lebih amanah..., perbaiki kinerja moral aparat kpolisian... 
jgn sperti yg kmarin...",2105496533114454072,,Metro_TV,in,,0,0,0,https://x.com/difahdullah/status/2105496533114454072,1486587872421445633,difahdullah
2105495428053487759,2026-10-01T03:13:51.000Z,0,https://t.co/qG4RtDhL6w,2105496387253309924,,doelpaten,zxx,,0,0,0,https://x.com/doelpaten/status/2105496387253309924,1194169494832173056,doelpaten
2105496364390232300,2026-10-01T03:13:46.000Z,0,"DPR Gelar Uji Kelayakan dan Kepatutan Calon Kapolri Pengganti Jenderal Listyo Sigit Prabowo

https://t.co/75VSE2uqzM https://t.co/SOKw8Im3Cn",2105496364390232300,https://pbs.twimg.com/media/HTg5wLhbQAEoi04.jpg,,in,,0,0,0,https://x.com/sinpotv/status/2105496364390232300,1012174601055449088,sinpotv
2105496103034720283,2026-10-01T03:12:43.000Z,18,"Profil Komjen Suyudi Ario Seto, Calon Tunggal Kapolri Pengganti Jenderal Polisi Listyo Sigit
https://t.co/pXeRNmYcUn",2105496103034720283,,,in,,0,1,3,https://x.com/geloraco/status/2105496103034720283,3319260420,geloraco
2105496023401713998,2026-10-01T03:12:24.000Z,44,https://t.co/n3ZcaBmJaX,2105496023401713998,,,zxx,,0,3,5,https://x.com/chichafrancisca/status/2105496023401713998,733222886912073728,chichafrancisca
2105495861048545511,2026-10-01T03:11:46.000Z,2,"Bang Sigit mo diganti euy.....

jadi komisaris atau menteri nih ?

DPR Terima Surpres Pergantian Kapolri, Komisi III Uji Kelayakan Komjen Suyudi

https://t.co/j9AVXHdhqT",2105495861048545511,,,in,,0,0,0,https://x.com/Capitalisborju/status/2105495861048545511,1826162869123346432,Capitalisborju
2105495860801110262,2026-10-01T03:11:46.000Z,1,"Prabowo Tunjuk Suyudi Ario Seto Jadi Calon Tunggal Kapolri Gantikan Listyo Sigit

#kapolri #CalonKapolri 

https://t.co/FcJYUlgMUs",2105495860801110262,,,in,,0,0,2,https://x.com/InvestorID/status/2105495860801110262,238091066,InvestorID
2105486377832141069,2026-10-01T03:11:42.000Z,1,@TheEconopost bukannya sudah ketok palu resmi jadi kapolri?,2105495845030482431,,TheEconopost,in,,0,0,0,https://x.com/Mr_MountBlanc/status/2105495845030482431,78260254,Mr_MountBlanc
2105495823299780656,2026-10-01T03:11:37.000Z,6,"Komisi III DPR RI menyetujui secara aklamasi pengangkatan Komjen Pol. Suyudi Ario Seto sebagai Kepala Kepolisian Negara Republik Indonesia (Kapolri) baru dalam rapat uji kelayakan dan kepatutan (fit and proper test) di Gedung DPR, Kamis (1/10/2026).

Keputusan kilat ini diambil https://t.co/kMoa1EmjXd",2105495823299780656,https://pbs.twimg.com/amplify_video_thumb/2105495699035230208/img/f9j1AyUzuPOqnoBE.jpg,,in,,2,0,0,https://x.com/Metro_TV/status/2105495823299780656,57261519,Metro_TV
2105476940522225865,2026-10-01T03:11:26.000Z,15,@gringgingen_ https://t.co/n3ZcaBmJaX,2105495780354355351,,gringgingen_,qme,,0,1,0,https://x.com/chichafrancisca/status/2105495780354355351,733222886912073728,chichafrancisca
2105495768622944757,2026-10-01T03:11:24.000Z,0,"Tok! Komisi III DPR Sepakati Suyudi Ario Seto Jadi Kapolri Gantikan Listyo Sigit Prabowo

https://t.co/Bh2aEsCfih",2105495768622944757,,,in,,0,0,0,https://x.com/okezonenews/status/2105495768622944757,47274731,okezonenews
2105495760162967750,2026-10-01T03:11:22.000Z,148,"Udah siap belum?

Presiden RI Prabowo Subianto resmi menerbitkan Surat Presiden (Surpres) Nomor R57/Pres/2026 tertanggal 30 September 2026 mengenai usulan pemberhentian Jenderal Listyo Sigit Prabowo dan penunjukan Kepala BNN Komjen Pol. Suyudi Ario Seto sebagai calon Kapolri baru https://t.co/Xq1l5BZVy2",2105495760162967750,https://pbs.twimg.com/media/HTg5FKDboAAsXIH.jpg,,in,,6,59,29,https://x.com/riekediahp/status/2105495760162967750,774793980680691712,riekediahp
2105491553330552966,2026-10-01T03:11:12.000Z,7,"@Sebelahkampus @IndosFC @MafiaWasit Kepala BNN jadi KAPOLRI
Gibran Diskualifikasi

Jd rada nyambung nih",2105495720409051468,,Sebelahkampus,in,,0,2,0,https://x.com/afathngantuk/status/2105495720409051468,1370954100,afathngantuk
2105486054468055334,2026-10-01T03:10:46.000Z,6,"@Heraloebss Pak @prabowo yth, siapapun penganti pak Listyo, mohon benar benar figur yg menggambarkan kemajemukan bangsa ini

Punya rekam jejak bersih dalam membela toleransi dan keberagaman 

Kapolri adalah jabatan politik

Politik adalah soal persepsi.
Rakyat akan melihat figur tsb secara",2105495609759396203,,Heraloebss,in,,0,3,1,https://x.com/nalar_logis/status/2105495609759396203,1557182798888198144,nalar_logis
2105495498929131907,2026-10-01T03:10:19.000Z,308,"guys lu pada tau gak nih
komisi iii dpr secara aklamasi alias kompak setuju komjen suyudi ario seto jadi kapolri baru gantiin jenderal listyo sigit prabowo

persetujuan ini keluar abis suyudi jalanin uji kelayakan dan kepatutan alias fit and proper test kamis 1/10/2026

komisi https://t.co/jbaptKHKhU",2105495498929131907,https://pbs.twimg.com/media/HTg47bLaAAEVwhv.jpg,,in,,2,11,30,https://x.com/LambeSahamjja/status/2105495498929131907,1772323119111487490,LambeSahamjja
2105244778648699059,2026-10-01T03:10:13.000Z,1,"@Jediimar SAMPAI SEKARANG  JOKOWI  PEGANG  PANGLIMA  DAN  KAPOLRI, UNTUK  MENJADI  JOKOWI  JADI  PRESIDEN  4 PERIODE. 
JOKOWI  JUGA  PEGANG  PREMAN   HERCULES  DAN   PREMAN  SILVESTER.",2105495473452876218,,Jediimar,in,,0,0,0,https://x.com/NHenryp29864/status/2105495473452876218,1705475303571861504,NHenryp29864
2105495428053487759,2026-10-01T03:10:02.000Z,54,"BREAKING NEWS...

Kapolri Jendral Listyo Sigit Prabowo diganti...!

https://t.co/jZYhajGmBy",2105495428053487759,,,in,,2,17,21,https://x.com/doelpaten/status/2105495428053487759,1194169494832173056,doelpaten
2105495387872342105,2026-10-01T03:09:53.000Z,0,https://t.co/Db5n0n4jrA https://t.co/KCB1t8o3PQ,2105495387872342105,https://pbs.twimg.com/media/HTg45K3bwAAChW5.jpg,,zxx,,0,0,0,https://x.com/PostTapaktuan/status/2105495387872342105,1293942284119969792,PostTapaktuan
2105495363159531553,2026-10-01T03:09:47.000Z,1,"Satlantas Polres Gayo Lues Patroli Malam dan Imbau Pengendara Tertib Berlalu Lintas

#poldaaceh #polresgayolues #bidhumaspoldaaceh #divisihumaspolri 
#Kapolri
#listyosigitprabowo
#Kapolresgayolues
#Poldaaceh
#poldaacehsiagabencana #bangkitbersamapoldaaceh https://t.co/rqsFHP2rOG",2105495363159531553,https://pbs.twimg.com/media/HTg43NObIAAVVdd.jpg,,in,,0,0,0,https://x.com/Humaspolresgayo/status/2105495363159531553,1736599425684996096,Humaspolresgayo
2105495309182968254,2026-10-01T03:09:34.000Z,1,"DPR Terima Surpres Pergantian Kapolri, Suyudi Ario Seto Jalani Fit and Proper Test 

Simak selengkapnya: https://t.co/V2sWvT3JIQ

Baca artikel lainnya di: https://t.co/TEOzDI7fEC 

#Whymediaid #News #DPR #Surpres #Kapolri",2105495309182968254,,,in,,0,0,0,https://x.com/whymediaid/status/2105495309182968254,1987082565241741312,whymediaid
2105495294129668532,2026-10-01T03:09:30.000Z,108,"Nama kapolri, inisialnya keren SAS 

Jenderal (Pol) Suyudi Ario Seto

Orang Pandeglang Banten",2105495294129668532,,,in,,0,9,20,https://x.com/Intel_Imut/status/2105495294129668532,1418311652462579713,Intel_Imut
2105495193919320289,2026-10-01T03:09:07.000Z,2,"Komisi III DPR Uji Kelayakan Suyudi sebagai Calon Kapolri

#KomisiIII #DPR #UjiKelayakan #Suyudi #Calon #Kapolri #Berita #Info

https://t.co/ekuuU1TTCr",2105495193919320289,,,in,,0,0,1,https://x.com/dms_ambon/status/2105495193919320289,421916203,dms_ambon
2105495089426715022,2026-10-01T03:08:42.000Z,0,"Alhamdulillah.
Akhirnya momen pergantian Kapolri akan terjadi. Kapolri terlama di era reformasi ini akhirnya AKAN diberhentikan!
Kapolri dg catatan rapor merah dan kontroversi terbanyak sepanjang sejarah negeri ini akhirnya harus tunduk pada usia dan penguasa baru.
#KapolriBaru https://t.co/EukVz96T8v",2105495089426715022,https://pbs.twimg.com/media/HTg4n4rbEAA3efA.jpg,,in,,0,0,0,https://x.com/wong_clayten/status/2105495089426715022,3139555602,wong_clayten
2105483131675639975,2026-10-01T03:08:37.000Z,5,@kumparan alhamdulillah.. setidaknya ada sedikit angin segar (ganti kapolri). kalo untuk kinerja dan sebagainya kita lihat lagi setahun ke depan bagaimana progresnya,2105495070942404661,,kumparan,in,,0,0,0,https://x.com/theluckiestboy/status/2105495070942404661,1075090106770309121,theluckiestboy
2105495070405505380,2026-10-01T03:08:37.000Z,75,"Baca di sini: https://t.co/QDdCT65ts9

Jenderal Listyo Sigit Prabowo sempat mendampingi Prabowo dan Gibran dalam upacara Hari Kesaktian Pancasila di Lubang Buaya, sebelum DPR mengumumkan proses pemberhentiannya sebagai Kapolri.

~IQ #Kapolri #ListyoSigit [2026100109463011] https://t.co/JvCcuLiYHe",2105495070405505380,https://pbs.twimg.com/media/HTg4lXKa4AALmnL.jpg,,in,,4,6,6,https://x.com/kompascom/status/2105495070405505380,23343960,kompascom
2105495044392468833,2026-10-01T03:08:31.000Z,71,"Tok! Komisi III DPR Setujui Suyudi Ario Seto Jadi Kapolri Gantikan Listyo Sigit
https://t.co/3di5VUVy6B",2105495044392468833,,,in,,2,0,20,https://x.com/geloraco/status/2105495044392468833,3319260420,geloraco
2105495015967584557,2026-10-01T03:08:24.000Z,0,"Anj kapolri diganti aowkaowk, Alhamdulillah",2105495015967584557,,,in,,0,0,0,https://x.com/Strve81_/status/2105495015967584557,1954950864424275970,Strve81_
2105494961747890345,2026-10-01T03:08:11.000Z,10,"BREAKING NEWS: Aklamasi, Komisi III Setujui Komjen Suyudi Jadi Kapolri Gantikan Listyo Sigit

Klik link untuk baca: https://t.co/lXkuxWr5VR

Komisi III DPR secara aklamasi menyetujui Komjen Suyudi Ario Seto sebagai Kapolri untuk menggantikan Jenderal (Pol) Listyo Sigit Prabowo.",2105494961747890345,,,in,,0,1,3,https://x.com/kompascom/status/2105494961747890345,23343960,kompascom
2105454134409453949,2026-10-01T03:08:09.000Z,0,@kafiradikalis @marSyaheedAS Pas banget momentumnya dgn digantinya Kapolri?,2105494953556418820,,kafiradikalis,in,,0,0,0,https://x.com/Satyalelana/status/2105494953556418820,2576954179,Satyalelana
2105494945473896913,2026-10-01T03:08:07.000Z,7,"*Presiden RI Prabowo Subianto resmi menerbitkan Surat Presiden (Surpres) Nomor R57/Pres/2026 tertanggal 30 September 2026 mengenai usulan pemberhentian Jenderal Listyo Sigit Prabowo dan penunjukan Kepala BNN Komjen Pol. Suyudi Ario Seto sebagai calon Kapolri baru.*

*Pimpinan DPR https://t.co/ivnk8Pt0sL",2105494945473896913,https://pbs.twimg.com/media/HTg4fVRakAASry7.jpg,,in,,0,1,6,https://x.com/albert_morafia/status/2105494945473896913,1406057947520593925,albert_morafia
2105494938406605310,2026-10-01T03:08:06.000Z,3,"Prabowo Tunjuk Suyudi Ario Seto Jadi Kapolri, Surat Sudah di DPR

Baca selengkapnya di:
https://t.co/GHEOh2Z1oG https://t.co/J21x1dSzu9",2105494938406605310,https://pbs.twimg.com/media/HTg4fDLaQAA87Cx.jpg,,in,,0,0,0,https://x.com/informasicom/status/2105494938406605310,1173853316511485952,informasicom
2105494895876350096,2026-10-01T03:07:56.000Z,1,Mudah2an menjadi Kapolri bagi seluruh rakyat Indonesia. Selamat untuk Mas Suyudi Ario Seto. https://t.co/WkqfBhhFuj,2105494895876350096,https://pbs.twimg.com/media/HTg4cdjbYAA9vDH.jpg,,in,,0,0,0,https://x.com/SKNewsID1/status/2105494895876350096,1006281691755786240,SKNewsID1
2105494872061096406,2026-10-01T03:07:50.000Z,0,"Prabowo Berhentikan Listyo Sigit, DPR Setujui Suyudi Jadi Kapolri https://t.co/hm62IvXI45",2105494872061096406,,,in,,0,0,0,https://x.com/rilpolitikcom/status/2105494872061096406,1654444745303945216,rilpolitikcom
2105494762723983850,2026-10-01T03:07:24.000Z,0,"Kapolri akhirnya diganti juga 😄

Ada yang bilang di podcast kalau Presiden tidak akan menurunkan jabatan sebelum waktunya. Nyatanya desakan untuk mengganti lebih besar daripada mempertahankan sampai akhir.",2105494762723983850,,,in,,0,0,0,https://x.com/RFA____/status/2105494762723983850,394568161,RFA____
2105494760609944059,2026-10-01T03:07:23.000Z,10,"Kapolri Listyo Sigit kabarnya bakal digantikan oleh Komjen Pol Suyudi.

Saat ini proses fit and proper test-nya masih berlangsung di Komisi III DPR RI, Kamis (1/10).

Katanya hari ini langsung disahkan, besoknya dilantik.

Gimana menurut kalian, guys? 👀 https://t.co/dGNKDUpdzC",2105494760609944059,https://pbs.twimg.com/media/HTg4TmZboAAdRMl.jpg,,in,,0,0,3,https://x.com/atokdalangs4/status/2105494760609944059,2059977246853705728,atokdalangs4
2105494677101396301,2026-10-01T03:07:03.000Z,1,"Komjen Suyudi Ario Seto menjalani uji kelayakan dan kepatutan atau fit and proper test sebagai calon Kapolri di Komisi III DPR RI Kamis, (1/10).

Setelah melalui proses tersebut, Komisi III DPR RI menyetujui Suyudi secara aklamasi sebagai calon Kapolri. Persetujuan diberikan https://t.co/mZOjEn1xXB",2105494677101396301,https://pbs.twimg.com/media/HTg4OmIaIAAt6nW.jpg,,in,,0,0,0,https://x.com/garudatvnews/status/2105494677101396301,502140136,garudatvnews
2105434515485446212,2026-10-01T03:06:37.000Z,1,"@hansssolo Kapolri besok ganti ya kak...

Biar refeshment kelamaan jg sih dikursinya",2105494567047110684,,hansssolo,in,,0,0,0,https://x.com/Nama_Twitku/status/2105494567047110684,1475033224724160513,Nama_Twitku
2105494563175743880,2026-10-01T03:06:36.000Z,2,"DPR menerima Surat Presiden (Surpres) terkait usulan pergantian Kepala Kepolisian Negara Republik Indonesia. Surat bernomor R57/Pres/09/2026 tertanggal 30 September 2026 itu menjadi dasar pembahasan di Badan Musyawarah DPR RI.

Hasil rapat menugaskan Komisi III DPR RI https://t.co/PKwflE9lHG",2105494563175743880,https://pbs.twimg.com/amplify_video_thumb/2105493690013847552/img/MNmApI5hrX9bF8mW.jpg,,in,,0,0,1,https://x.com/SINDOnews/status/2105494563175743880,231355136,SINDOnews
2105494539129753983,2026-10-01T03:06:30.000Z,1093,"Kapolri diganti.....
Genk Solo game over.... https://t.co/xudqHxTiGo",2105494539129753983,https://pbs.twimg.com/amplify_video_thumb/2105494495064461312/img/tSdi6t5aF85u2vKG.jpg,,in,,28,142,215,https://x.com/Bambangmulyonoo/status/2105494539129753983,1296312516901916672,Bambangmulyonoo
2105494512307192204,2026-10-01T03:06:24.000Z,36,"DPR Setujui Suyudi Ario Seto Jadi Kapolri Gantikan Listyo Sigit

https://t.co/l3KqiG6vqU",2105494512307192204,,,in,,1,1,11,https://x.com/liputan6dotcom/status/2105494512307192204,47596019,liputan6dotcom
2105494485056794757,2026-10-01T03:06:18.000Z,0,"Damn kapolri diganti....

Wapress beneran turun ini mah hahahaha",2105494485056794757,,,in,,0,0,0,https://x.com/RezaArinanda48/status/2105494485056794757,1402651353529286660,RezaArinanda48
2105494116108992851,2026-10-01T03:04:50.000Z,3,berarti ini postingan terakhir beliau as Kapolri?,2105494116108992851,,,in,,0,1,0,https://x.com/txtdarimaskael5/status/2105494116108992851,1604849394498514944,txtdarimaskael5
2105493957056819543,2026-10-01T03:04:12.000Z,118,"Baca di sini: https://t.co/MqWsxB2kIu 

Jenderal Listyo Sigit Prabowo sempat mendampingi Presiden Prabowo Subianto dan Wakil Presiden Gibran Rakabuming dalam peringatan Hari Kesaktian Pancasila di Lubang Buaya, Jakarta Timur, sebelum DPR mengumumkan proses pemberhentiannya dari https://t.co/lVQpjItOY7",2105493957056819543,https://pbs.twimg.com/amplify_video_thumb/2105493833450762240/img/Cb6ZLFphyGHQxvWE.jpg,,in,,4,23,32,https://x.com/kompascom/status/2105493957056819543,23343960,kompascom
2105184145915933013,2026-10-01T03:04:07.000Z,1,"@KiJagaNegara99 @Erie_Ganang @Arifiantonugro1 Gibran dicongkel, kapolri diganti. Benar2 pembantaian 30 september",2105493939235213626,,KiJagaNegara99,in,,0,0,0,https://x.com/bukan4non/status/2105493939235213626,2148752027,bukan4non
2105493883157438489,2026-10-01T03:03:54.000Z,1,"Pagii semoga Kapolri baru berpedoman ke Pancasila 
DPR sepakat Komjen Suyudi Ario Seto jadi Kapolri 

#TimnasDay 
#TIMNASDAY https://t.co/rwYvWgMZbh",2105493883157438489,https://pbs.twimg.com/media/HTg3hkmb0AAFkRZ.jpg,,in,,0,0,0,https://x.com/mans62528524/status/2105493883157438489,943149098957398021,mans62528524
2105493859115360420,2026-10-01T03:03:48.000Z,1,"Profil Komjen Suyudi Ario Seto, Calon Kapolri Usulan Prabowo https://t.co/uOaZCTIlCE",2105493859115360420,,,in,,0,0,0,https://x.com/Harian_Jogja/status/2105493859115360420,118371948,Harian_Jogja
2105493779470061685,2026-10-01T03:03:29.000Z,10,"Baca di sini: https://t.co/lXkuxWr5VR

Komisi III DPR secara aklamasi menyetujui Komjen Suyudi Ario Seto sebagai calon Kapolri pengganti Jenderal Listyo Sigit Prabowo setelah menjalani uji kelayakan dan kepatutan.

~IQ #KomjenSuyudi #Kapolri [2026100109584571] https://t.co/eK49b6raR4",2105493779470061685,https://pbs.twimg.com/media/HTg3bCObkAAV1YG.jpg,,in,,2,0,3,https://x.com/kompascom/status/2105493779470061685,23343960,kompascom
2105493770167079391,2026-10-01T03:03:27.000Z,0,"Surat Prabowo Diterima DPR RI, Berisi Nama Calon Kapolri Pengganti Jenderal Sigit https://t.co/phHGBIVRzO #Kapolri lewat @jpnncom",2105493770167079391,,,in,,0,0,0,https://x.com/FathraNazrul/status/2105493770167079391,100174047,FathraNazrul
2105493750038589561,2026-10-01T03:03:22.000Z,4,"NOTHING SURPRISE 😂😂

Suyudi memang sudah dipersiapkan Listyo Sigit untuk menjadi Tribrata 1 berikutnya 

KAPOLRI 🫡",2105493750038589561,,,in,,0,3,0,https://x.com/Marko_Omang/status/2105493750038589561,438814409,Marko_Omang
2105493624544952561,2026-10-01T03:02:52.000Z,0,BREAKING NEWS: Prabowo Kirim Surpres Pemberhentian Kapolri Jenderal Listyo Sigit https://t.co/KG7A5q5VIl,2105493624544952561,,,in,,0,0,0,https://x.com/Posperajogja1/status/2105493624544952561,1271711554275176449,Posperajogja1
2105493602692661623,2026-10-01T03:02:47.000Z,1,Breaking News : Komjen Pol. Suyudi Ario Seto calon tunggal Kapolri menggantikan Jenderal Listyo Sigit yang memasuki pensiun. https://t.co/NXnk87WmAB,2105493602692661623,https://pbs.twimg.com/media/HTg3RZIaoAEpcdr.jpg,,in,,0,0,0,https://x.com/Beckenbauer__/status/2105493602692661623,1315736336,Beckenbauer__
2105493548351299964,2026-10-01T03:02:34.000Z,0,BREAKING NEWS: Prabowo Kirim Surpres Pemberhentian Kapolri Jenderal Listyo Sigit https://t.co/qnpEMjpUlj,2105493548351299964,,,in,,0,0,0,https://x.com/Sandalj36861608/status/2105493548351299964,1274546959496306688,Sandalj36861608
2105484113524482542,2026-10-01T03:02:29.000Z,2,"@SPENTAMAINYU02 Kan gak bergantung ke satu faktor kapolri aja kan? 

Meskipun tiap pergantian ada tensi politik kekuasaannya, tapi dah perlu u/ regenerasi internal.🙏",2105493525639074274,,SPENTAMAINYU02,in,,0,0,0,https://x.com/eddesign_/status/2105493525639074274,325599485,eddesign_
2105493520316534985,2026-10-01T03:02:28.000Z,2,Komisi III DPR RI menggelar rapat uji kelayakan atau fit and proper test untuk Suyudi Ario Seto sebagai calon Kapolri. Adapun saat ini Suyudi menjabat sebagai Kepala Badan Narkotika Nasional (BNN). Rapat digelar di ruangan Komisi III DPR… www.​instagram.​com/reel/Dd75CMGp9b6/ https://t.co/ljkSJg8BiD,2105493520316534985,https://pbs.twimg.com/ext_tw_video_thumb/2105493315881951232/pu/img/WICfBK643N83lt13.jpg,,in,,0,1,0,https://x.com/Bisniscom/status/2105493520316534985,118646322,Bisniscom
2105493335964368924,2026-10-01T03:01:44.000Z,17,"Kabarnya bakal ada pergantian Kapolri ya gaes? 
Katanya listyo sigit mo diganti suyudi yang kepala BNN itu 🫣
Puas banget liat sigit lengser 🤣 https://t.co/BQneI7VT3b",2105493335964368924,https://pbs.twimg.com/media/HTg3Bz7agAAJwBc.jpg,,in,,1,13,10,https://x.com/Uniliswara0/status/2105493335964368924,2054833974577602560,Uniliswara0
2105493294008656327,2026-10-01T03:01:34.000Z,0,"DPR RI sudah menerima surat dari Presiden Prabowo terkait usulan pemberhentian Jenderal Listyo Sigit Prabowo dari jabatan Kapolri.

https://t.co/iWlLqxK8aU",2105493294008656327,,,in,,0,0,0,https://x.com/indozonemedia/status/2105493294008656327,350668803,indozonemedia
2105493284336595377,2026-10-01T03:01:31.000Z,0,"Akhirnya @ListyoSigitP tergantikan dengan Komjen Suyudi Ario Seto calon tunggal  sebagai Kapolri . 
Reformasi Polri dimulai. 

Profil Komjen Suyudi, Calon Kapolri yang Diusulkan Prabowo Gantikan Listyo Sigit

Klik untuk baca: https://t.co/aSdb2ilBDu",2105493284336595377,,,in,,0,0,0,https://x.com/imokle_/status/2105493284336595377,2080585293888212992,imokle_
2105492964898455837,2026-10-01T03:00:15.000Z,47,Komjen Suyudi Ario Seto disetujui komisi III DPR sebagai kapolri baru. Selamat! https://t.co/NUxOeyarMS,2105492964898455837,https://pbs.twimg.com/amplify_video_thumb/2105492909588115456/img/BXKPX8mLOj05_0t4.jpg,,in,,4,4,10,https://x.com/panca66/status/2105492964898455837,82042655,panca66
2105492795314286686,2026-10-01T02:59:35.000Z,0,Kapolri diganti ya,2105492795314286686,,,in,,0,1,0,https://x.com/budhihermanto/status/2105492795314286686,83831657,budhihermanto
2105492764872053027,2026-10-01T02:59:27.000Z,0,"Profil dan Jejak Rekam Komjen Suyudi, Calon Kapolri Pengganti Listyo Sigit yang Diusulkan Presiden Prabowo
 
https://t.co/gnor1CLpn4 lewat @tribunnews",2105492764872053027,,,in,,0,0,0,https://x.com/banjarmasinpost/status/2105492764872053027,65639033,banjarmasinpost
2105492738351530484,2026-10-01T02:59:21.000Z,226,"Baca di sini: https://t.co/HFSw3I6qPh

Presiden Prabowo Subianto mengirim Surpres kepada DPR terkait pergantian Kapolri Listyo Sigit Prabowo, dengan Komjen Suyudi Ario Seto diusulkan sebagai calon Kapolri untuk menjalani uji kelayakan di DPR.

~IQ #Kapolri #Prabowo https://t.co/qUJmGnnoQb",2105492738351530484,https://pbs.twimg.com/media/HTg2c2HasAAMDMC.jpg,,in,,20,29,58,https://x.com/kompascom/status/2105492738351530484,23343960,kompascom
2105492591366279558,2026-10-01T02:58:46.000Z,10,"Presiden Prabowo Subianto resmi mengajukan Kepala BNN, Komjen Pol. Suyudi Ario Seto, sebagai calon Kapolri untuk menggantikan Jenderal Listyo Sigit Prabowo.

​Usulan ini tertuang dalam Surat Presiden (Surpres) yang dikirimkan ke DPR RI. Menindaklanjuti hal tersebut, Komisi III https://t.co/LSHD1b0rGt",2105492591366279558,https://pbs.twimg.com/media/HTg2VUubcAAU4L7.jpg,,in,,0,3,0,https://x.com/RadioElshinta/status/2105492591366279558,121640063,RadioElshinta
2105491089847398732,2026-10-01T02:52:48.000Z,5,"Jejak Karier Suyudi Ario Seto, dari Reserse hingga Calon Kapolri

https://t.co/rzgVVc7KIs",2105491089847398732,,,in,,0,0,1,https://x.com/liputan6dotcom/status/2105491089847398732,47596019,liputan6dotcom
2105491028581265703,2026-10-01T02:52:34.000Z,0,"Komjen Suyudi Ario Seto Jalani Uji Kelayakan Calon Kapolri di DPR, Berikut Rekam Jejaknya
 
https://t.co/ntycZb3cSK lewat @tribunnews",2105491028581265703,,,in,,0,0,0,https://x.com/tribunmedan/status/2105491028581265703,142305302,tribunmedan
2105484055114584257,2026-10-01T02:52:25.000Z,2,"Petinggi Reserse &amp; Kewilayahan Tinggi:

-​Direktur Reserse Kriminal Umum (Dirreskrimum) Polda Metro Jaya (2019) – aktif membongkar berbagai kasus kriminal besar

-​Wadirtipideksus dan Wadirtipidsiber Bareskrim Polri

-​Wakapolda Metro Jaya

-​Kapolda Banten (2024–2025)

-​Kepala",2105490992245952866,,ruanglupa,in,,0,0,0,https://x.com/ruanglupa/status/2105490992245952866,2047276427901386752,ruanglupa
2105490957928144942,2026-10-01T02:52:17.000Z,4,"Semoga Tidak Terkontaminasi kepentingan Jokowi 

Agar masalah Ijazah Palsu, Terang Benderang dan diungkap ke Publik
tanpa intervensi Kapolri 

@KomisiIII
@habiburokhman

https://t.co/u77CPNlaLG https://t.co/t8ZSwLcut2",2105490957928144942,https://pbs.twimg.com/media/HTg03XfaMAAywgm.jpg,,in,,1,2,1,https://x.com/jawir69/status/2105490957928144942,174193809,jawir69
2105490934196801573,2026-10-01T02:52:11.000Z,688,"SAH

Komisi III DPR RI menyetujui secara aklamasi Komjen Suyudi sebagai KAPOLRI periode 2026-2029. https://t.co/zMXOVHPWFW",2105490934196801573,https://pbs.twimg.com/amplify_video_thumb/2105490780941099009/img/ngQpo1hCg6g1W2jV.jpg,,in,,13,38,79,https://x.com/pw_gun/status/2105490934196801573,825756199,pw_gun
2105490837476151612,2026-10-01T02:51:48.000Z,5,"Presiden Prabowo Subianto mengirimkan surat ke Dewan Perwakilan Rakyat (DPR) terkait usulan pemberhentian Listyo Sigit Prabowo dari jabatan Kapolri pada 30 September 2026. Dalam surat tersebut, Prabowo mengusulkan Komjen Pol. Suyudi.

Simak selengkapnya: https://t.co/HH7qNJCSgX https://t.co/Jpi2m5cBYg",2105490837476151612,https://pbs.twimg.com/media/HTg0tqAbgAAzt8j.jpg,,in,,0,0,1,https://x.com/BloombergTZ/status/2105490837476151612,1582972008479920129,BloombergTZ
2105490835202867459,2026-10-01T02:51:47.000Z,0,Tbtb banget Kapolri dicopot wkwk,2105490835202867459,,,in,,0,0,0,https://x.com/iendinink/status/2105490835202867459,1534046346281644033,iendinink
2105466294133035156,2026-10-01T02:51:20.000Z,0,@ListyoSigitP Selamat memasuki purna tugas pak.. sbg kapolri..,2105490721532997896,,ListyoSigitP,in,,0,0,0,https://x.com/rzky1982/status/2105490721532997896,1935535065943207936,rzky1982
2105490687445848145,2026-10-01T02:51:12.000Z,52,"Setahun yang lalu:

https://t.co/80NiVLE7xH",2105490687445848145,,,in,,0,0,18,https://x.com/husseinAMD/status/2105490687445848145,100983559,husseinAMD
2105490585318752457,2026-10-01T02:50:48.000Z,0,"Ganti kapolri 
Ini menarik nih bakal banyak yang panik",2105490585318752457,,,in,,0,0,0,https://x.com/rwyndo90/status/2105490585318752457,1959865448625065984,rwyndo90
2105490465403662582,2026-10-01T02:50:19.000Z,4299,"BREAKING NEWS
prabowo kirim surpres ke dpr pemberhentian kapolri jenderal listyo sigit https://t.co/QCjsB5k5Zj",2105490465403662582,https://pbs.twimg.com/media/HTg0S-OawAAA2G8.png,,in,,202,200,347,https://x.com/LambeSahamjja/status/2105490465403662582,1772323119111487490,LambeSahamjja
2105490338026790999,2026-10-01T02:49:49.000Z,37,Penggantinya sesuai prediksi.. Kapolri Listyo Sigit akhirnya diganti Sujudi.. https://t.co/cuz64ix5mP,2105490338026790999,https://pbs.twimg.com/media/HTg0TTTakAApMdy.jpg,,in,,0,6,4,https://x.com/PaltiHutabarat/status/2105490338026790999,214159664,PaltiHutabarat
2105490299623719190,2026-10-01T02:49:40.000Z,0,Wow kapolri mau diganti. 😦,2105490299623719190,,,in,,0,0,0,https://x.com/travisdump_/status/2105490299623719190,1421038616399073280,travisdump_
2105490280174739806,2026-10-01T02:49:35.000Z,0,"Pergantian KAPOLRI adalah angin segar .
Semoga sebelum viral Polisi lebih tanggap 👍",2105490280174739806,,,in,,0,0,0,https://x.com/senyuuumdoong/status/2105490280174739806,3334646472,senyuuumdoong
2105490263762501912,2026-10-01T02:49:31.000Z,683,"Baca di sini: https://t.co/4ldL70F4Wo 

Presiden Prabowo Subianto mengirim Surat Presiden (Surpres) kepada DPR untuk memberhentikan Kapolri Jenderal Listyo Sigit Prabowo.

~KR #SuratPresiden #Prabowo [2026100109175251] https://t.co/n9v9tWb3Ge",2105490263762501912,https://pbs.twimg.com/amplify_video_thumb/2105490165913563136/img/5QIJ-nEUM0WMXuNn.jpg,,in,,94,187,164,https://x.com/kompascom/status/2105490263762501912,23343960,kompascom
2105490182866952386,2026-10-01T02:49:12.000Z,0,"Kapolri ini kayanya orang terakhir dari perwakilan Solo. Bisa jadi si Wowo lagi bersih2 orang2nya Wiwi.

Jangan2 putusan MK nanti jadi puncaknya 🤔",2105490182866952386,,,in,,0,0,0,https://x.com/trimujokobayu/status/2105490182866952386,168693439,trimujokobayu
2105489874807562578,2026-10-01T02:47:58.000Z,0,Akhirnya kapolri segera diganti!,2105489874807562578,,,in,,0,0,0,https://x.com/machineheadz/status/2105489874807562578,821851706,machineheadz
2105489710030426227,2026-10-01T02:47:19.000Z,40,"ya kemarin menang gacor banget bnn. . . setahun ungkap ber ton ton narkoba. 

• selamat bertugas pak Kapolri yang baru 👍 https://t.co/E7Qekhq5GG",2105489710030426227,https://pbs.twimg.com/media/HTgzuQvaQAAT5UU.jpg,,in,,1,4,3,https://x.com/Sebelahkampus/status/2105489710030426227,1901591046,Sebelahkampus
2105489630611267635,2026-10-01T02:47:00.000Z,10,"Presiden RI Prabowo Subianto resmi menerbitkan Surat Presiden (Surpres) Nomor R57/Pres/2026 tertanggal 30 September 2026 mengenai usulan pemberhentian Jenderal Listyo Sigit Prabowo dan penunjukan Kepala BNN Komjen Pol. Suyudi Ario Seto sebagai calon Kapolri baru.

Pimpinan DPR RI https://t.co/IbktIDzeAm",2105489630611267635,https://pbs.twimg.com/media/HTgzptkaIAAR1Sj.jpg,,in,,0,0,3,https://x.com/Metro_TV/status/2105489630611267635,57261519,Metro_TV
2105489571291320677,2026-10-01T02:46:46.000Z,0,Wahh kapolri dicopotttt,2105489571291320677,,,in,,0,0,0,https://x.com/stoichiometryyy/status/2105489571291320677,1045518509831122945,stoichiometryyy
2105489528706470301,2026-10-01T02:46:36.000Z,0,"#SuyudiArioSeto bagaimana kebebasan bersuara, berserikat dan berdemonstrasi akan dijamin ketika kewenangan penegakan hukum berada di tangannya sebagai Kapolri?
@DPR_RI",2105489528706470301,,,in,,0,0,0,https://x.com/SandiMataram/status/2105489528706470301,1758077753809907712,SandiMataram
2105489287949226149,2026-10-01T02:45:39.000Z,0,Presiden Prabowo Kirim Surat Usulan Pergantian Kapolri Ke DPR https://t.co/r5htDUcFZj lewat @Koran Bogor,2105489287949226149,,,in,,0,0,0,https://x.com/martinusnussah/status/2105489287949226149,97858954,martinusnussah
2105488997724438708,2026-10-01T02:44:29.000Z,0,"CALON KAPOLRI &amp; UJIAN DEMOKRASI

Suyudi Ario Seto pernah memimpin Reskrimum Polda Metro Jaya saat Ananda Badudu ditangkap dan Dandhy Laksono diproses hukum, tindakan mengancam kebebasan berpendapat.
#AncamanDemokrasi
@DPR_RI",2105488997724438708,,,in,,0,0,0,https://x.com/SandiMataram/status/2105488997724438708,1758077753809907712,SandiMataram
2105488950622347716,2026-10-01T02:44:18.000Z,27,"BREAKING NEWS: Prabowo Kirim Surpres Pemberhentian Kapolri Jenderal Listyo Sigit

Klik link untuk baca: https://t.co/HFSw3I6qPh

Presiden Prabowo Subianto mengirim Surat Presiden (Surpres) kepada DPR untuk memberhentikan Kapolri Jenderal Listyo Sigit Prabowo.

""Pagi ini pimpinan",2105488950622347716,,,in,,4,2,12,https://x.com/kompascom/status/2105488950622347716,23343960,kompascom
2105488681406792145,2026-10-01T02:43:14.000Z,0,Kapolri ganti?,2105488681406792145,,,in,,0,0,0,https://x.com/bintang_muh/status/2105488681406792145,67315202,bintang_muh
2105488677392773522,2026-10-01T02:43:13.000Z,24,"Komisi III DPR RI hari ini, Kamis (1/10/2026), menggelar uji kelayakan dan kepatutan (fit and proper test) terhadap calon Kepala Kepolisian Republik Indonesia (Kapolri), Komjen Pol. Suyudi Ario Seto.

​Uji kelayakan ini dipimpin langsung oleh Ketua Komisi III DPR RI, https://t.co/TnGEecJGEt",2105488677392773522,https://pbs.twimg.com/amplify_video_thumb/2105488438690713600/img/gE4tcZYUEEoC690M.jpg,,in,,0,0,4,https://x.com/RadioElshinta/status/2105488677392773522,121640063,RadioElshinta
2105488486736539796,2026-10-01T02:42:27.000Z,0,"Habiburokhman mengatakan pimpinan DPR RI menerima surat dari Presiden Republik Indonesia Prabowo Subianto mengenai usulan pemberhentian dan pengangkatan jabatan Kapolri pada 30 September 2026.

Baca selengkapnya 
https://t.co/5SahhLd5tf https://t.co/VJYez93Cw2",2105488486736539796,https://pbs.twimg.com/media/HTgyne-bYAArWb2.jpg,,in,,0,0,0,https://x.com/antaranews/status/2105488486736539796,18071520,antaranews
2105487974146461745,2026-10-01T02:40:25.000Z,21,"Ketua Komisi III DPR, Habiburokhman, mengumumkan dalam konferensi pers di ruang komisi III DPR RI pada Kamis (1/10) bahwa Presiden Prabowo Subianto telah mengirimkan Surat Presiden (Surpres) mengenai pergantian Kapolri. Calon yang diusulkan adalah Kepala BNN, Komjen Pol Suyudi https://t.co/20Mdht9ilc",2105487974146461745,https://pbs.twimg.com/media/HTgx8EhbYAEb3xg.jpg,,in,,4,4,6,https://x.com/Metro_TV/status/2105487974146461745,57261519,Metro_TV
2105487904462217319,2026-10-01T02:40:09.000Z,29,"Prabowo Usulkan Suyudi Ario Seto Jadi Calon Kapolri Gantikan Listyo Sigit

https://t.co/0hBWc1szN8",2105487904462217319,,,in,,1,14,4,https://x.com/liputan6dotcom/status/2105487904462217319,47596019,liputan6dotcom
2105474276115759377,2026-10-01T02:38:58.000Z,2,"@DianSandiU @gibran_tweet Bener gak tuh kapolri mau diganti, mantap nih genk solo mau dibredel ama prabowo.",2105487607753027720,,DianSandiU,in,,0,0,0,https://x.com/Congor_jok/status/2105487607753027720,1354677705724186625,Congor_jok
2105487442585465045,2026-10-01T02:38:19.000Z,233,"BREAKING ‼️

Kepala BNN Komjen Suyudi CALON KAPOLRI

Suyudi sudah mendapat dukungan dari Presiden Prabowo. https://t.co/FVSOEoiO5g",2105487442585465045,https://pbs.twimg.com/media/HTgxqqzbsAEw0T2.jpg,,in,,10,9,40,https://x.com/pw_gun/status/2105487442585465045,825756199,pw_gun
2105487423811797166,2026-10-01T02:38:14.000Z,39,"Komjen Pol Suyudi Ario Seto tiba di Kompleks Parlemen, Senayan, Kamis (1/10). Suyudi mengikuti fit and proper test calon Kapolri di Komisi III DPR.

Sebelumnya, Presiden Prabowo Subianto telah menyerahkan Surpres berisi pergantian nama Kapolri ke Komisi III. Adapun nama yang https://t.co/Cs0eLhx8PY",2105487423811797166,https://pbs.twimg.com/amplify_video_thumb/2105487226704703488/img/41REzD1YN9Lew_D6.jpg,,in,,1,1,12,https://x.com/kumparan/status/2105487423811797166,759692754985242625,kumparan
2105487349341982887,2026-10-01T02:37:56.000Z,11,Fit and Proper Test Calon Kapolri Komjen Pol. Suyudi Ario Seto. https://t.co/y213SLbB83,2105487349341982887,https://pbs.twimg.com/media/HTgxlR6bgAAxXKP.jpg,,in,,0,1,1,https://x.com/PutraMataSatu/status/2105487349341982887,1432880079843987459,PutraMataSatu
2105484113524482542,2026-10-01T02:36:59.000Z,10,"Sebelumnya, pada September 2025, namanya sempat viral setelah beredar rumor di media sosial bahwa ia masuk dlm bursa calon Kapolri u/ menggantikan Jend. Listyo Sigit. Mencuat sesaat setelah ia resmi dilantik sbg Kepala BNN dan pangkatnya naik dari Irjen mjd Komjen (Bintang 3) spt",2105487110409216153,,eddesign_,in,,0,0,2,https://x.com/eddesign_/status/2105487110409216153,325599485,eddesign_
2105487043216425308,2026-10-01T02:36:43.000Z,792,"Selamat untuk Kepolisian Negara Republik Indonesia memiliki Kapolri baru dengan rekam jejak Integritas dan Profesional yg baik. Komjen Suyudi AS, Pilihan terbaik Presiden Prabowo. Semoga Polri semakin dicintai rakyat yg Melindungi, Mengayomi serta Melayani Rakyat. Majulah POLRI. https://t.co/mAI1CyKkRn",2105487043216425308,https://pbs.twimg.com/media/HTgxTfGbQAEafYp.jpg,,in,,21,102,607,https://x.com/yuddychrisnandi/status/2105487043216425308,85596149,yuddychrisnandi
2105486910991048942,2026-10-01T02:36:12.000Z,1,"Presiden Prabowo mengusulkan Komjen Suyudi Ario Seto sebagai calon Kapolri untuk menggantikan Jenderal Listyo Sigit Prabowo.

Usulan tersebut menjadi bagian dari proses pergantian Kepala Kepolisian Negara Republik Indonesia (Kapolri). Selanjutnya, nama Komjen Suyudi akan https://t.co/o2nPVPXxXX",2105486910991048942,https://pbs.twimg.com/media/HTgxLuWaMAA6S9h.jpg,,in,,0,0,0,https://x.com/garudatvnews/status/2105486910991048942,502140136,garudatvnews
2105486853885612531,2026-10-01T02:35:58.000Z,0,"BREAKING NEWS: Prabowo Kirim Surpres Pemberhentian Kapolri Jenderal Listyo Sigit

Klik untuk baca: https://t.co/bZYxFzEf6Z",2105486853885612531,,,in,,0,0,1,https://x.com/payyahbisnk/status/2105486853885612531,1950341508835483648,payyahbisnk
2105486377832141069,2026-10-01T02:34:05.000Z,61,Reshuffle lagi... Kepala BNN Suyudi Ario Seto dicalonkan jadi Kapolri Baru...!!!,2105486377832141069,,,in,,0,6,3,https://x.com/TheEconopost/status/2105486377832141069,990656393496547328,TheEconopost
2105485928890552499,2026-10-01T02:32:18.000Z,0,Calon Kapolri nih.. https://t.co/LzZ5kb8KyI,2105485928890552499,https://pbs.twimg.com/media/HTgwS2NaoAA7mxZ.jpg,,in,,0,1,0,https://x.com/Kevin_Imut123/status/2105485928890552499,1737715800218484737,Kevin_Imut123
2105485867599212982,2026-10-01T02:32:03.000Z,0,"Gibran semakin dekat dimakzulkan dengan ijazah, Kapolri Listyo selangkah lagi diganti. 1 Oktober yang darderdor🤯",2105485867599212982,,,in,,0,0,0,https://x.com/Ezyyfootball/status/2105485867599212982,2050925862736822272,Ezyyfootball
2105327044418752564,2026-09-30T16:00:57.000Z,0,"Sambut 6.027 Mahasiswa Baru, PKKMB UMSU 2026 Hadirkan Ketum PP Muhammadiyah, Kapolri dan Gubsu https://t.co/eQC300nG7c",2105327044418752564,,,in,,0,0,0,https://x.com/tajdid_id/status/2105327044418752564,1152587089227026434,tajdid_id
2105320571202576735,2026-09-30T15:35:13.000Z,0,"Optimalkan Harkamtibmas, Personel Polsek Bebandem Gelar Patroli Barcode Menyasar Sekolah dan Objek Vital 
​Menindaklanjuti Commander Wish Kapolri dan arahan Kapolres Karangasem dalam rangka Pemantapan Harkamtibmas, Polsek Bebandem terus mengintensifkan Kegiatan Rutin https://t.co/SOQwpqFKVc",2105320571202576735,https://pbs.twimg.com/media/HTeZythaUAA7uql.jpg,,in,,0,0,0,https://x.com/PBebandem/status/2105320571202576735,1250737558935363589,PBebandem
2105319540112715998,2026-09-30T15:31:07.000Z,0,"Jaga Kondusifitas Wilayah, Polsek Bebandem Gelar Patroli Dialogis KRYD Sambangi Pemukiman Warga dan Objek Vital
​Menindaklanjuti Commander Wish Kapolri dan arahan Kapolres Karangasem dalam mewujudkan Pemantapan Harkamtibmas, personel Polsek Bebandem menggelar Kegiatan Rutin https://t.co/Pm9EBZ7Fnd",2105319540112715998,https://pbs.twimg.com/media/HTeY6zoakAAM1wq.jpg,,in,,0,0,0,https://x.com/PBebandem/status/2105319540112715998,1250737558935363589,PBebandem
2105183559149641773,2026-09-30T15:29:21.000Z,0,"@ejaaipongg Intinya semua yang kerja di kapolri itu adalah orang orang bodoh yang teramat bodoh, mereka menganggap semua yang berakhir tabrakan adalah tersangka tanpa kecuali.",2105319092387541339,,ejaaipongg,in,,0,0,0,https://x.com/zulfikar_k360ib/status/2105319092387541339,1311843980636643328,zulfikar_k360ib
2105318498562187733,2026-09-30T15:26:59.000Z,0,"Ngaji Kebangsaan Bersama Gus Baha, Kapolri Tekankan Keimanan sebagai Landasan Pengabdian kepada Masyarakat https://t.co/poFSYPnTJk https://t.co/KarQ3pRKmS",2105318498562187733,https://pbs.twimg.com/media/HTeYAZyb0AAfEVH.jpg,,in,,0,0,0,https://x.com/IndonesiaIbi/status/2105318498562187733,1030020807433453568,IndonesiaIbi
2105288490619633896,2026-09-30T14:03:20.000Z,0,@indepenSumatera kapolri terlama itu menjabat,2105297445207064935,,indepenSumatera,in,,0,0,0,https://x.com/avocvddlee/status/2105297445207064935,1703111617045831680,avocvddlee
2105293605464412465,2026-09-30T13:48:04.000Z,4,"korupsi tidak akan pernah selesai di konoha, sekalipun malaikat yg jadi ketua KPK, jaksa agung, dan kapolri. mau dikejar sampai neraka pun sdh dikuasai koruptor.
apa yg rakyat mau harapkan kalau kualitas pembuat UU dan pengawas pemerintahnya satu server dgn koruptor²nya, membela",2105293605464412465,,,in,,0,0,0,https://x.com/temanduit/status/2105293605464412465,1299521463150542849,temanduit
2105272015427158270,2026-09-30T12:22:17.000Z,0,https://t.co/6WhjfnHVkz,2105272015427158270,,,zxx,,0,0,0,https://x.com/Polsek_Natal89/status/2105272015427158270,1587325273745551360,Polsek_Natal89
2105266667580489799,2026-09-30T12:01:02.000Z,3,"guys lu pada tau gak nih
polri alias kepolisian akan jadi agen perlinsos digital sampai ke pedesaan

yang ngajak itu kemensos alias kementerian sosial sama den alias dewan ekonomi nasional

menteri sosial gus ipul sama ketua kptdp luhut binsar pandjaitan dateng langsung ke mabes https://t.co/Drz7oNQrhv",2105266667580489799,https://pbs.twimg.com/media/HTdovVVagAAlidi.png,,in,,1,1,0,https://x.com/LambeSahamjja/status/2105266667580489799,1772323119111487490,LambeSahamjja
2105263422686265617,2026-09-30T11:48:08.000Z,0,"Mempersiapkan generasi muda yang unggul dan berkarakter menuju Indonesia Emas 2045!

Kapolri hadir memberikan kuliah umum dalam acara PKKMB Universitas Muhammadiyah Sumatera Utara (UMSU) 2026 di hadapan 6.027 mahasiswa baru. https://t.co/Iuxn8qrodY",2105263422686265617,https://pbs.twimg.com/amplify_video_thumb/2105263000164683776/img/WP7xHPwNyWGcVXre.jpg,,in,,0,0,0,https://x.com/polisipusat/status/2105263422686265617,2057013982205247488,polisipusat
2105256742968009078,2026-09-30T11:21:35.000Z,0,kapolri kapan ?,2105256742968009078,,,in,,0,0,0,https://x.com/deBUGsy/status/2105256742968009078,213626100,deBUGsy
2105256125918851146,2026-09-30T11:19:08.000Z,0,"Yth. Bpk Presiden @prabowo
Yth. Bpk Kapolri @ListyoSigitP
PETI merajalela terkhusus di Sungai Katingan Lihat video Dii! #TikTok https://t.co/Dtl8Kb4yon",2105256125918851146,,,in,,0,0,0,https://x.com/LinoTahir3/status/2105256125918851146,1607520922931691520,LinoTahir3
2105243183810818556,2026-09-30T10:27:43.000Z,2,"Kapolda Lampung Irjen Pol. Helfi Assegaf, S.I.K., M.H., bersama Wakapolda Lampung Brigjen Pol. Drs. Sumarto, https://t.co/LEnOje90f8., Irwasda, PJU Polda Lampung, dan Kapolres jajaran mengikuti arahan Kapolri melalui video conference di Ruang Vicon Polda Lampung, Rabu https://t.co/KkpLYb4J2o",2105243183810818556,https://pbs.twimg.com/media/HTdTgwpa8AAzMoi.jpg,,in,,0,0,1,https://x.com/humaspoldalpg/status/2105243183810818556,843124411,humaspoldalpg
2104866976354951602,2026-09-30T10:12:55.000Z,0,@kenhans03 kayknya ini tidak akan bisa diatasi kalau bukan oleh Kapolri sendiri yg turun tangan.,2105239461764411685,,kenhans03,in,,0,0,0,https://x.com/wrahardian2/status/2105239461764411685,3248886918,wrahardian2
2105232655377994093,2026-09-30T09:45:53.000Z,8,"Eng ing eengg!!

Kapolri listyo bakal diganti?? https://t.co/7jB5ErkFvu",2105232655377994093,https://pbs.twimg.com/amplify_video_thumb/2105232619764109312/img/VTyfUVsbNgPh07Qy.jpg,,in,,0,3,0,https://x.com/djoniecash2/status/2105232655377994093,1210505846553079808,djoniecash2
2105111914544308503,2026-09-30T08:50:39.000Z,0,"@SETYAKI22965702 kalo g ada masalah...
trus siapa yg bs perintah/kendalikan kapolri?
😷😷😷😷😷😷",2105218757694271943,,SETYAKI22965702,in,,0,0,0,https://x.com/WAHIDFD1/status/2105218757694271943,1332825879227994112,WAHIDFD1
2105210568571494566,2026-09-30T08:18:07.000Z,0,Polres Metro Tangerang Kota mengikuti Arahan Kapolri bersama Menteri Sosial RI dan Ketua Komite Percepatan Transformasi Digital Pemerintah melalui Zoom Meeting. Kegiatan berlangsung di Ruang Rapat Lt. 6 dan diikuti PJU Polres serta Kapolsek jajaran. https://t.co/rNkVw01RAg,2105210568571494566,https://pbs.twimg.com/media/HTc1zfMaoAAxCIy.jpg,,in,,0,0,0,https://x.com/restrotangkot/status/2105210568571494566,4722542119,restrotangkot
2105206711615176936,2026-09-30T08:02:47.000Z,53,Kalau saya Kapolri Malu bangt rasanya 😔,2105206711615176936,,,in,,1,3,39,https://x.com/IbrahimAzzaini/status/2105206711615176936,1069779728578437121,IbrahimAzzaini
2105200051958218783,2026-09-30T07:36:19.000Z,0,"Gus Baha di Depan Kapolri: Semua Harus Tobat, Jangan Saling Menyalahkan dlvr.​it/TVjHH6 https://t.co/JMsYRoJCMv",2105200051958218783,https://pbs.twimg.com/media/HTcsSrAagAAXxuM.jpg,,in,,0,0,0,https://x.com/Riau24Com/status/2105200051958218783,788744100,Riau24Com
2105195881201025039,2026-09-30T07:19:45.000Z,0,"ARAHAN KAPOLRI DALAM RANGKA SOSIALISASI PROGRAM PERLINDUNGAN SOSIAL

Polda Bali mengikuti arahan Kapolri dalam rangka sosialisasi Program Perlindungan Sosial yang disampaikan oleh Menteri Sosial RI dan Ketua Komite Percepatan Transformasi Digital melalui Zoom Meeting. https://t.co/7QfAKduKIv",2105195881201025039,https://pbs.twimg.com/media/HTcofiRakAA3sVg.jpg,,in,,0,0,0,https://x.com/Birosdmbali/status/2105195881201025039,1645961683792457728,Birosdmbali
2104895827688989018,2026-09-29T11:27:27.000Z,11,"Tim Terjun Payung Polri yang memperkuat Tim Nasional Indonesia berhasil meraih satu medali emas dan dua medali perak pada 2nd FAI Asian Indoor Skydiving Championships 2026. Kegiatan  yang berlangsung 17 hingga 20 September 2026 di Gedung Soemardhi Simulator Terjun Payung, Wind https://t.co/5wOeqo0OPF",2104895827688989018,https://pbs.twimg.com/media/HTYXl4ybkAA44c7.jpg,,in,,0,33,0,https://x.com/DivHumas_Polri/status/2104895827688989018,138290629,DivHumas_Polri
2104765037122670991,2026-09-29T11:09:50.000Z,1,"@tham878 Gibran gak Punya APBN , tapi yg ngangkat Kapolri , Panglima TNI , Kejagung , Pimpinan KPK , KPU bawaslu .mendagri  bapaknya Gibran , sama Preside Prabowo belum di ganti .....",2104891396654260369,,tham878,in,,0,0,0,https://x.com/wiro45328/status/2104891396654260369,1977203847753084928,wiro45328
2104883973923176599,2026-09-29T10:40:22.000Z,0,"Dengan Hormat
Hatur Terimakasih Untuk Jajaran Kepolisian Republik Indonesia KAPOLRI Serta Dharma Wanita POLRI Diseluruh Nusa Dan Bangsa 
( NKRI).
UNTUK KAPOLRI. 
HORMAT.",2104883980780831051,,GinIndrayati,in,,0,0,0,https://x.com/GinIndrayati/status/2104883980780831051,1591284430378741760,GinIndrayati
2104883901235855622,2026-09-29T10:40:03.000Z,0,"Jelang Muktamar 2027, Muhammadiyah Minta Dukungan Kapolri https://t.co/37MBqie5Sj",2104883901235855622,,,in,,0,0,0,https://x.com/abadikinicom/status/2104883901235855622,1554019722,abadikinicom
2104882017171316944,2026-09-29T10:32:34.000Z,1,"Satu Klik, Sejuta Dampak: Kapolri Dorong Pemuda Bijak dan Produktif di Era Digital

MEDAN, 28 September 2026 — “Satu Klik, Sejuta Dampak” menjadi tema Pengenalan Kehidupan Kampus bagi Mahasiswa Baru (PKKMB) Universitas Muhammadiyah Sumatera Utara (UMSU) 2026. Tema tersebut sejala https://t.co/jaQsGN8Aqr",2104882017171316944,https://pbs.twimg.com/media/HTYLCaaaQAAX9qf.jpg,,in,,0,0,0,https://x.com/PoldaSdm1871/status/2104882017171316944,1786913209921990656,PoldaSdm1871
2104872225429975082,2026-09-29T09:53:39.000Z,68,"Kapolri sudah memberikan kode, Ngaji Kebangsaan kemarin bersama Gus Baha. 
Untuk oknum2 Polri yg ingin belajar agama, ya dari Ulama2 yg bener macam Gus Baha, yg sanad keilmuannya jelas, yg jelas2 mencintai Indonesia, yg moderat. 
Jangan malah belajar agama sama klp Wahabi Salafi https://t.co/YsiV8zbqbA",2104872225429975082,https://pbs.twimg.com/amplify_video_thumb/2104872173823488000/img/fFo2CL1hhesuyhMz.jpg,,in,,2,18,9,https://x.com/gagal_hijrah/status/2104872225429975082,1403707522595180553,gagal_hijrah
2104872201396887918,2026-09-29T09:53:34.000Z,0,"Kapolri Minta Jajaran Kembangkan Potensi Pangan Lokal untuk Pasokan MBG

https://t.co/UO2pmecRSL https://t.co/Fo8QpuaU5J",2104872201396887918,https://pbs.twimg.com/media/HTYCDmObMAADb4L.jpg,,in,,0,0,0,https://x.com/sinpotv/status/2104872201396887918,1012174601055449088,sinpotv
2104867466967228731,2026-09-29T09:34:58.000Z,6,"Kapolri Listyo Sigit Prabowo juga ngingetin, tantangan bangsa ini makin kompleks. Persatuan harga mati! Perbedaan itu karakter kita, harus dikelola biar gak jadi konflik yang rugiin rakyat &amp; negara. Jadi, jangan gampang kepancing narasi perpecahan https://t.co/kmNsTw0enI",2104867523040858612,https://pbs.twimg.com/media/HTX92hlbQAASOn-.jpg,chanzyeolk,in,,0,1,0,https://x.com/chanzyeolk/status/2104867523040858612,1327925913258868738,chanzyeolk
2104803287048569255,2026-09-29T09:31:47.000Z,0,@DivHumas_Polri Mantap Kapolri ngajarin kita pinter dan aman digital,2104866721765228945,,DivHumas_Polri,in,,0,0,0,https://x.com/kingrafrod/status/2104866721765228945,1943603310688428032,kingrafrod
2104855120496439779,2026-09-29T08:45:56.000Z,0,"7/ Sekali lagi ya pak @ListyoSigitP, Saya bukan pelapor dadakan.

Melalui SP4N LAPOR terkait Institusi Polri telah delapan kali saya tulis sejak 2024.

Melalui Dumas Presisi: Pengaduan pertama STTLPM 214 ditutup dalam waktu 19 jam dengan ‘Tidak Berkadar Was.’
Lalu pengaduan atas https://t.co/LBQVk82Jrn",2104855183411048687,https://pbs.twimg.com/media/HTXx9b3aMAAwvef.jpg,Do_ttie,in,,0,1,0,https://x.com/Do_ttie/status/2104855183411048687,182744497,Do_ttie
2104855120496439779,2026-09-29T08:45:41.000Z,1,"1/ SURAT TERBUKA II UNTUK KAPOLRI
Pak @ListyoSigitP Saya bukan pelapor dadakan yang baru membuat pengaduan di platform ini. Justru karena Institusi Anda tidak menindaklanjuti berkas pengaduan saya maka Surat Terbuka ini ada.

Kronologi Detail, Ringkasan Perkara 3 buah LP, dan https://t.co/ntSl5ZflFS",2104855120496439779,https://pbs.twimg.com/media/HTXykj8bIAAQnd2.jpg,,in,,1,1,1,https://x.com/Do_ttie/status/2104855120496439779,182744497,Do_ttie
2104849607255790018,2026-09-29T08:23:47.000Z,1,"Ngaji Kebangsaan_Selalu ada cerita di setiap kegiatan, terima kasih Kompol Setiaji sudah menghibur dan memberi challenge dan hadiah kepada anak anak Narukan di sela menunggu kedatangan Pak Kapolri dan Rombongan.
#lp3ia 
#polisibaik 
#ngajikebangsaan 
#narukan 
#polisiindonesia https://t.co/lYPmH1IXNG",2104849607255790018,https://pbs.twimg.com/amplify_video_thumb/2104849441740161024/img/QjFm6e1w48-syYw2.jpg,,in,,0,0,0,https://x.com/PenjagaMpr23824/status/2104849607255790018,1672939433920987136,PenjagaMpr23824
2104847003046019408,2026-09-29T08:13:26.000Z,1,"“Mari umara dan ulama terus bergandengan tangan untuk menjaga persatuan, merawat NKRI, dan mewujudkan masyarakat yang adil dan makmur.”

Kapolri Jenderal Polisi Drs. Listyo Sigit Prabowo, https://t.co/EuaNUPUjeA., menghadiri Ngaji Kebangsaan bersama KH Ahmad Bahauddin Nursalim . https://t.co/UBOVTsDTPQ",2104847003046019408,https://pbs.twimg.com/media/HTXrMM2boAEm5Md.jpg,,in,,0,0,0,https://x.com/PPrayabara34928/status/2104847003046019408,1663925029376233472,PPrayabara34928
2104846638338752830,2026-09-29T08:11:59.000Z,1,"Kita butuh panglima dan kapolri yg berani berkata tidak kepada presiden, dan mau mendisiplin anak buah bahkan menghukum senior2 mereka yg korupsi. Rela mengurangi anggaran mereka demi perbaikan ekonomi bersama. Minta presiden menaikan gaji dgn mengurangi belanja alutsista!",2104846638338752830,,,in,,0,0,0,https://x.com/SiawFung88/status/2104846638338752830,2164263248,SiawFung88
2104751833554317748,2026-09-29T07:17:45.000Z,0,@publikmemantau keren pak kapolri ksh semangat lgsg ke anak umsu,2104832991771898055,,publikmemantau,in,,0,0,0,https://x.com/ErikaPratiw1/status/2104832991771898055,1506847548882886657,ErikaPratiw1
2104832377357009390,2026-09-29T07:15:20.000Z,0,UNTUK KAPOLRI,2104832383723675702,,GinIndrayati,in,,0,0,0,https://x.com/GinIndrayati/status/2104832383723675702,1591284430378741760,GinIndrayati
2104417714655654039,2026-09-29T07:15:05.000Z,0,@RickyKardjono Busukk nya SDH dr kepala kapolri smpai bawahan ya,2104832318347116714,,RickyKardjono,in,,0,0,0,https://x.com/WinerWin294146/status/2104832318347116714,1825958269225152513,WinerWin294146
2104830249632722979,2026-09-29T07:06:52.000Z,22,Kapolri Listyo Sigit: Bonus Demografi jadi momentum Indonesia melompat menjadi negara maju. #MoodMasyarakat #Kapolri #ListyoSigitPrabowo #UMSU #SumateraUtara https://t.co/yh0rRCfxEG,2104830249632722979,https://pbs.twimg.com/media/HTXb9DIa8AAHKnU.jpg,,in,,0,5,0,https://x.com/moodmasyarakat/status/2104830249632722979,2010910755668049923,moodmasyarakat
2104821417770664153,2026-09-29T06:31:46.000Z,0,"Kapolri Ajak 6.027 Mahasiswa Baru UMSU Jadi Generasi Berkontribusi untuk Bangsa

#Kapolri #UMSU #PKKMB #Kabarterdepan

https://t.co/uBazUGvzsk https://t.co/jIQiOFx30x",2104821417770664153,https://pbs.twimg.com/media/HTXT1kbb0AANLxK.jpg,,in,,0,0,2,https://x.com/kabarterdepanID/status/2104821417770664153,283305745,kabarterdepanID
2104481781365760153,2026-09-29T06:31:38.000Z,0,@DivHumas_Polri Wakil Kapolri ikut launching bikin acara makin bergengsi,2104821384971169965,,DivHumas_Polri,in,,0,0,0,https://x.com/leonasalw/status/2104821384971169965,1977938050845184000,leonasalw
2104578725954429310,2026-09-29T05:24:59.000Z,0,"@immakhab @nu_online semoga kapolri mualaf, meski awalnya krn profesionalisme",2104804612775498101,,immakhab,in,,0,1,0,https://x.com/xyzwitter/status/2104804612775498101,1248656295311204352,xyzwitter
2104803287048569255,2026-09-29T05:19:43.000Z,17,"Kapolri Jenderal Polisi Drs. Listyo Sigit Prabowo, https://t.co/2Y5JuFjeud. mendorong mahasiswa baru Universitas Muhammadiyah Sumatera Utara (UMSU) 2026 untuk adaptif menghadapi perkembangan teknologi dan kecerdasan buatan. Dalam kuliah umum Pengenalan Kehidupan Kampus bagi https://t.co/RofyT5sf94",2104803287048569255,https://pbs.twimg.com/media/HTXDbbGbIAAVYWV.jpg,,in,,1,35,1,https://x.com/DivHumas_Polri/status/2104803287048569255,138290629,DivHumas_Polri
2104803248259649938,2026-09-29T05:19:34.000Z,17,"Polri memastikan kesiapan pengamanan untuk mengawal pelaksanaan Muktamar Muhammadiyah agar seluruh rangkaian kegiatan berlangsung aman, lancar, dan sukses. Kapolri Jenderal Polisi Drs. Listyo Sigit Prabowo, M. Si., menuturkan bahwa Polri akan melakukan pengecekan serta menyiapkan https://t.co/PwJir4VUo8",2104803248259649938,https://pbs.twimg.com/media/HTXDZETasAAjTZO.jpg,,in,,1,36,1,https://x.com/DivHumas_Polri/status/2104803248259649938,138290629,DivHumas_Polri
2104802736218980844,2026-09-29T05:17:32.000Z,12,"Di tengah kehilangan yang mengubah perjalanan hidup, Maria Revina Setia (12) dan Clarisa Marisa Tangkang (10) mendapat pesan sederhana namun penuh makna: kalian tidak sendiri. Melalui program “Kamu Tidak Sendiri”, Polri menunjukkan kepedulian kepada kedua anak yang berdomisili di https://t.co/O8AV6Js1hb",2104802736218980844,https://pbs.twimg.com/amplify_video_thumb/2104802540667969536/img/-3iKkuyXp8fIx4mB.jpg,,in,,0,35,2,https://x.com/DivHumas_Polri/status/2104802736218980844,138290629,DivHumas_Polri
2104800128595030033,2026-09-29T05:07:10.000Z,2,"Kapolri @ListyoSigitP mengajak mahasiswa UMSU menguasai teknologi digital secara bijak dan produktif agar tidak mudah terjebak hoaks maupun kejahatan siber.

https://t.co/oCohUH1eFn https://t.co/zdcXsmFHsG",2104800128595030033,https://pbs.twimg.com/media/HTXAhHfbEAANMOv.png,,in,,0,0,0,https://x.com/M_Dwpy/status/2104800128595030033,764383841968648192,M_Dwpy
2104798345499918375,2026-09-29T05:00:05.000Z,0,Panglima TNI dan Kapolri?,2104798345499918375,,,in,,0,0,0,https://x.com/saintpooney/status/2104798345499918375,137548883,saintpooney
2104795649753387147,2026-09-29T04:49:22.000Z,0,Kapolri di kegiatan ngaji kebangsaan https://t.co/O9hoVtFkvI,2104795649753387147,https://pbs.twimg.com/amplify_video_thumb/2104795615431647232/img/IEYYTg5PFKyySLZ5.jpg,,in,,0,0,0,https://x.com/Siputty1/status/2104795649753387147,1383097945596186626,Siputty1
2104783531402543139,2026-09-29T04:49:20.000Z,0,@jejakajena53312 Instruksi dari DPR ? Trus siapa lagi? Pleciden? Kapolri?Menteri? Ayo pada ngaku ?,2104795641561944363,,jejakajena53312,in,,0,0,0,https://x.com/Town72174500/status/2104795641561944363,1574434262597906433,Town72174500
2104788188719931435,2026-09-29T04:47:18.000Z,0,@tveenage @pointibe Kapolri sop,2104795128254845179,,tveenage,in,,0,0,0,https://x.com/xnayin/status/2104795128254845179,851699519855120384,xnayin
2104526944909881632,2026-09-29T04:28:07.000Z,0,"@ListyoSigitP Mohon maaf pak Kapolri @ListyoSigitP, ijinkan masyarakat Indonesia ambil foto dan atau video jika berhadapan dg anggota polisi (di: jalan, polsek, polres, polda dan mabes) setiap perilaku dan tidakan anggota dilapangan untuk dilaporkan ke @ListyoSigitP @prabowo dan @gibran_tweet",2104790300770406413,,ListyoSigitP,in,,0,0,0,https://x.com/khoirul_an/status/2104790300770406413,194904609,khoirul_an
2104785587530285122,2026-09-29T04:09:23.000Z,2,"Momen haru PKKMB UMSU 2026! Bripda Garal, juara MTQ Nasional Hafiz 10 Juz Putra, mendapat apresiasi Kapolri Jenderal Listyo Sigit Prabowo dan kesempatan melanjutkan pendidikan ke jenjang Perwira.

#PKKMB #UMSU #BripdaGaral #Kapolri #polripresisi #MTQNasional #update #viral #fyp https://t.co/oLQYC4fMl0",2104785587530285122,https://pbs.twimg.com/amplify_video_thumb/2104784749646708736/img/wVxUMtA3X_FqEpID.jpg,,in,,0,0,0,https://x.com/ABBITV_id/status/2104785587530285122,2005309355563048960,ABBITV_id
2104428918984015932,2026-09-29T03:55:45.000Z,0,@DivHumas_Polri Keren kapolri hadir di pondok pesantren bawa semangat,2104782156145029540,,DivHumas_Polri,in,,0,0,0,https://x.com/salmamilani34/status/2104782156145029540,1940301425281835008,salmamilani34
2104778429996371987,2026-09-29T03:40:57.000Z,0,sekarang bagi-bagi duit itu udah buka bukaan..mantan presiden begituu belum lama gw liat di medsos kapolri juga lagi bagi2 duit. Rakyatnya senang pula..duhhh gusti,2104778429996371987,,,in,,0,0,0,https://x.com/aridewa94204670/status/2104778429996371987,1308642505609474050,aridewa94204670
2104373599356493941,2026-09-29T03:20:24.000Z,0,@DivHumas_Polri Kapolri jenius ajak ulama dan polisi berkolaborasi,2104773261376864489,,DivHumas_Polri,in,,0,0,0,https://x.com/yogapeer/status/2104773261376864489,1981638388467003392,yogapeer
2104373599356493941,2026-09-29T03:18:40.000Z,0,@DivHumas_Polri Kapolri pinter banget pilih waktu acara ngaji bareng,2104772823898312982,,DivHumas_Polri,in,,0,0,0,https://x.com/valen_hrp/status/2104772823898312982,1942873023146754048,valen_hrp
2104373599356493941,2026-09-29T03:10:14.000Z,0,@DivHumas_Polri Kapolri paham manfaat sinergi ulama sama polisi,2104770702524268889,,DivHumas_Polri,in,,0,0,0,https://x.com/leonasalw/status/2104770702524268889,1977938050845184000,leonasalw
2104769993783251217,2026-09-29T03:07:25.000Z,0,"Kapolri di Ngaji Kebangsaan: Tugas Polisi memastikan masyarakat aman dan pembangunan bisa berjalan

#Polri
#bareskrim
#brimob https://t.co/zgy6LiR3ZG",2104769993783251217,https://pbs.twimg.com/amplify_video_thumb/2104769549547839488/img/p4ujs6k8r5QDqqz2.jpg,,in,,0,0,0,https://x.com/tabir_nusantara/status/2104769993783251217,1348610871325384707,tabir_nusantara
2104373599356493941,2026-09-29T03:04:37.000Z,0,@DivHumas_Polri Kapolri bijak banget ngajak ulama sinergi bareng,2104769286954975496,,DivHumas_Polri,in,,0,0,0,https://x.com/rymndadnn/status/2104769286954975496,1943578992445132800,rymndadnn
2104598066674438497,2026-09-29T02:56:34.000Z,1,@gagal_hijrah Aku salut dgn Kapolri walaupun Nonis tp dekat dgn tokoh agama. Tidak hy dekat secara personal tp institusi juga didekatkan.,2104767261462650923,,gagal_hijrah,in,,0,1,0,https://x.com/inoey_309/status/2104767261462650923,3336620474,inoey_309
2104758560119013625,2026-09-29T02:56:04.000Z,3,@saptaipb Presiden wapres dpr mpr kapolri pangap dan sebagainya,2104767136367517783,,saptaipb,in,,0,0,0,https://x.com/Utha_san/status/2104767136367517783,1503614450766876674,Utha_san
2106237650814525890,2026-10-03T04:19:22.000Z,0,"6 Program Kapolri Suyudi sangat ideal

1. Penguatan Lembaga
2. Pembinaan SDM dan Rekrutmen
3. Penguatan Pelayanan Publik
4. Penguatan Penegakkan Hukum
5. Penguatan Pengawasan
6.  Akuntabilitas Anggaran

Jika benar dijalankan Polri pasti dicintai rakyat",2106237650814525890,,,in,,0,0,1,https://x.com/RADEN_NUH_/status/2106237650814525890,736441309,RADEN_NUH_
2106237370324639942,2026-10-03T04:18:15.000Z,0,"Kapolri Jenderal Pol Suyudi Ario Seto melakukan mutasi terhadap sejumlah Pejabat Utama (PJU) Mabes Polri dari Irwasum, Kabareskrim, Kabaintelkam hingga Kabaharkam. https://t.co/iTn5fQuN8J",2106237370324639942,,,in,,0,0,0,https://x.com/indomediaco/status/2106237370324639942,876510994104590336,indomediaco
2106233377452077389,2026-10-03T04:16:17.000Z,0,"@kafiradikalis Silfester itu kesayangan permaisuri istana pesugihan solo om, gak bakalan bisa kesentuh tangan2 APH. 
Tapi kan sekarang kapolri udah diganti, kemungkinan besar bakal diciduk tuh silfester 😁",2106236874016829832,,kafiradikalis,in,,0,0,0,https://x.com/Fahrzl_/status/2106236874016829832,2019297850719678465,Fahrzl_
2106236802453635130,2026-10-03T04:16:00.000Z,0,"Langkah cepat langsung diambil Kapolri Jenderal Polisi, Suyudi Ario Seto. 

Hanya sehari usai resmi dilantik pada 2 Oktober 2026, pimpinan tertinggi Korps Bhayangkara tersebut langsung melancarkan rotasi besar-besaran terhadap 19 Kepala Kepolisian Daerah (Kapolda) di berbagai https://t.co/5SfLANdFUC",2106236802453635130,https://pbs.twimg.com/media/HTrUXUfbwAIckCi.jpg,,in,,0,0,0,https://x.com/suaradotcom/status/2106236802453635130,2340155395,suaradotcom
2106187165583745344,2026-10-03T04:15:34.000Z,0,@NyaiNeneng ibu kapolri tuh,2106236693036904778,,NyaiNeneng,in,,0,0,0,https://x.com/genta_evy/status/2106236693036904778,1596258209005592576,genta_evy
2106236550245667109,2026-10-03T04:15:00.000Z,0,"Dari 88 personel yang dimutasi, sebanyak 70 personel mendapatkan promosi atau menduduki jabatan baru. Sejumlah jabatan strategis di lingkungan Mabes Polri turut mengalami pergantian. https://t.co/OqZx3lbcNT",2106236550245667109,,,in,,0,0,0,https://x.com/mediaindonesia/status/2106236550245667109,68930552,mediaindonesia
2106235696570896614,2026-10-03T04:13:23.000Z,0,Ķapolri menjabat 1 okt 2026 - sekarang https://t.co/Yoc3MNLW5u,2106236143604011181,https://pbs.twimg.com/media/HTral4Xa0AAvSTK.jpg,ardani_ajja,in,,0,0,0,https://x.com/ardani_ajja/status/2106236143604011181,3193234681,ardani_ajja
2106229332570181903,2026-10-03T04:13:01.000Z,1,@KaredokLeunca__ @prabowo Mak juga kasih petunjuk ke Kapolri baru. ayo mutasi segera😂,2106236051731988636,,KaredokLeunca__,in,,0,1,0,https://x.com/Adiii__fa/status/2106236051731988636,1249028224887054339,Adiii__fa
2106235975768940800,2026-10-03T04:12:43.000Z,4,"Selamat Ndan @ahriesonta..

https://t.co/MmPVdR3Zod https://t.co/r4LPQyaz6c",2106235975768940800,https://pbs.twimg.com/media/HTrac8uagAAhC_z.jpg,,in,,0,1,1,https://x.com/Wagimandeep2/status/2106235975768940800,2956449062,Wagimandeep2
2106235696570896614,2026-10-03T04:11:36.000Z,0,"Mantan kapolri masuk istana, https://t.co/RMc8deVXVl",2106235696570896614,https://pbs.twimg.com/media/HTraMuPbkAAYaoj.jpg,,in,,0,1,0,https://x.com/ardani_ajja/status/2106235696570896614,3193234681,ardani_ajja
2106235591000219931,2026-10-03T04:11:11.000Z,0,https://t.co/Jm8PT6dTYQ,2106235591000219931,,,zxx,,0,0,0,https://x.com/CNNIndonesia/status/2106235591000219931,17128975,CNNIndonesia
2106235217820434715,2026-10-03T04:09:42.000Z,0,"Kapolri Jenderal Pol. Suyudi Ario Seto melakukan mutasi terhadap 88 perwira tinggi dan perwira menengah Polri melalui Surat Telegram Nomor ST/2205/X/KEP./2026 tertanggal 2 Oktober 2026.

Mutasi tersebut diterbitkan sehari setelah pergantian kepemimpinan Kapolri dan mencakup https://t.co/V4BJzg1K0n",2106235217820434715,https://pbs.twimg.com/media/HTrZslhaEAAG9ZN.jpg,,in,,0,0,0,https://x.com/garudatvnews/status/2106235217820434715,502140136,garudatvnews
2106235194156167422,2026-10-03T04:09:36.000Z,0,"Kapolri mantap jaya, membangun kembali kepercayaan masyarakat perlu dibenahi segala struktur nya,

Orang-orang lama harus disegarkan kembali, 

Semoga dibawa Kapolri Baru Polisi makin presisi dan penegakan hukum berjalan diatas rell undang-undang bukan atas kekuasaan dan selera.",2106235194156167422,,,in,,0,0,0,https://x.com/afirmajid/status/2106235194156167422,1867962270049013761,afirmajid
2106235152720650286,2026-10-03T04:09:27.000Z,3,"Orang-orang sebenernya paham ga sih sepowerful apa jabatan Kapolri itu? Wkwkwkwk

KSP yang cuma jadi yes-man kok dianggep upgrade dari Kapolri. Itu Listyo syukur syukur masih dapet 1/4 power dari zaman masih Kapolri wkwkwkwk",2106235152720650286,,,in,,0,1,1,https://x.com/Panathinatikos/status/2106235152720650286,1569140625957859328,Panathinatikos
2106233903174570201,2026-10-03T04:04:29.000Z,0,https://t.co/1l8VDKJzqc,2106233903174570201,,,zxx,,0,0,0,https://x.com/CNNIndonesia/status/2106233903174570201,17128975,CNNIndonesia
2106233739991023640,2026-10-03T04:03:50.000Z,0,"Usai dilantik Presiden Prabowo Subianto, Kapolri Jenderal Polisi Suyudi Ario Seto memberikan apresiasi kepada Presiden atas amanah yang diberikan, 

#jagabumianoa #birosdm #poldasultra #sdmunggul #polripresisi https://t.co/iOSWDDy8JU",2106233739991023640,https://pbs.twimg.com/amplify_video_thumb/2106233639273201664/img/afVaM6xbWq88LE45.jpg,,in,,0,0,0,https://x.com/sdmpoldasultra/status/2106233739991023640,1644715542446759938,sdmpoldasultra
2106233678267596913,2026-10-03T04:03:35.000Z,2,"Baca selengkapnya: https://t.co/XcKADKTpQI

Kapolri Jenderal Suyudi Ario Seto memutasi 88 Pati dan Pamen Polri, termasuk pergantian Kapolda Metro Jaya. Irjen Pol Dadang Hartanto kini menjabat Kapolda Metro Jaya menggantikan Komjen Asep Edi Suheri.

~RK #Kapolri #mutasi https://t.co/yUVo75jrjT",2106233678267596913,https://pbs.twimg.com/amplify_video_thumb/2106232892984807424/img/lBdIxnMhO8XKRCmj.jpg,,in,,0,1,0,https://x.com/kompascom/status/2106233678267596913,23343960,kompascom
2106232962702516612,2026-10-03T04:00:44.000Z,0,"2 hari menjabat, Kapolri Jenderal Suyudi Ario Seto langsung bikin gebrakan melakukan penyegaran besar. 88 Pati-Pamen dimutasi, 19 Kapolda bergeser.  @DivHumas_Polri
@_poldabanten
#Kapolri #Polri #SuyudiArioSeto
https://t.co/g9u9MFhSFH",2106232962702516612,,,in,,0,0,0,https://x.com/rmbantencom/status/2106232962702516612,2911375412,rmbantencom
2106232903822958716,2026-10-03T04:00:30.000Z,0,"🇮🇩 Selamat atas Pelantikan Kapolri

Kapolres Asahan AKBP Adi Dharma Pramudhita, S.H., S.I.K., https://t.co/TxZixWi2Hr. beserta staf dan jajaran mengucapkan:
Selamat atas Pelantikan Jenderal Polisi Suyudi Ario Seto, S.I.K., S.H., https://t.co/gzLGXsHtHo. sebagai Kepala Kepolisian https://t.co/PgJIzcmf8y",2106232903822958716,https://pbs.twimg.com/media/HTrXqQ2awAAf-JP.jpg,,in,,0,0,0,https://x.com/Raja_Asahan/status/2106232903822958716,1586378695282860032,Raja_Asahan
2106232723874668786,2026-10-03T03:59:47.000Z,0,"Mari kawal bersama janji kapolri suyudi benahi administrasi pajak

#Kapolri #SuyudiArioSeto #Polri #PolriUntukMasyarakat https://t.co/g56Th2A8NQ",2106232723874668786,https://pbs.twimg.com/media/HTrXfvha4AA79MD.jpg,,in,,0,0,0,https://x.com/bagusbudianto0/status/2106232723874668786,1699687987376975872,bagusbudianto0
2106232723052601747,2026-10-03T03:59:47.000Z,0,"Sistem samsat sedang dibenahi total, yuk dukung kinerja polri

#Kapolri #SuyudiArioSeto #Polri #PolriUntukMasyarakat https://t.co/ke7UhUksKs",2106232723052601747,https://pbs.twimg.com/media/HTrXfnDaIAArFAy.jpg,,in,,0,0,0,https://x.com/ariwibowoo0/status/2106232723052601747,1700043745675427840,ariwibowoo0
2106232721970495820,2026-10-03T03:59:47.000Z,0,"Apresiasi tinggi komitmen kapolri baru wujudkan sistem transparan

#Kapolri #SuyudiArioSeto #Polri #PolriUntukMasyarakat https://t.co/L9Wj3jtfgZ",2106232721970495820,https://pbs.twimg.com/media/HTrXfmdb0AAtZv5.jpg,,in,,0,0,0,https://x.com/NindyAp15421940/status/2106232721970495820,1311496276525998082,NindyAp15421940
2106232720527650978,2026-10-03T03:59:47.000Z,0,"Jangan buru-buru pesimis, dukung langkah nyata polri berantas pungli

#Kapolri #SuyudiArioSeto #Polri #PolriUntukMasyarakat https://t.co/ZhRwQB2qW2",2106232720527650978,https://pbs.twimg.com/media/HTrXfYkaEAAMcdu.jpg,,in,,0,0,0,https://x.com/hayati_nuning/status/2106232720527650978,1737017034188390400,hayati_nuning
2106232710310334593,2026-10-03T03:59:44.000Z,0,"Skeptis sah saja, fokus utama perbaikan ada pada sistem layanan 🛠️

#Kapolri #SuyudiArioSeto #Polri #PolriUntukMasyarakat https://t.co/ZwVURle5q5",2106232710310334593,https://pbs.twimg.com/media/HTrXe-7a4AA2byS.jpg,,in,,0,0,0,https://x.com/feriantoarii/status/2106232710310334593,1699266519329566720,feriantoarii
2106232598003663311,2026-10-03T03:59:17.000Z,0,Babak baru Polri bersama Komjen Suyudi! Layanan kepolisian apa yang paling butuh dipercepat dan dimodernisasi saat ini? Tulis komentarmu! #jagaindonesia #PolriPresisi #Kapolri https://t.co/zVUYv456zW,2106232598003663311,https://pbs.twimg.com/amplify_video_thumb/2106232423944200192/img/w8RZlCpIILj_k37m.jpg,,in,,0,0,0,https://x.com/hafsyahaqilla/status/2106232598003663311,1751425943048982530,hafsyahaqilla
2106232469687333033,2026-10-03T03:58:47.000Z,0,Batik Pagii Puan Maharani Kapolri,2106232469687333033,,,in,,0,0,0,https://x.com/Samudratirtaa/status/2106232469687333033,1647752643157041153,Samudratirtaa
2106232446148829393,2026-10-03T03:58:41.000Z,0,"Kita do'akan semoga Bapak Kapolri dapat menjalankan tugas dan fungsinya dengan biak, dan senantiasa dalam lindungan Tuhan Yang Maha Esa.. 
#jagaindonesia https://t.co/zfEpf0yw1o",2106232446148829393,https://pbs.twimg.com/media/HTrXPJ6aQAAGoSW.jpg,,in,,0,0,0,https://x.com/Benyss212/status/2106232446148829393,1938860309718171648,Benyss212
2106232054291878394,2026-10-03T03:57:09.000Z,0,"Sebelumnya, Suyudi telah menjalani uji kelayakan dan kepatutan di Komisi III DPR.

Semoga amanah baru ini dapat dijalankan dengan penuh dedikasi, profesionalitas, integritas, dan tanggung jawab.

#puanmaharani #puanku #mbakpuan #dprri #kapolri",2106232060742705496,,anggi_febia,in,,0,0,0,https://x.com/anggi_febia/status/2106232060742705496,1914502584871862272,anggi_febia
2106232060042178833,2026-10-03T03:57:09.000Z,0,"Manuver Kapolri sekarang mengerikan 🤭

Yang gak loyal disikat, loyalis orang lama di non-job kan 😂 https://t.co/ktf6uvmNj8",2106232060042178833,https://pbs.twimg.com/media/HTrW4KnbIAAH2P1.jpg,,in,,0,0,0,https://x.com/soulofdanny_/status/2106232060042178833,134362641,soulofdanny_
2106232054291878394,2026-10-03T03:57:08.000Z,2,"Puan Maharani memimpin Rapat Paripurna DPR RI yang membahas persetujuan calon Kapolri yang diusulkan Presiden Prabowo Subianto.

Dalam rapat tersebut, DPR menyetujui Komjen Pol. Suyudi Ario Seto sebagai Kapolri menggantikan Jenderal Listyo Sigit Prabowo. https://t.co/lU7Dm7UJXj",2106232054291878394,https://pbs.twimg.com/media/HTrW4vtasAAa0U4.jpg,,in,,0,1,0,https://x.com/anggi_febia/status/2106232054291878394,1914502584871862272,anggi_febia
2106231969592099218,2026-10-03T03:56:48.000Z,0,"Kapolda Sumut Diganti, Kapolri Percayakan Brigjen Pol Sonny Irawan https://t.co/96mNFbZ6Qc",2106231969592099218,,,in,,0,0,0,https://x.com/WaspadaOnline/status/2106231969592099218,78596326,WaspadaOnline
2106231640410427642,2026-10-03T03:55:29.000Z,1,"Kapolri baru, Jenderal Suyudi Ario Seto melakukan mutasi besar-besaran dengan merombak jabatan Perwira Tinggi (Pati) dan Perwira Menengah (Pamen) Polri.

Mutasi ini dilakukan Jenderal Suyudi sehari setelah resmi dilantik menjadi Kapolri baru oleh Presiden Prabowo subianto,",2106231640410427642,,,in,,0,0,0,https://x.com/tribunnews/status/2106231640410427642,124171593,tribunnews
2106165449402782103,2026-10-03T03:55:11.000Z,0,"@KaZep7 Aku ragu dgn pengalaman profesionalmu termasuk dlm berorganisasi,sehingga mengukur kewenangan ""kapolri"" dan ""KSP"" saja harus bias oleh perasaan ""mulyono adalah sesembahan"".",2106231564229369866,,KaZep7,in,,0,0,0,https://x.com/amatredjo80/status/2106231564229369866,1718908157140025344,amatredjo80
2106225174739915020,2026-10-03T03:54:35.000Z,0,"&gt; Waastamarena, Irjen Andik Setiyono (jadi Astamarena Kapolri)
&gt; Brigjen Agus Dwi Hermawan (jadi Aslog Kapolri)
&gt; Brigjen Deni Dharmapala (jadi As SDM Kapolri)

Cc @DivHumas_Polri salam presisi!",2106231411833552931,,p4lest1ndones1a,in,,0,0,0,https://x.com/p4lest1ndones1a/status/2106231411833552931,1413687981576101889,p4lest1ndones1a
2106231360247787863,2026-10-03T03:54:22.000Z,3,"Baca selengkapnya: https://t.co/XCR7Bm0pPZ

Kapolri Jenderal Suyudi Ario Seto memutasi 19 Kapolda dalam perombakan 88 perwira Polri. Irjen Pol Dadang Hartanto ditunjuk sebagai Kapolda Metro Jaya menggantikan Komjen Pol Asep Edi Suheri.

~RK #Kapolri #mutasi [2026100309101251] https://t.co/VE402p1F6l",2106231360247787863,https://pbs.twimg.com/media/HTrWAg7bAAASbY3.jpg,,in,,1,1,0,https://x.com/kompascom/status/2106231360247787863,23343960,kompascom
2106231144387657912,2026-10-03T03:53:31.000Z,0,"Kepala Polisi Negara Republik Indonesia (Kapolri) Jenderal Polisi Suyudi Ario Seto mengganti Kepala Badan Reserse Kriminal (Kabareskrim), Kepala Badan Pemelihara Keamanan (Kabarhakam) hingga Kepala Detasemen Khusus (Kadensus) 88 Antiteror Polri.

Pergantian pejabat itu tertuang https://t.co/I9PAYo0mG4",2106231144387657912,https://pbs.twimg.com/media/HTrWD3oa0AA8GbB.jpg,,in,,0,0,0,https://x.com/antaranews/status/2106231144387657912,18071520,antaranews
2106230488243618038,2026-10-03T03:50:54.000Z,0,Gebrakan Perdana Kapolri Suyudi Ario Seto: Ganti 19 Kapolda dan Pati Mabes Polri https://t.co/ACMJXg0RZi,2106230488243618038,,,in,,0,0,0,https://x.com/IniGresik/status/2106230488243618038,593342465,IniGresik
2106230075775680648,2026-10-03T03:49:16.000Z,0,"Hari kedua setelah dilantik jadi Kapolri, Jenderal Pol Suyudi Ario Seto langsung melakukan mutasi besar-besaran. Hal itu tertuang dalam Surat Telegram Kapolri Nomor: ST/2205/X/KEP./2026 Tanggal 2 Oktober 2026. https://t.co/3kUdXW6srI",2106230075775680648,,,in,,0,0,0,https://x.com/indomediaco/status/2106230075775680648,876510994104590336,indomediaco
2106229784162554133,2026-10-03T03:48:07.000Z,4,"Mutasi besar-besaran dilakukan Polri setelah pergantian Kapolri dari Jenderal Listyo Sigit Prabowo kepada Jenderal Suyudi Ario Seto.

Kapolri Jenderal Suyudi merombak sejumlah jabatan Perwira Tinggi (Pati) dan Perwira Menengah (Pamen) Polri.

Surat mutasi tersebut telah tertuang https://t.co/eJz75Zjadd",2106229784162554133,https://pbs.twimg.com/media/HTrUzg-bcAE8rbW.jpg,,in,,0,0,1,https://x.com/tribunnews/status/2106229784162554133,124171593,tribunnews
2106229759105806472,2026-10-03T03:48:01.000Z,9,"Baca selengkapnya: https://t.co/gVAQSqv1AD

Kapolri Jenderal Suyudi Ario Seto memutasi Kepala Korps Pemberantasan Tindak Pidana Korupsi Polri Irjen Totok Suharyanto menjadi Kapolda Sulawesi Barat. Totok sebelumnya menangani perkara mantan Jampidsus Kejaksaan Agung Febrie https://t.co/unY77iOFHB",2106229759105806472,https://pbs.twimg.com/media/HTrUf0LbQAAsGFk.jpg,,in,,1,0,4,https://x.com/kompascom/status/2106229759105806472,23343960,kompascom
2106165449402782103,2026-10-03T03:47:19.000Z,1,"@KaZep7 Otak lu yg dipake, sehari setelah dilantik kapolri baru langsung bersih2. Semua kapolda leting 91 langsung diganti dgn leting 92 dan 94.
Semua yg berbau listyo sigit dan berkiblat ke fir'aun solo langsung di "" Mabes "" kan.
Kabar buruk buat para pecandu narkoba 😂😂",2106229584232583674,,KaZep7,in,,0,1,2,https://x.com/Fahrzl_/status/2106229584232583674,2019297850719678465,Fahrzl_
2106229416934412482,2026-10-03T03:46:39.000Z,0,"Kapolri Suyudi menekankan kedekatan dan pelayanan publik. Ia juga menyebut narkotika, penyelundupan, dan judi daring menjadi perhatian. www.​nu.​or.​id/nasional/kapolri-suyudi-tekankan-tugas-polisi-dekat-dengan-masyarakat-dan-melayani-publik-H8iYp https://t.co/6p6K4kXk0w",2106229416934412482,https://pbs.twimg.com/media/HTrUfl4bQAAmlRf.jpg,,in,,0,0,0,https://x.com/nu_online/status/2106229416934412482,214818815,nu_online
2106229131906273719,2026-10-03T03:45:31.000Z,0,Kapolri Suyudi rotasi 19 kapolda termasuk Metro Jaya https://t.co/oWmBEtlFr4,2106229131906273719,,,in,,0,0,0,https://x.com/beritakaltim2/status/2106229131906273719,4854436812,beritakaltim2
2106165449402782103,2026-10-03T03:43:38.000Z,0,"@KaZep7 Dilapangan itu powernya ksp cuma di iya2 in  aja perintahnya untuk dijalanin ntar dulu , gak usah jauh jauh dulu deh klo itu ksp mau pakai supir ajudan / fasilitas dr polri dia harus minta ijin kapolri, power 2 kali lipat hehehe bisa dapet 1/2 power kapolri aja udah sujud syukur",2106228658407129415,,KaZep7,in,,0,1,0,https://x.com/agung__nugroho/status/2106228658407129415,105445307,agung__nugroho
2106228406698524764,2026-10-03T03:42:38.000Z,0,DPR resmi setujui Komjen Suyudi Ario Seto sebagai Kapolri baru! Harapan besar untuk memperkuat kepercayaan publik pada Polri. #jagaindonesia #KapolriBaru #Polri https://t.co/jAtxC4Q634,2106228406698524764,https://pbs.twimg.com/amplify_video_thumb/2106228334380400641/img/6mqCwH3e5Vg82dOd.jpg,,in,,0,0,0,https://x.com/Marsheillaster/status/2106228406698524764,1751426386722443264,Marsheillaster
2106228009296667049,2026-10-03T03:41:03.000Z,1,"Baru sehari menjabat sebagai Kapolri yang baru, Jenderal Suyudi Ario Seto langsung melakukan mutasi besar-besaran.

Jenderal Suyudi merombak sejumlah jabatan Perwira Tinggi (Pati) dan Perwira Menengah (Pamen) Polri, melalui Surat Telegram Kapolri, tertanggal 2 Oktober 2026.",2106228009296667049,,,in,,0,0,0,https://x.com/tribunnews/status/2106228009296667049,124171593,tribunnews
2106227959459971353,2026-10-03T03:40:52.000Z,1,"Kapolri Jenderal Suyudi Ario Seto melakukan mutasi besar-besaran di tubuh Polri hanya sehari setelah resmi menjabat. Sebanyak 19 Kapolda dirotasi, termasuk Kapolda Metro Jaya. Mutasi tersebut tertuang dalam Telegram Kapolri tertanggal 2 Oktober 2026. 🔥 https://t.co/GUlkmEIuqy",2106227959459971353,https://pbs.twimg.com/media/HTrTKiFa4AA_TBv.jpg,,in,,0,0,0,https://x.com/haluandotco/status/2106227959459971353,2295253147,haluandotco
2106165449402782103,2026-10-03T03:40:49.000Z,1,"@KaZep7 STUPID MAINMU KURANG JAUH HANYA SEPUTARAN KOMPLEKS..
KSP ITU HANYA URUS MASALAH ADMINISTRASI PRESIDEN..GAK PEGANG ANGGARAN &amp; GAK PEGANG KOMANDO..
ISTILAH KASARNYA KSP ITU TEMPAT KERING SEDANGKAN KAPOLRI TEMPAT BASAH..",2106227950463103145,,KaZep7,in,,0,0,0,https://x.com/ReinS34704/status/2106227950463103145,1841054460698902529,ReinS34704
2106165449402782103,2026-10-03T03:38:28.000Z,0,@novaflorian07 Mei 2027 itu purna jabatan sbg Kapolri. Mei 2029 masa pensiun.,2106227357174669762,,novaflorian07,in,,0,1,0,https://x.com/KaZep7/status/2106227357174669762,897749262653509632,KaZep7
2106227335053930793,2026-10-03T03:38:23.000Z,0,Momen penyerahan Panji Tribrata dari Jenderal Listyo Sigit kepada Jenderal Suyudi Ario Seto🫡 #PublikMemantau #Kapolri #ListyoSigitPrabowo #SuyudiArioSeto #Polri https://t.co/wEvtsyrNH8,2106227335053930793,https://pbs.twimg.com/media/HTrSmEMbIAATPix.jpg,,in,,0,0,0,https://x.com/publikmemantau/status/2106227335053930793,2030896100421545984,publikmemantau
2106227033437290908,2026-10-03T03:37:11.000Z,0,"Uji Nyali Kapolri Baru : Bongkar Ijazah Palsu Jokowi
https://t.co/BApbFalyW4",2106227033437290908,,,in,,0,0,0,https://x.com/shdalisyarali/status/2106227033437290908,2033471654974885888,shdalisyarali
2106226967620338094,2026-10-03T03:36:55.000Z,0,"ANTARA -  Kapolri ganti Kabareskrim, Kabarhakam hingga Kadensus 88 dlvr.​it/TVlp18 https://t.co/vZNzweiP9w",2106226967620338094,https://pbs.twimg.com/media/HTrSRBJaIAA5Xe_.jpg,,in,,0,0,0,https://x.com/antaranews/status/2106226967620338094,18071520,antaranews
2106226932102918526,2026-10-03T03:36:47.000Z,0,SRI BINTANG PAMUNGKAS: DAMPAK PERGANTIAN KAPOLRI TERHADAP KASUS IJAZAH JOKODOC DAN FUFUFAFA https://t.co/3KErTB0awl,2106226932102918526,https://pbs.twimg.com/amplify_video_thumb/2106226817447391232/img/5VCsT_ryPGLpQDkA.jpg,,in,,0,0,0,https://x.com/supriyadi2704/status/2106226932102918526,1299649988,supriyadi2704
2106226884577276000,2026-10-03T03:36:35.000Z,6,"Polri melakukan mutasi terhadap 88 perwira tinggi (Pati) dan perwira menengah (Pamen) melalui Surat Telegram Kapolri Nomor ST/2205/X/KEP./2026 tertanggal 2 Oktober 2026. Mutasi tersebut mencakup sejumlah jabatan strategis di tingkat Mabes Polri hingga kewilayahan.

Kadiv Humas https://t.co/l1aBSmBTg4",2106226884577276000,https://pbs.twimg.com/media/HTrSK0vb0AAL8-i.jpg,,in,,0,2,2,https://x.com/kumparan/status/2106226884577276000,759692754985242625,kumparan
2106226872589902203,2026-10-03T03:36:32.000Z,6,"Reshuffle 1 Oktober 2026:
Prabowo bersih2 orang2 Jokowi dari kabinet Prabowo.
#JokowiGibranPembohong 

Menko PMK Pratikno diganti dengan Sugiono.
Kapolri Listyo diganti dengan Suyudi Ario Seto.
#JokowiGibranPembohong https://t.co/V0bGAcRd44",2106226872589902203,https://pbs.twimg.com/media/HTrSKcmbEAATp_H.jpg,,in,,0,0,1,https://x.com/Srik4ndiMuslim2/status/2106226872589902203,1629530059265703938,Srik4ndiMuslim2
2106226770794209338,2026-10-03T03:36:08.000Z,32,"BREAKING NEWS
polisi yang tangani kasus febrie adriansyah dimutasi 
irjen totok suharyanto, kepala korps pemberantasan korupsi (kortastipidkor) polri

sekarang dia dipindah jadi kapolda sulawesi barat
jabatan lamanya diisi irjen arie ardian rishadi
ini bagian dari mutasi 88 https://t.co/Zm9zdX2lJ0",2106226770794209338,https://pbs.twimg.com/media/HTrR43IaYAAOXt7.jpg,,in,,2,4,7,https://x.com/LambeSahamjja/status/2106226770794209338,1772323119111487490,LambeSahamjja
2106226167527379099,2026-10-03T03:33:44.000Z,0,"DPR RI telah menyetujui Komjen Suyudi Ario Seto sebagai calon pengganti Kapolri. Ketua DPR RI Puan Maharani menyebut proses uji kelayakan dan kepatutan maupun pengusulan nama telah sesuai dengan mekanisme.
#beritaterkini #puanmaharani #naruto #anime #fyp #viral 

Sabtu Pgaii https://t.co/xAgfNz1nYR",2106226167527379099,https://pbs.twimg.com/amplify_video_thumb/2106226123503996928/img/l0YbT5B6hLDB0lrO.jpg,,in,,0,0,0,https://x.com/Aldifutuh/status/2106226167527379099,2021087364861530112,Aldifutuh
2106165449402782103,2026-10-03T03:33:43.000Z,0,@KaZep7 Ngawur aja.. tongkat Komando sudah pindah tangan ya ga ada pengaruhnya  lagi.. paling geng2 yang ditempatkan Listyo Sigit selama jadi Kapolri. Tuh baca berita sehari dilantik Kapolri langsung rotasi pejabat Polri,2106226163651650037,,KaZep7,in,,0,0,0,https://x.com/AndyJanuardy/status/2106226163651650037,81769260,AndyJanuardy
2106226110153490843,2026-10-03T03:33:31.000Z,0,"Selamat dan Sukses kepada
Jenderal Suyudi Ario Seto, S.I.K., S.H., https://t.co/6tsp1jrEcw.
sebagai KEPALA KEPOLISIAN REPUBLIK INDONESIA (KAPOLRI)

#PolresNgawi #PolriPresisi #CallCenter110 #PolriUntukMasyarakat #JogoJatim https://t.co/OW0htwQW9l",2106226110153490843,https://pbs.twimg.com/media/HTrRe3la8AAajaw.jpg,,in,,0,0,0,https://x.com/Polsek5758/status/2106226110153490843,1686650204089716736,Polsek5758
2106226059041460255,2026-10-03T03:33:18.000Z,1,"Rotasi tersebut mencakup sejumlah jabatan strategis di tingkat Markas Besar Kepolisian Negara Republik Indonesia maupun kewilayahan. #Politik #AdadiKompas

https://t.co/fK4GVoyCyQ",2106226059041460255,,,in,,0,0,0,https://x.com/KompasData/status/2106226059041460255,771030588,KompasData
2106225571013308605,2026-10-03T03:31:22.000Z,2,"Rotasi tersebut mencakup sejumlah jabatan strategis di tingkat Markas Besar Kepolisian Negara Republik Indonesia maupun kewilayahan. #Polhuk #AdadiKompas 

https://t.co/qhlDz0ukLz",2106225571013308605,,,in,,0,0,0,https://x.com/hariankompas/status/2106225571013308605,255866913,hariankompas
2106225517917507733,2026-10-03T03:31:09.000Z,1,"Kapolri Suyudi Mutasi 88 Perwira, Ini Daftar Pejabat Baru https://t.co/vugN6c6uXn",2106225517917507733,,,in,,0,0,0,https://x.com/Harian_Jogja/status/2106225517917507733,118371948,Harian_Jogja
2106225351831818445,2026-10-03T03:30:30.000Z,3,"Kapolri Jenderal Suyudi Ario Seto langsung melakukan mutasi jabatan besar-besaran di sejumlah jabatan strategis pejabat Polri. Salah satunya jabatan Kabareskrim Polri. Mutasi itu tertuang dalam Surat Telegram nomor ST/2205/X/KEP./2026 pada Jumat (2/10/2026).

Sebagaimana https://t.co/DKLrmnrFJE",2106225351831818445,https://pbs.twimg.com/media/HTrM3Joa0AAzHVp.jpg,,in,,1,0,1,https://x.com/SINDOnews/status/2106225351831818445,231355136,SINDOnews
2106206258944696768,2026-10-03T03:30:28.000Z,1,"@liputan6dotcom Tjakeeepp 👍👍

Track recordnya udah bener membersihkan Anak Buah Listyo Sigit 
Biar kasus Ijazah Palsu Jokowi gak ada yg Beking lagi

Terimakasih Kapolri yg Baru 🙏",2106225344718246387,,liputan6dotcom,in,,0,0,0,https://x.com/jawir69/status/2106225344718246387,174193809,jawir69
2106225174739915020,2026-10-03T03:29:48.000Z,1,"Kapolri Suyudi Ario Seto merombak pejabat Mabes Polri!

Irwasum, Kabareskrim &amp; Kabaintelkam diganti.

Jenderal Suyudi Ario Seto melakukan mutasi terhadap puluhan perwira tinggi &amp; menengah usai menjadi orang nomor satu di Korp Bhayangkara 👍",2106225174739915020,,,in,,0,1,0,https://x.com/p4lest1ndones1a/status/2106225174739915020,1413687981576101889,p4lest1ndones1a
2106190577973047544,2026-10-03T03:28:30.000Z,8,"@bonapasogit24 @andreas_ardetta @newIding30 @soeyoto1 @AhmadKhaikal2 @Gemahripah221 @Sandika_Noor @PaltiHutabarat @Dimasjoko12 @kiwangsacandra @hot51indocom @nanitmuller @boim72 @YanuarA90695826 @molandewa9 @DahliaFita @Rupiah_Meroket @pujianiSN @ejptia tenang Lae:

Prabowo siapkan faksi baru utk bertarung dengan solo

terlihat sejak 'direstuinya' sidang MK ijazah Gibran
digantinya Kapolri, Jaksa Agung, Pratikno, dan diakomodirnya RG dan Syahganda.

sebentar lagi Roy dan Tifa masuk dalam lingkaran Prabowo
https://t.co/8cw2T0HUBI",2106224848737587432,,bonapasogit24,in,,0,1,4,https://x.com/ebonXboy/status/2106224848737587432,960248512108576768,ebonXboy
2106155221030428846,2026-10-03T03:24:09.000Z,2,"@bardanslm Infoin tuh ke Kapolri yang baru, bawahannya kerjanya ga bener cuma buat nindak preman pungli kaya gini aja ga kelar²,  malah kesannya melindungi huh",2106223753558655174,,bardanslm,in,,0,0,0,https://x.com/_khairuru/status/2106223753558655174,1577279856047697920,_khairuru
2106211178934608121,2026-10-03T03:23:15.000Z,1,@BudiBukanIntel Ganti kapolri langsung main terror terror,2106223527670272344,,BudiBukanIntel,in,,0,0,0,https://x.com/triiwidyan/status/2106223527670272344,410406372,triiwidyan
2106222708988231728,2026-10-03T03:20:00.000Z,1,"Kapolri Suyudi Mutasi 88 Pati dan Pamen, 19 Kapolda Berganti
https://t.co/NIXzwGpSyi",2106222708988231728,,,in,,0,0,0,https://x.com/cnbcindonesia/status/2106222708988231728,847372542830444544,cnbcindonesia
2106222700037554327,2026-10-03T03:19:58.000Z,2,"Estafet kepemimpinan Polri resmi berganti. Serah terima jabatan digelar di Mabes Polri, Jumat (2/10/2026), dengan rangkaian tradisi mulai dari penyerahan Panji-Panji Polri hingga farewell parade.
Jenderal Polisi Suyudi Ario Seto resmi menjabat Kapolri https://t.co/nsrmT1ETo5",2106222700037554327,https://pbs.twimg.com/amplify_video_thumb/2106222569536053248/img/7I4ju-R9HpWu9Gb1.jpg,,in,,0,0,0,https://x.com/tvsuarabersatu/status/2106222700037554327,2071812222461018112,tvsuarabersatu
2106222022426841509,2026-10-03T03:17:16.000Z,0,"Suyudi Ario Seto resmi jadi Kapolri, ada momen unik di balik jabatan barunya. Waktu jadi Kapolda Banten pernah ikut atraksi debus dan bengkokin g0l0k di depan umum

Dari debus sampai pucuk pimpinan Polri, perjalanan kariernya ternyata gak monoton2 amat. Kita lihat kiprah kedepan https://t.co/Y58H3sJyKi",2106222022426841509,https://pbs.twimg.com/amplify_video_thumb/2106221953610858496/img/jIzzmD0G-XQdm6c-.jpg,,in,,0,0,0,https://x.com/Putra_Riau11/status/2106222022426841509,2012212807979450368,Putra_Riau11
2106222017699823685,2026-10-03T03:17:15.000Z,1,"Kapolri Rotasi 19 Kapolda, Termasuk Maluku

#Kapolri #Rotasi #Kapolda #Termasuk #Maluku #Berita #Info

https://t.co/pNJ11uNu6r",2106222017699823685,,,in,,0,0,2,https://x.com/dms_ambon/status/2106222017699823685,421916203,dms_ambon
2106165449402782103,2026-10-03T03:16:49.000Z,0,@KaZep7 @cinggaro Ya kejadian kayak gini kan udh pernah waktu tito vs BG. Apakah BG waktu gagal jd kapolri dan jd kepala BIN masih bisa pengaruhi kepolisian?,2106221911051313294,,KaZep7,in,,0,0,0,https://x.com/gurudokkan88/status/2106221911051313294,709961863,gurudokkan88
2106165449402782103,2026-10-03T03:15:18.000Z,0,@KaZep7 KSP mgga punya kekuatan eksekusi jabatan KSP lebih memantau program yg sudah jalan dan belum dan melaporkan ke presiden.. jabatan tanda tanda terima kasih  aja.. kekuatan Kapolri adalah memastikan proses pro justicia dan sangat powerfull dalam kendali kapolri,2106221525678584012,,KaZep7,in,,0,0,0,https://x.com/BertuanRakyat/status/2106221525678584012,805253485570572289,BertuanRakyat
2105966503015403728,2026-10-03T03:15:05.000Z,0,"@msaid_didu Walau di bbrp hal ga bisa setuju bpk, saya harap Bakom baru bisa kembalikn kebebasan bicara &amp; aspirasi di ruang publik RI. Ga boleh lg ada yg takut aspirasi &amp; demo di mana pun di RI. Dgn kapolri baru, semoga ga ada lagi penangkapan extrajudicial aktivis, dan bebaskan para tapol.",2106221472356405501,,msaid_didu,in,,0,0,0,https://x.com/NasiAking234/status/2106221472356405501,1631607061053333505,NasiAking234
2106221313606156516,2026-10-03T03:14:27.000Z,0,"Kapolri Suyudi Mutasi 88 Pati, 19 Kapolda Baru Termasuk Metro Jaya https://t.co/HvWVhTr4W5",2106221313606156516,,,in,,0,0,0,https://x.com/yopi_yacob/status/2106221313606156516,475546468,yopi_yacob
2105949370004959322,2026-10-03T03:14:25.000Z,0,@SammiSoh Waktu yg membuktikan ketika dia jdi kapolri apakah cita”ny akan dia wujudkan,2106221305385386319,,SammiSoh,in,,0,0,0,https://x.com/endoe21/status/2106221305385386319,191734589,endoe21
2106221181208846452,2026-10-03T03:13:55.000Z,0,"Aman aja gw ngikutin kok informasi kapolri diganti, Bahlil rangkap jabatan, Watimpres, dll.",2106221181208846452,,,in,,0,0,0,https://x.com/rakyatbiasa33/status/2106221181208846452,1594274770568482816,rakyatbiasa33
2106220134805496161,2026-10-03T03:09:46.000Z,0,From inayah to ibu kapolri,2106220134805496161,,,in,,0,0,0,https://x.com/popmienaa/status/2106220134805496161,261542005,popmienaa
2106219895063196075,2026-10-03T03:08:49.000Z,14,"Kapolri Jenderal Suyudi Ario Seto melakukan mutasi besar-besaran perwira tinggi dan perwira menengah di hari kedua menjabat sebagai usai dilantik Kamis (1/10) di Istana.

Dalam keterangan tertulis Polri, tercatat ada 88 perwira tinggi dan menengah yang mengalami mutasi. Hal ini https://t.co/7LbEc7Ma0u",2106219895063196075,https://pbs.twimg.com/media/HTrL1CzaoAApQNx.jpg,,in,,0,3,4,https://x.com/Metro_TV/status/2106219895063196075,57261519,Metro_TV
2106213395280081368,2026-10-03T02:42:59.000Z,0,"Komjen Suyudi Ario Seto resmi jadi calon Kapolri baru. Pengalaman solidnya di BNN jadi modal kuat berantas narkotika.
  
​#jagaindonesia #kapolribaru #polri #komisiiii #dprri https://t.co/q0D5Ntgwpz",2106213395280081368,https://pbs.twimg.com/media/HTrF6fSbQAAGSRX.jpg,,in,,0,0,0,https://x.com/pinklovers30/status/2106213395280081368,1804695377809170432,pinklovers30
2106212850629054845,2026-10-03T02:40:49.000Z,2,Halo Kapolri baru ini ada yang aneh dari Polresta Yogyakarta,2106212850629054845,,,in,,0,0,1,https://x.com/sinau2024/status/2106212850629054845,1755065485853589504,sinau2024
2106212797919228191,2026-10-03T02:40:37.000Z,18,"Kapolri Jenderal Suyudi Ario Seto merotasi 88 perwira tinggi dan menengah, termasuk jabatan Kabareskrim. Ini untuk pengembangan karier dan dinamika organisasi.

https://t.co/SIBFuDijIc",2106212797919228191,,,in,,0,2,3,https://x.com/detikcom/status/2106212797919228191,69183155,detikcom
2106212540477067751,2026-10-03T02:39:35.000Z,0,"Kapolri Suyudi merotasi 76 perwira tinggi. Kapolda Metro Asep Edi Suheri naik jadi Irwasum, kursinya diisi Dadang Hartanto dari Kapolda Maluku. Kabareskrim dan Kabaharkam ikut diganti. Suratnya tanggal 2 Oktober, diumumkan hari ini. Alasannya tidak disebut.

Sumber: detikcom, 3",2106212540477067751,,,in,,0,0,0,https://x.com/0KTAV1ANUSK0K0H/status/2106212540477067751,2082792899717267456,0KTAV1ANUSK0K0H
2106165449402782103,2026-10-03T02:39:11.000Z,0,"@KaZep7 Kapolri bisa langsung ke presiden, ksp hanya menjalankan admistrasi",2106212439528464607,,KaZep7,in,,0,0,0,https://x.com/NUpadhana/status/2106212439528464607,2949766056,NUpadhana
2106212404585758735,2026-10-03T02:39:03.000Z,7,"Kapolri Jenderal Suyudi merotasi jabatan perwira tinggi dan menengah Polri, termasuk kapolda. Ini bagian dari dinamika organisasi dan pengembangan karier.

https://t.co/SO7LBrokzw",2106212404585758735,,,in,,0,1,3,https://x.com/detikcom/status/2106212404585758735,69183155,detikcom
2105841240990421452,2026-10-03T02:38:43.000Z,0,"@RD_4WR1212 Kapolri yg baru dilantik memang JOSS!...
Anak buah langsung berani nangkep kader parpol yg lagi berkuasa...

Tunggu komentar Fadli Zon: Narkoba merupakan healing dari rutinitas kerja ngurusi rakyat...",2106212320984883321,,RD_4WR1212,in,,0,0,0,https://x.com/DjogdjaKembali/status/2106212320984883321,2701382484,DjogdjaKembali
2106211783124177006,2026-10-03T02:36:35.000Z,117,"baru 2 hari dilantik jadi kapolri 
suyudi mutasi 88 perwira 

yang paling disorot
kapolda metro jaya diganti

sebelumnya komjen asep edi suheri, sekarang irjen dadang hartanto

asep edi suheri dipindah jadi irwasum polri (pengawas internal)

rincian mutasinya
70 orang dapat https://t.co/XF65jIIYpW",2106211783124177006,https://pbs.twimg.com/media/HTrEOYAboAA8PWP.jpg,,in,,2,15,17,https://x.com/LambeSahamjja/status/2106211783124177006,1772323119111487490,LambeSahamjja
2106211486150648115,2026-10-03T02:35:24.000Z,0,Ayo masyrkat kita buktikan ucapan Kapolri baru ..😊,2106211486150648115,,,in,,0,0,0,https://x.com/edybudianto77/status/2106211486150648115,3546875834,edybudianto77
2106211425685573765,2026-10-03T02:35:10.000Z,0,"Kapolri Jenderal Suyudi Ario Seto merombak jabatan di jajaran Polri. Rotasi dilakukan melalui Surat Telegram Nomor ST/2205/X/KEP./2026 pada Jumat (2/10/2026).

Dalam rotasi tersebut, posisi Kapolda Metro Jaya yang sebelumnya dijabat Komjen Asep Edi Suheri kini dipercayakan kepada",2106211425685573765,,,in,,0,0,0,https://x.com/Alitt4mb3ng/status/2106211425685573765,1701647494655139841,Alitt4mb3ng
2106211145497612571,2026-10-03T02:34:03.000Z,1,"Polri melakukan mutasi dan rotasi terhadap 88 perwira tinggi (pati) dan perwira menengah (pamen) sehari setelah Jenderal Polisi Suyudi Ario Seto resmi menjabat sebagai Kapolri.

🔽🔽🔽
Baca selengkapnya: https://t.co/PeTUdTmAHt

Grafis: Ulfa Jainita https://t.co/o6zLUoQ7MG",2106211145497612571,https://pbs.twimg.com/media/HTrD3zYagAA1Pxk.jpg,,in,,0,0,0,https://x.com/antaranews/status/2106211145497612571,18071520,antaranews
2106211009140773126,2026-10-03T02:33:30.000Z,6,"Gosip adalah Fakta yg tertundaa 😇

Bener nggak berita Shandy Aulia jadi ani-ani kapolri baru kita alias Pak Suyudi? egk ikhlas banget duit pajak kita buat gaya MEWAAAH ani ani https://t.co/BgYf1Yy1il",2106211009140773126,https://pbs.twimg.com/media/HTrDvxEaQAAfdiG.jpg,,in,,0,1,2,https://x.com/sbubuy/status/2106211009140773126,1668620659860332547,sbubuy
2106210829393973525,2026-10-03T02:32:47.000Z,0,"Mari kawal bersama janji kapolri suyudi benahi administrasi pajak

#Kapolri #SuyudiArioSeto #Polri #PolriUntukMasyarakat https://t.co/kBROep099m",2106210829393973525,https://pbs.twimg.com/media/HTrDlUoaIAA_0a3.jpg,,in,,0,0,0,https://x.com/NindyAp15421940/status/2106210829393973525,1311496276525998082,NindyAp15421940
2106157165388202307,2026-10-03T02:32:25.000Z,0,@pilarkeamanan Mari kawal bersama janji kapolri suyudi benahi administrasi pajak,2106210736771047491,,pilarkeamanan,in,,0,0,0,https://x.com/agus_haryonoo/status/2106210736771047491,1732606160782630912,agus_haryonoo
2106210390963261880,2026-10-03T02:31:03.000Z,14,"Kapolri Suyudi Mutasi 19 Kapolda, Ini Daftarnya
https://t.co/X774FI2Hk2",2106210390963261880,,,in,,3,1,3,https://x.com/liputan6dotcom/status/2106210390963261880,47596019,liputan6dotcom
2106209673020162048,2026-10-03T02:28:12.000Z,3,"Usai kepemimpinan Polri resmi berpindah dari Jenderal Listyo Sigit Prabowo kepada Jenderal Suyudi Ario Seto, Mabes Polri melakukan rotasi jabatan besar-besaran yang tertuang dalam Surat Telegram (ST) Nomor: 2205/XKEP./2026 tertanggal 2 Oktober 2026.

Sejumlah pergeseran posisi",2106209673020162048,,,in,,0,0,0,https://x.com/VIVAcoid/status/2106209673020162048,41730943,VIVAcoid
2106191936017281348,2026-10-03T02:28:07.000Z,0,@kumparan Baei sehari lsng nggerakin gerbong mutasi........ bernasss kali nih Bapak Kapolri. Joss,2106209653277548843,,kumparan,in,,0,0,0,https://x.com/MengaliRNaturaL/status/2106209653277548843,226240949,MengaliRNaturaL
2106155221030428846,2026-10-03T02:26:07.000Z,0,@bardanslm Udah ganti kapolri masih saja bobrokk,2106209151580037276,,bardanslm,in,,0,0,0,https://x.com/DanielSagi1/status/2106209151580037276,1102295879975755776,DanielSagi1
2106209139852816547,2026-10-03T02:26:05.000Z,1,"Jenderal Polisi Suyudi Ario Seto resmi dilantik sebagai Kapolri pada 1 Oktober 2026. Eks Kepala BNN ini membawa fokus pada pelayanan publik, penegakan hukum yang adil, dan kedekatan dengan masyarakat. 
#jagaindonesia #Kapolri #SuyudiArioSeto #ReformasiPolri #Polri https://t.co/eg8LOZW7D4",2106209139852816547,https://pbs.twimg.com/amplify_video_thumb/2106209087633670144/img/8VOaqJKYLKJCpa-i.jpg,,in,,0,0,1,https://x.com/zivamela/status/2106209139852816547,1983440336593797120,zivamela
2106209107166519795,2026-10-03T02:25:57.000Z,0,"Suyudi Ario Seto sebelumnya pernah menjabat Wakabareskrim dan Kapolda Metro Jaya, sementara kini sebagai Kapolri ia menyatakan akan mengevaluasi program lama dan memperbaiki aspek yang masih perlu dibenahi. 
#Kapolri #SuyudiArioSeto #Polri #Reformasi #jagaindonesia https://t.co/qqY20RRX7j",2106209107166519795,https://pbs.twimg.com/amplify_video_thumb/2106208841750999040/img/qhPKAgae_Hr6RDW3.jpg,,in,,0,0,0,https://x.com/jemimaassgf/status/2106209107166519795,1987751930987511808,jemimaassgf
2106208601995980898,2026-10-03T02:23:56.000Z,0,"Kapolri Suyudi Mutasi 19 Kapolda, Ada Pergantian di Polda DIY https://t.co/2i63iYGCGp",2106208601995980898,,,in,,0,0,0,https://x.com/Harian_Jogja/status/2106208601995980898,118371948,Harian_Jogja
2106157165388202307,2026-10-03T02:23:34.000Z,0,"@pilarkeamanan Pesimis boleh, tapi beri ruang kapolri baru buktikan kinerjanya",2106208508022780326,,pilarkeamanan,in,,0,0,0,https://x.com/harinugroho0/status/2106208508022780326,1701111924191277056,harinugroho0
2106208498082357570,2026-10-03T02:23:32.000Z,0,Kapolri ternyata mantan cover boy,2106208498082357570,,,in,,0,0,0,https://x.com/awantirtawan/status/2106208498082357570,1275316610,awantirtawan
2106208464582426806,2026-10-03T02:23:25.000Z,0,https://t.co/wVE2Q0k01D,2106208471104549126,,inilahdotcom,zxx,,0,0,0,https://x.com/inilahdotcom/status/2106208471104549126,46693036,inilahdotcom
2106208464582426806,2026-10-03T02:23:24.000Z,3,"Estafet kepemimpinan Polri resmi berganti. Serah terima jabatan digelar di Mabes Polri, Jumat (2/10/2026), dengan rangkaian tradisi mulai dari penyerahan Panji-Panji Polri hingga farewell parade.

Jenderal Polisi Suyudi Ario Seto resmi menjabat Kapolri menggantikan Listyo Sigit https://t.co/bQIgPrLqWN",2106208464582426806,https://pbs.twimg.com/amplify_video_thumb/2106208336362577920/img/afkdwXcD3LBe0wCD.jpg,,in,,0,1,1,https://x.com/inilahdotcom/status/2106208464582426806,46693036,inilahdotcom
2106208255748001884,2026-10-03T02:22:34.000Z,0,"Sistem samsat sedang dibenahi total, yuk dukung kinerja polri

#Kapolri #SuyudiArioSeto #Polri #PolriUntukMasyarakat https://t.co/AGI3NjytR2",2106208255748001884,https://pbs.twimg.com/media/HTrBPfubYAAR0dp.jpg,,in,,0,0,0,https://x.com/ags_suparman/status/2106208255748001884,1735550101597372416,ags_suparman
2106208218628440134,2026-10-03T02:22:25.000Z,0,"hijab malaay di mobil
https://t.co/m75HPfEKSs 

https://t.co/5hT5N9S0xQ 

https://t.co/KccCHac0mo
Pagii Tidur Nana Kerja King Indo Applying to FOMO BROKERS SHAME ON YOU Wantimpres Selamat Hari Batik Nasional Rocky Gerung Kapolri https://t.co/NgKJ77g0pn",2106208218628440134,https://pbs.twimg.com/amplify_video_thumb/2106208024423718912/img/XWIg8BCRsJnb9ePr.jpg,,in,,0,0,0,https://x.com/liammoustache/status/2106208218628440134,390367827,liammoustache
2106208099417895366,2026-10-03T02:21:57.000Z,0,Gila nih bakal terjadi mutasi besar-besaran nih di korp tribrata dan orang² loyalis oslo disingkirkan total dan menariknya itu semua dilakukan dalam kurun waktu 1x24 jam pasca Sertijab kapolri,2106208099417895366,,,in,,0,0,0,https://x.com/soulofdanny_/status/2106208099417895366,134362641,soulofdanny_
2105992359313899837,2026-10-03T02:21:50.000Z,0,"@ReflyHZ Prabowo malah sering kena jebakan Jokowi

Atas referensi dri Jokowi memindahkan jabatan Kapolri ke lingkungan Kepresidenan

Maka Jokowi akan lebih kuat kalw orng² dia sudah komplit di lingkungan Kepresidenan 

Tinggal nunggu waktu BOM  itu di tekan!.",2106208072993849646,,ReflyHZ,in,,0,0,0,https://x.com/BeeInsfire/status/2106208072993849646,1570990959680458756,BeeInsfire
2106207975111373267,2026-10-03T02:21:27.000Z,0,"Jenderal Suyudi Ario Seto menyatakan akan melakukan konsolidasi internal dan mengevaluasi program sebelumnya, dengan fokus pada pelayanan publik, penegakan hukum, dan kedekatan dengan masyarakat. 
#Kapolri #SuyudiArioSeto #Polri #Reformasi #jagaindonesia https://t.co/aE0B3cdu1x",2106207975111373267,https://pbs.twimg.com/amplify_video_thumb/2106207868596994049/img/ZcKDOXp1pqMTB2uM.jpg,,in,,0,0,0,https://x.com/jessicaadara_/status/2106207975111373267,1975519521852325888,jessicaadara_
2106207942760706381,2026-10-03T02:21:19.000Z,0,"Yang lagi rame nih
https://t.co/m75HPfEKSs 

https://t.co/5hT5N9S0xQ 

https://t.co/KccCHac0mo
Pagii Tidur Nana Kerja King Indo Applying to FOMO BROKERS SHAME ON YOU Wantimpres Selamat Hari Batik Nasional Rocky Gerung Kapolri https://t.co/35syTTf6yB",2106207942760706381,https://pbs.twimg.com/amplify_video_thumb/2106207808362631168/img/enbVBZ_5oL6zxF3M.jpg,,in,,0,0,0,https://x.com/liammoustache/status/2106207942760706381,390367827,liammoustache
2106207263149158737,2026-10-03T02:18:37.000Z,0,"DPR optimistis Kapolri baru bisa memperkuat kepercayaan publik. Anggota Komisi III DPR mendorong Jenderal Suyudi Ario Seto memperkuat pelayanan dan memastikan laporan masyarakat mendapat tindak lanjut yang jelas. 
#Kapolri #Polri #DPR #suyudiarioseto #jagaindonesia https://t.co/kHMjhzaBRx",2106207263149158737,https://pbs.twimg.com/amplify_video_thumb/2106207176675266560/img/Oory9gQ2GBhdtdQH.jpg,,in,,0,0,0,https://x.com/bellakhaisk/status/2106207263149158737,1975517287840161795,bellakhaisk
2106207049361268844,2026-10-03T02:17:46.000Z,0,"Lagi rame cowo 1 vs 3 cewe
https://t.co/m75HPfEKSs 

https://t.co/5hT5N9S0xQ 

https://t.co/KccCHac0mo
Pagii Tidur Nana Kerja King Indo Applying to FOMO BROKERS SHAME ON YOU Wantimpres Selamat Hari Batik Nasional Rocky Gerung Kapolri https://t.co/bI3LiEy8Qf",2106207049361268844,https://pbs.twimg.com/amplify_video_thumb/2106206465786810368/img/hzPr9WojHMH62fad.jpg,,in,,0,0,0,https://x.com/liammoustache/status/2106207049361268844,390367827,liammoustache
2106207041551556867,2026-10-03T02:17:44.000Z,0,"Sigit mungkin brhenti dri Kapolri, v msih brada di skitar istana.,n mungkin bisa lbih mmpengaruhi Presiden.,apakh anda yakin wowo bisa mnegakkn hukum yg baik n benar? 

#TangkapAdiliJokowiGibran 
#TangkapAdiliJokowiGibran",2106207041551556867,,,in,,0,0,0,https://x.com/ade_rusmaya/status/2106207041551556867,1602332326549065728,ade_rusmaya
2106180696410923504,2026-10-03T02:16:52.000Z,0,@bynn28 ohh ini yg lagi rame ibu kapolri,2106206821459656983,,bynn28,in,,0,0,0,https://x.com/bluenyvaley/status/2106206821459656983,1243833395987140609,bluenyvaley
2106206580589097367,2026-10-03T02:15:54.000Z,7,ANTARA -  Polri mutasi 88 pati dan pamen usai Suyudi jadi kapolri dlvr.​it/TVlmgV https://t.co/LwKDz6wENg,2106206580589097367,https://pbs.twimg.com/media/HTq_uUraQAA0lCh.jpg,,in,,0,0,1,https://x.com/antaranews/status/2106206580589097367,18071520,antaranews
2106205509376483376,2026-10-03T02:11:39.000Z,5,"Kapolri Suyudi Mutasi 19 Kapolda, Ini Daftarnya

https://t.co/Sdy4iMzPGq",2106205509376483376,,,in,,1,0,0,https://x.com/liputan6dotcom/status/2106205509376483376,47596019,liputan6dotcom
2106205397468201031,2026-10-03T02:11:12.000Z,0,Ketua LPSK Achmadi Berharap Kapolri Suyudi Ario Seto Lanjutkan Kepemimpinan yang Amanah https://t.co/Vfro9B64cq https://t.co/f8vrPZNdJH,2106205397468201031,https://pbs.twimg.com/media/HTq-pEYboAA4e7K.jpg,,in,,0,0,0,https://x.com/indojurnalis_x/status/2106205397468201031,1283567882585006080,indojurnalis_x
2106204663997690007,2026-10-03T02:08:17.000Z,0,"Komjen Pol Suyudi Ario Seto menjadi Kapolri menguat. Sosok tegas dengan latar belakang BNN dinilai membawa angin segar bagi reformasi Polri yang lebih profesional dan berintegritas. Apa pendapat Anda?
#jagaindonesia #ReformasiPolri #PolriPresisi #KapolriBaru #SuyudiArioSeto https://t.co/FEudU016BU",2106204663997690007,https://pbs.twimg.com/amplify_video_thumb/2106204610860056576/img/oXVekd6gprk2F7_e.jpg,,in,,0,0,0,https://x.com/felycyaan/status/2106204663997690007,2033568593468919808,felycyaan
2106204532678197572,2026-10-03T02:07:46.000Z,0,"Kapolri baru resmi memimpin Polri, babak baru pun dimulai. Jenderal Polisi Suyudi Ario Seto resmi menggantikan Listyo Sigit Prabowo sebagai Kapolri setelah dilantik Presiden pada 1 Oktober 2026. 
#Kapolri #Polri #SuyudiArioSeto #Indonesia #jagaindonesia https://t.co/pFkUJWi2Gj",2106204532678197572,https://pbs.twimg.com/amplify_video_thumb/2106204341007003648/img/DCAIjEuWxPvBHID6.jpg,,in,,0,0,0,https://x.com/biancapatriciaw/status/2106204532678197572,2013514738303651840,biancapatriciaw
2106196606441705646,2026-10-03T01:36:16.000Z,1,"Presiden Prabowo Subianto melantik Jenderal (Pol) Suyudi Ario Seto sebagai Kapolri baru. Bagaimana mekanisme dan proses pergantian Kapolri baru selama ini? #Polhuk #AdadiKompas 

https://t.co/DyhHU7cBxf",2106196606441705646,,,in,,0,0,0,https://x.com/hariankompas/status/2106196606441705646,255866913,hariankompas
2106195954785231351,2026-10-03T01:33:41.000Z,0,"Presiden Prabowo Subianto melantik Jenderal (Pol) Suyudi Ario Seto sebagai Kapolri baru. Bagaimana mekanisme dan proses pergantian Kapolri baru selama ini? #Politik #AdadiKompas

https://t.co/CPCuF44Bjo",2106195954785231351,,,in,,0,0,0,https://x.com/KompasData/status/2106195954785231351,771030588,KompasData
2106195755832938848,2026-10-03T01:32:54.000Z,13,"Kapolri Jenderal Suyudi Ario Seto memutasi sejumlah pejabat di lingkungan Mabes Polri. Salah satu yang berganti adalah posisi Kepala Badan Pemelihara Keamanan (Kabaharkam) Polri.

Mutasi itu tertuang dalam Surat Telegram Rahasia nomor ST/2205/X/KEP/2026 tertanggal 2 Oktober 2026. https://t.co/YNcUGzgWs3",2106195755832938848,https://pbs.twimg.com/media/HTq13z_aAAAAB4P.jpg,,in,,1,1,3,https://x.com/kumparan/status/2106195755832938848,759692754985242625,kumparan
2105490263762501912,2026-10-03T01:31:32.000Z,0,"@kompascom Gak paham sama dinamika politik di atas, tapi semoga Kapolri Listyo bisa terus berkarya dengan baik. Keep it up, Pak!",2106195413644755091,,kompascom,in,,0,0,0,https://x.com/aishaazahrara/status/2106195413644755091,2078026538994585600,aishaazahrara
2106180696410923504,2026-10-03T01:31:26.000Z,0,@bynn28 Teman dekat Kapolri,2106195387627549084,,bynn28,in,,0,0,0,https://x.com/super23ra/status/2106195387627549084,2084811686427623424,super23ra
2106024172887662699,2026-10-03T01:28:35.000Z,0,"@Just_mushlih Justru bagus merangsek ke dalam untuk tempur, kapolri udah ganti juga ,,kita lihat perkembangan bbrp hri kedepan",2106194670586052713,,Just_mushlih,in,,0,0,0,https://x.com/AgusNug16837581/status/2106194670586052713,1420405830071902212,AgusNug16837581
2106194592819536357,2026-10-03T01:28:16.000Z,22,"Kapolri Jenderal Suyudi Ario Seto melakukan mutasi besar-besaran di tubuh Polri. Salah satu yang diganti Kabareskrim yang sebelumnya dijabat Komjen Syahardiantono, kini dijabat Pol Asep Safrudin.

Asep sebelumnya menjabat Kapolda Kepulauan Riau. Mutasi itu tertuang dalam surat https://t.co/rlP5NDJkwK",2106194592819536357,https://pbs.twimg.com/media/HTq00H6awAAF6hZ.jpg,,in,,0,0,3,https://x.com/kumparan/status/2106194592819536357,759692754985242625,kumparan
2106193931918848003,2026-10-03T01:25:39.000Z,0,"Presiden Prabowo Subianto telah melantik Kapolri baru, Jenderal Suyudi Ario Seto. Kapolri Suyudi sebelumnya menyampaikan sejumlah agenda, mulai dari pembenahan internal, penguatan meritokrasi, peningkatan kualitas pelayanan publik, penegakan hukum yang adil, hingga memperkuat https://t.co/4eReO0G8gu",2106193931918848003,https://pbs.twimg.com/media/HTq0NodacAAQzOm.jpg,,in,,0,0,0,https://x.com/RadioElshinta/status/2106193931918848003,121640063,RadioElshinta
2106193367663357960,2026-10-03T01:23:24.000Z,3,"DALAM HAL INI PRABOWO TEPAT

Prabowo tidak harus membuang Listyo Sigit untuk mengubah peta' kekuasaan. Cukup memindahkan' kursinya.

Listyo Sigit kini bukan lagi Kapolri, tetapi Kepala Staf Kepresidenan. 
Secara formal, ia keluar' dari pucuk Polri, secara politik, ia tetap berada https://t.co/MSl8eX0nHl",2106193367663357960,https://pbs.twimg.com/media/HTqzsr2asAATU-7.jpg,,in,,0,1,1,https://x.com/teh_tjemplung/status/2106193367663357960,2431659727,teh_tjemplung
2106165449402782103,2026-10-03T01:20:16.000Z,0,"@Amotsky @KaZep7 Fomo iq 78. LSP tu udah 5 tahun jdi kapolri, paling lama sejak era reformasi, jd kalo dia diganti ya wajar karena udah waktunya, gk mungkin kapolri smpe 2029. Gk ada yg nangka juga bisa sampe 2 tahun dimasa prabs, sekarang masih dikasih posisi juga di ksp 🤣",2106192577934635468,,Amotsky,in,,0,0,0,https://x.com/Arrazzi9/status/2106192577934635468,912268148975349761,Arrazzi9
2106191936017281348,2026-10-03T01:17:43.000Z,43,"Kapolri Jenderal Suyudi Ario Seto memutasi sejumlah pejabat di level perwira tinggi. Salah satu yang dimutasi adalah Irjen Dadang Hartanto menjadi Kapolda Metro.

Mutasi itu tertuang dalam Surat Telegram Rahasia nomor ST/2205/X/KEP/2026 tertanggal 2 Oktober 2026. Dadang https://t.co/eqzBfPnINL",2106191936017281348,https://pbs.twimg.com/media/HTqyY7rbUAAYsOY.jpg,,in,,2,2,11,https://x.com/kumparan/status/2106191936017281348,759692754985242625,kumparan
2105490263762501912,2026-10-03T01:14:40.000Z,0,"@kompascom Bro, kita harus lihat dari sudut pandang positif. Kapolri Listyo Sigit kayaknya punya visi yang baik. Mending kita beri dukungan!",2106191169382404123,,kompascom,in,,0,0,0,https://x.com/aeeraasky/status/2106191169382404123,1918695952841666560,aeeraasky
2106155221030428846,2026-10-03T01:14:00.000Z,0,@bardanslm apa guna ganti kapolri?,2106191000825942237,,bardanslm,in,,0,0,0,https://x.com/jiwayqngsepi86/status/2106191000825942237,1767349332913586176,jiwayqngsepi86
2105490263762501912,2026-10-03T01:13:37.000Z,0,"@kompascom Setuju! Ayo stay optimistic sama Kapolri baru kita. Dia pasti punya rencana matang buat ke depan, kita dukung aja, ya!",2106190906047218151,,kompascom,in,,0,0,0,https://x.com/zafzaff_/status/2106190906047218151,1921882186543992832,zafzaff_
2106190811805442074,2026-10-03T01:13:15.000Z,0,"Suyudi mantunya eks kapolda metro jaya jadi juga dia ditunjuk sebagai KAPOLRI NYA WOWOK. 
APA PUNYA NYALI DIA UTK MEMBERSIHKAN POLRI DARI GENG PARCOK JOKOWI-LISTYOSIGIT-TITO-BUDI GUNAWAN ?
MENGHABISI MAFIA JUDI, NARKOBA, KORUPSI, MIRAS, HUKUM PENGADILAN PREMANISME BEGAL DAN TKA ?",2106190811805442074,,,in,,0,0,0,https://x.com/Alexandradoen/status/2106190811805442074,1997488138432954368,Alexandradoen
2105490263762501912,2026-10-03T01:12:41.000Z,0,@kompascom Kapolri Listyo juga butuh dukungan dari kita semua. Jangan sampai keputusan politik bikin kita kehilangan sosok yang berpotensi membawa perubahan positif.,2106190669970809237,,kompascom,in,,0,0,0,https://x.com/iellz136882/status/2106190669970809237,1928837861702606848,iellz136882
2105490263762501912,2026-10-03T01:11:35.000Z,0,"@kompascom Eh, kenapa sih ada penangguhan gitu? Kapolri baru udah mulai terjun langsung, kita kasih kesempatan lah. Go, Listyo! #Support",2106190392307937607,,kompascom,in,,0,0,0,https://x.com/raraskyyy_/status/2106190392307937607,1942917162873847808,raraskyyy_
2106155221030428846,2026-10-03T01:10:49.000Z,0,"@bardanslm Pak kapolri, ni kmrn hbs pidato skrg anak buahnya dah betingkah",2106190199860727956,,bardanslm,in,,0,0,0,https://x.com/ariefrachmandi/status/2106190199860727956,60631914,ariefrachmandi
2105490263762501912,2026-10-03T01:10:29.000Z,0,"@kompascom Jangan gampang ngejudge, guys! Kapolri baru perlu waktu buat buktikan kinerjanya. Mending kita fokus dukung dia untuk yang terbaik.",2106190115810968035,,kompascom,in,,0,0,0,https://x.com/saa1045972/status/2106190115810968035,1942920637531693056,saa1045972
2106189852924588198,2026-10-03T01:09:26.000Z,0,"Jenderal Listyo Sigit Prabowo resmi meninggalkan Mabes Polri setelah menyerahkan jabatan Kapolri kepada Jenderal Suyudi Ario Seto.

Hal itu ditandai dengan tradisi pelepasan setelah upacara penyerahan panji Tribrata yang digelar di Lapangan Bhayangkara, Jakarta Selatan, Jumat",2106189852924588198,,,in,,0,0,0,https://x.com/tribunnews/status/2106189852924588198,124171593,tribunnews
2105490263762501912,2026-10-02T23:03:39.000Z,0,"@kompascom Kapolri baru, semangat baru! Semoga bisa tingkatkan keamanan dan kenyamanan masyarakat. #GoListyo",2106158196469690654,,kompascom,in,,0,0,0,https://x.com/fiyaardelia/status/2106158196469690654,1932086008046383104,fiyaardelia
2105490263762501912,2026-10-02T23:02:36.000Z,0,"@kompascom Wah, Kapolri baru ini semoga bisa bawa perubahan positif ya! Kita dukung penuh! 🙌",2106157932903837817,,kompascom,in,,0,0,0,https://x.com/geviankaaz/status/2106157932903837817,1875382476480376832,geviankaaz
2106157165388202307,2026-10-02T22:59:33.000Z,25,"Skeptis itu wajar, tapi pembenahan administrasi kendaraan dan pungli pajak bukan cuma soal sosok, melainkan perbaikan sistem yang perlu dikawal bersama agar janji Kapolri Suyudi benar-benar terlihat hasilnya

#Kapolri #SuyudiArioSeto #Polri #PolriUntukMasyarakat https://t.co/vU2rB5L0vg",2106157165388202307,https://pbs.twimg.com/media/HTqSxruaoAAl1nO.jpg,,in,,0,5,0,https://x.com/pilarkeamanan/status/2106157165388202307,1320580072185581568,pilarkeamanan
2106155221030428846,2026-10-02T22:57:13.000Z,80,"@bardanslm Kalimat lucu

PUNGLI TIDAK MEMENUHI UNSUR PIDANA

Kapolri bisa berganti
Tapi tetep lanjut
👇🏻 https://t.co/BzQ8UiSA3k",2106156576717557928,https://pbs.twimg.com/media/HTqSPjRa0AAOBn8.jpg,bardanslm,in,,0,1,8,https://x.com/cemeNix7/status/2106156576717557928,1127479910849605634,cemeNix7
2105973621827203428,2026-10-02T22:48:05.000Z,0,"@jhonmg23 Betul, termasuk beliau. Krn dari kapolri, masuknya jd Menko biar lebih aman",2106154280944374005,,jhonmg23,in,,0,0,0,https://x.com/uniq_le/status/2106154280944374005,64218685,uniq_le
2106151460480381209,2026-10-02T22:36:53.000Z,0,https://t.co/P2CKoLaa9q,2106151460480381209,,,zxx,,0,0,0,https://x.com/antarasumbar/status/2106151460480381209,47639779,antarasumbar
2106148711932043700,2026-10-02T22:25:57.000Z,0,"Profil Komjen Wahyu Hadiningrat, Wakapolri Baru Pendamping Kapolri Suyudi https://t.co/RX7GrsbP7C",2106148711932043700,,,in,,0,0,0,https://x.com/notmsimams/status/2106148711932043700,1605099396,notmsimams
2106145821855248805,2026-10-02T22:14:28.000Z,2,"A day in my life of the latest elementary school kid
https://t.co/TG98dnq22n 

https://t.co/TG98dnq22n

X💥

https://t.co/TG98dnq22n

X3

https://t.co/TG98dnq22n

Friday Night Wantimpres at SUGBK Happy National Batik Day Kapolri Pancasila King Indo Malaysia Rest https://t.co/2pTkw7Drp8",2106145821855248805,https://pbs.twimg.com/media/HTqIdECW4AA2KQJ.jpg,,en,,0,5,1,https://x.com/BryanCruzjp2/status/2106145821855248805,2098363275532480516,BryanCruzjp2
2106141135186137251,2026-10-02T21:55:51.000Z,262,"Kelihatannya Prabowo mulai membangun faksi baru yg siap bertarung dengan Jokowi.

Arahnya semakin terlihat sejak “direstuinya” sidang MK ijazah Gibran berlangsung, digantinya Kapolri, Jaksa Agung, Pratikno, dan diakomodirnya dan orang-orang yg dibenci Jokowi seperti RG dan",2106141135186137251,,,in,,4,40,52,https://x.com/LiterasiRakyat/status/2106141135186137251,992488238609678336,LiterasiRakyat
2106137483268460927,2026-10-02T21:41:20.000Z,0,Kabinet + kapolri @jokowi  da dihabisin sama Prabowo. Termul makin panik,2106137483268460927,,,in,,0,0,0,https://x.com/JohnTia87843206/status/2106137483268460927,1638898647546073090,JohnTia87843206
2105975418826179059,2026-10-02T21:39:07.000Z,0,"@Wwn0303 @djoniecash2 Kl 1-thn an betul,tp skr kapolri ud diganti...selesei tu brg",2106136924847214966,,Wwn0303,in,,0,0,0,https://x.com/EkoApan/status/2106136924847214966,1628901472321835008,EkoApan
2105639185944396031,2026-10-02T21:33:08.000Z,1,"@ArusPolitik_ Contoh yang buruk. Dipikir dah lepas dr lumpur ternyata terjerumus kekandang babi sama joroknya, ganti kapolri lama kebaru sama2 buruk. Milih kapolri tanpa fit and propertest dgn prosedur yg bener ya gini seolah2 indo gaada polisi yg baik semua dilakukan secara terburu2 tnp pikir",2106135416713949490,,ArusPolitik_,in,,0,0,0,https://x.com/gangsterrandom/status/2106135416713949490,830087634709942273,gangsterrandom
2105835285649183057,2026-10-02T21:16:10.000Z,0,"@_Sadewa__ Itu polisi ada td di situ guna nya apa @DivHumas_Polri , sejak kapan ormas boleh swiping gini dulu fpi di tindak klau ini ormas gk di tindak apa di beacking kah. Menanti ketegasan kapolri baru katanya mau basmi aksi premanisme dan backing membekingi.",2106131149491937421,,_Sadewa__,in,,0,0,0,https://x.com/RobyBastia/status/2106131149491937421,1881092235741302785,RobyBastia
2106123728161780136,2026-10-02T20:46:41.000Z,0,"Kapolri yg baru ini sepertinya sdh menyerap keluh kesah masyarakat atas ""pelayanan"" polisi yg harus diperbaiki.👍👍",2106123728161780136,,,in,,0,0,0,https://x.com/Hendro481154/status/2106123728161780136,1864900396021682176,Hendro481154
2106117236146778543,2026-10-02T20:20:53.000Z,0,"meski prabowo kui lulusan abri dan punya darah manado yg terkenal blak-blakan, tetep wae genetik jowone rak iso ilang (sifat nggak enakan)

meh mecat kapolri wae pekewuh, ndadak golekke jabatan liyane. meh ngangkat rocky gerung pekewuh karo jokowi akhire paman usman diajak sisan",2106117236146778543,,,in,,0,0,0,https://x.com/theluckiestboy/status/2106117236146778543,1075090106770309121,theluckiestboy
2106113501345587338,2026-10-02T20:06:03.000Z,2,"A day in my life bocil SD terbaru.

https://t.co/FJWI6JpRBO

https://t.co/4fYfgTfTOU

https://t.co/sDokS9XtOs

https://t.co/ebyUzvoqkX

Wantimpres Jumat Malam Tidur Rocky Gerung Kapolri Malaysia King Indo https://t.co/ZWL92Fcy5c",2106113501345587338,https://pbs.twimg.com/amplify_video_thumb/2106113484018896896/img/NcRIxp8mbGvJHePN.jpg,,in,,0,1,2,https://x.com/carezssa/status/2106113501345587338,543079792,carezssa
2106113215256248806,2026-10-02T20:04:54.000Z,0,"Bocil so imut yang viral 

https://t.co/FJWI6JpRBO

https://t.co/4fYfgTfTOU

https://t.co/sDokS9XtOs

https://t.co/ebyUzvoqkX

Wantimpres Jumat Malam Tidur Rocky Gerung Kapolri Malaysia King Indo https://t.co/UDpYfNK8Gf",2106113215256248806,https://pbs.twimg.com/amplify_video_thumb/2106113203663159296/img/ZLXeWLNG2FTixB4r.jpg,,in,,0,0,0,https://x.com/carezssa/status/2106113215256248806,543079792,carezssa
2106111987197612303,2026-10-02T20:00:02.000Z,2,"Adi Prayitno menilai pergantian Kapolri menjadi momentum untuk melakukan regenerasi. Menurutnya, desakan publik terkait pembatasan masa jabatan Kapolri telah muncul sejak lama agar regenerasi tidak menghambat kinerja institusi.

Nonton #MetroTVKontroversi ROMBAK KABINET, KEJAR https://t.co/T20o7xjCpO",2106111987197612303,https://pbs.twimg.com/amplify_video_thumb/2106111062408101888/img/a-EZgx5WPZJaR4RT.jpg,,in,,0,1,2,https://x.com/Metro_TV/status/2106111987197612303,57261519,Metro_TV
2106106274962350186,2026-10-02T19:37:28.000Z,0,"3. Jangan cuma pecat, proses kasus2 hukumnya. Kerusuhan 28/8/2025 dll 

""Aklamasi. Komisi III Setujui Komjen Suyudi Jadi Kapolri Gantikan Listyo Sigit""

#MakzulkanGibranDiSidangMK
#MakzulkanGibranDiSidangMK",2106106311243092028,,dancersejati07,in,,0,0,0,https://x.com/dancersejati07/status/2106106311243092028,1605747132014637061,dancersejati07
2106106274962350186,2026-10-02T19:37:23.000Z,0,"2. Kalau presiden berkehendak, apa2 bisa.
Kalau kelihatan gak bisa, itu karena presiden gak mau.

""Aklamasi. Komisi III Setujui Komjen Suyudi Jadi Kapolri Gantikan Listyo Sigit""

#MakzulkanGibranDiSidangMK
#MakzulkanGibranDiSidangMK",2106106290242293996,,dancersejati07,in,,0,1,0,https://x.com/dancersejati07/status/2106106290242293996,1605747132014637061,dancersejati07
2106106274962350186,2026-10-02T19:37:20.000Z,0,"1. Kalau presiden berkehendak, apa2 bisa.

Febrie orangnya Hashim disikat gerombolan Jokowi Listyo, Listyo dipecat.

""Aklamasi. Komisi III Setujui Komjen Suyudi Jadi Kapolri Gantikan Listyo Sigit""

#MakzulkanGibranDiSidangMK
#MakzulkanGibranDiSidangMK https://t.co/Ce12ICCpia",2106106274962350186,https://pbs.twimg.com/media/HTpkfWuaYAAjVNc.jpg,,in,,0,1,0,https://x.com/dancersejati07/status/2106106274962350186,1605747132014637061,dancersejati07
2106101544357949901,2026-10-02T19:18:32.000Z,1,"Bilqis Luvena
https://t.co/WoiAuhZ5zl

a day of my life bocil
https://t.co/fvwaZL2uvI

Hijab Panjang
https://t.co/KhynB4LxWV

Jumat Malam Sabtu Pagii UC Browser VCS Istirahat Tidur Wantimpres Percepat Pembangunan Negeri Rocky Gerung Kapolri Bangladesh https://t.co/1ayViW7eSi",2106101544357949901,https://pbs.twimg.com/amplify_video_thumb/2106101517317275648/img/SXKosmkDiz8Vc9_1.jpg,,in,,0,0,0,https://x.com/Asansin411997/status/2106101544357949901,1834768742078988288,Asansin411997
2106099021303689558,2026-10-02T19:08:30.000Z,1,"A day in my life of the latest elementary school kid
https://t.co/TG98dnq22n 

https://t.co/TG98dnq22n

X💥

https://t.co/TG98dnq22n

X3

https://t.co/TG98dnq22n

Friday Night Wantimpres at SUGBK Happy National Batik Day Kapolri Pancasila King Indo Malaysia Rest https://t.co/7J6bRDmnv2",2106099021303689558,https://pbs.twimg.com/media/HTpd42uXAAA3aXp.jpg,,en,,0,3,1,https://x.com/BryanCruzjp2/status/2106099021303689558,2098363275532480516,BryanCruzjp2
2106097791387021609,2026-10-02T19:03:37.000Z,0,"Keluarga Besar Media Online https://t.co/PfZrE8lRFw 
Mengucapkan ;
Selamat Bertugas Kepada Bapak Kapolri &amp; Wakapolri @DivHumas_Polri @HumasPoldaSumut https://t.co/nHEUXNJugw",2106097791387021609,https://pbs.twimg.com/media/HTpcxs5aYAAVsqf.jpg,,in,,0,0,0,https://x.com/sumut24net/status/2106097791387021609,2323972711,sumut24net
2105537662342078624,2026-10-02T18:31:32.000Z,0,@ferrykoto @ListyoSigitP Lagian dia juga udah lama banget jadi Kapolri loh om,2106089716668153889,,ferrykoto,in,,0,0,0,https://x.com/east_philo/status/2106089716668153889,1650173779522502658,east_philo
2106087206486208781,2026-10-02T18:21:33.000Z,4,"Bocil SD main di gubuk lagi viral 

https://t.co/dmEGbbO3Qf

https://t.co/PCPcxeXRRK

https://t.co/S7YXMV3sIf

King Indo Istirahat tidur Pratikno kapolri selamat hari batik Nasional lawan 10 https://t.co/zCBkeB4S7f",2106087206486208781,https://pbs.twimg.com/amplify_video_thumb/2106087123082502144/img/aiClgGf-L98lzkgQ.jpg,,in,,0,0,1,https://x.com/SahilKh79609642/status/2106087206486208781,1218504563587575808,SahilKh79609642
2106086790876787105,2026-10-02T18:19:54.000Z,3,"Bocil handuk putih lagi viral 

https://t.co/dmEGbbO3Qf

https://t.co/PCPcxeXRRK

https://t.co/S7YXMV3sIf

King Indo Istirahat tidur Pratikno kapolri selamat hari batik Nasional lawan 10 https://t.co/cco25JATj2",2106086790876787105,https://pbs.twimg.com/amplify_video_thumb/2106086755283914752/img/d_MRZzOf981USc2k.jpg,,in,,0,0,1,https://x.com/SahilKh79609642/status/2106086790876787105,1218504563587575808,SahilKh79609642
2106085985650098662,2026-10-02T18:16:42.000Z,3,"Bocil A day in my life lagi viral 

https://t.co/dmEGbbO3Qf

https://t.co/PCPcxeXRRK

https://t.co/S7YXMV3sIf

King Indo Istirahat tidur Pratikno kapolri selamat hari batik Nasional lawan 10 https://t.co/NZplUoczB3",2106085985650098662,https://pbs.twimg.com/amplify_video_thumb/2106085944558510080/img/s-KoCTjOGEL1FmTU.jpg,,in,,0,1,2,https://x.com/SahilKh79609642/status/2106085985650098662,1218504563587575808,SahilKh79609642
2106085691205824606,2026-10-02T18:15:32.000Z,3,"Bocil cindo baju Oren lagi viral 

https://t.co/dmEGbbO3Qf

https://t.co/PCPcxeXRRK

https://t.co/S7YXMV3sIf

King Indo Istirahat tidur Pratikno kapolri selamat hari batik Nasional lawan 10 https://t.co/7IBiiZOJ5o",2106085691205824606,https://pbs.twimg.com/amplify_video_thumb/2106085647132106752/img/nOK_4QciCoR9nHln.jpg,,in,,0,2,0,https://x.com/SahilKh79609642/status/2106085691205824606,1218504563587575808,SahilKh79609642
2106085414335639709,2026-10-02T18:14:26.000Z,0,Tantangan 6 Program Kapolri Suyudi Ario Seto https://t.co/JaC5GtgGud,2106085414335639709,,,in,,0,0,1,https://x.com/Paktuntunk/status/2106085414335639709,1849482255946911744,Paktuntunk
2106003413863678191,2026-10-02T18:14:16.000Z,1,"@newIding30 Perpindahan jabatannya benar. Kamis (1/10) Listyo diberhentikan dari Kapolri, lalu dilantik jadi Kepala Staf Kepresidenan menggantikan Dudung Abdurachman. Dasarnya Keppres 105/P/2026. Kapolri baru Suyudi Ario Seto. Dudung naik jadi Menko Polkam. Puan bilang pemberhentiannya",2106085373629858175,,newIding30,in,,0,0,0,https://x.com/0KTAV1ANUSK0K0H/status/2106085373629858175,2082792899717267456,0KTAV1ANUSK0K0H
2106085326158737627,2026-10-02T18:14:05.000Z,3,"Bocil sok imut lagi viral 

https://t.co/dmEGbbO3Qf

https://t.co/PCPcxeXRRK

https://t.co/S7YXMV3sIf

King Indo Istirahat tidur Pratikno kapolri selamat hari batik Nasional lawan 10 https://t.co/7NBL9HkxUl",2106085326158737627,https://pbs.twimg.com/amplify_video_thumb/2106085289223770112/img/ANrPIHcgafG3cwZt.jpg,,in,,0,0,1,https://x.com/SahilKh79609642/status/2106085326158737627,1218504563587575808,SahilKh79609642
2106080858675515436,2026-10-02T17:56:20.000Z,15,"Bocil a day in my life yang viral🧚

https://t.co/lZibmkx2VS

https://t.co/lZibmkx2VS

https://t.co/lZibmkx2VS

Iseng Lubang Buaya Nyesel Pratikno Kapolri Kepala Staf Kepresidenan Island Battle Royal SHOPEE PERTHSANTA NAROCK MAK Transisi Energi #bokep https://t.co/wCs0Io4YZl",2106080858675515436,https://pbs.twimg.com/media/HTpNVuAbUAA2mst.jpg,,in,,1,9,5,https://x.com/jennifer13mu4/status/2106080858675515436,2097921616080515079,jennifer13mu4
2105958606931992663,2026-10-02T17:52:05.000Z,0,@Jateng_Twit Tiap ganti Kapolri lagunya ini mulu dah...,2106079791086723094,,Jateng_Twit,in,,0,0,0,https://x.com/FerisayD/status/2106079791086723094,708108729191772160,FerisayD
2106079708924498290,2026-10-02T17:51:46.000Z,0,RAY RANGKUTI UNGKAP ALASAN KENAPA PRABOWO PECAT KAPOLRI https://t.co/vVnaYb2hBV,2106079708924498290,https://pbs.twimg.com/amplify_video_thumb/2106079518465396736/img/w1a8ckMnumy3wJi_.jpg,,in,,0,0,0,https://x.com/supriyadi2704/status/2106079708924498290,1299649988,supriyadi2704
2105958606931992663,2026-10-02T17:51:45.000Z,0,@Jateng_Twit wih jadi ibu kapolri atau bhayangkari @shandy_aulia,2106079704235299173,,Jateng_Twit,in,,0,0,0,https://x.com/ryz8888/status/2106079704235299173,1550757456749350914,ryz8888
2106079534844166540,2026-10-02T17:51:04.000Z,1,"Ibu kapolri yang asli dengan power lulusan Akpol dan anak Komjen aja posisinya sebagai Ibu Kapolro masih tergoyang. Apalagi yang cuma modal kenal di room kemudian diajak sah. Nggak usah terlalu disombong-sombongin lah jabatan suaminya, paling diketawain jajanan suaminya",2106079534844166540,,,in,,0,0,0,https://x.com/niwidyaningrum/status/2106079534844166540,60257068,niwidyaningrum
2105918319031378264,2026-10-02T17:49:25.000Z,2,@yayancanggih Dia sampe cerein suaminya dulu jir biar jadi ani2 kapolri,2106079119201190062,,yayancanggih,in,,0,0,1,https://x.com/raisarrah/status/2106079119201190062,1078531979509825537,raisarrah
2106077583922298985,2026-10-02T17:43:19.000Z,2,"A day in my life of the latest elementary school kid
https://t.co/xY2IXUtDQg
https://t.co/xY2IXUtDQg
X💥
https://t.co/xY2IXUtDQg
X3
https://t.co/xY2IXUtDQg
https://t.co/xY2IXUtDQg
Friday Night Wantimpres at SUGBK Happy National Batik Day Kapolri Pancasila King Indo Malaysia Rest https://t.co/9hLAEz4zd1",2106077583922298985,https://pbs.twimg.com/media/HTpKYu2aUAAFQdF.jpg,,en,,0,2,0,https://x.com/AmirAhmed191215/status/2106077583922298985,1684540516640100353,AmirAhmed191215
2106072402518217158,2026-10-02T17:22:44.000Z,0,Komitmen Kapolri Suyudi https://t.co/9hoU7v7DMo,2106072402518217158,https://pbs.twimg.com/amplify_video_thumb/2106072378241650688/img/5i9e4YcH12R_v68f.jpg,,in,,0,0,0,https://x.com/Deee_otw/status/2106072402518217158,2069029186183090176,Deee_otw
2105825089031663822,2026-10-02T15:59:53.000Z,0,@AdamPrabata Ini keknya bakal masuk barang RUU pelarangan Vape karena sang perumusnya jadi Kapolri wkwk,2106051554138792258,,AdamPrabata,in,,0,0,0,https://x.com/AldhitamaR/status/2106051554138792258,1682765791161384960,AldhitamaR
2106049261955895502,2026-10-02T15:50:47.000Z,14,"Sifa namanya

https://t.co/IwgVrBDoSB

https://t.co/YXyIW8WRMO

https://t.co/zctFkdFb54

Bangladesh WE REIGN PRESS TOUR dua tahun prabowo infobaik kadang terabaikan kapolri jumat nana Pancasila Suyudi Ario Seto Mitch Baker  Kytro Token pln 50rb makmur King Indo Kanjuruhan https://t.co/kpIk3h0kG9",2106049261955895502,https://pbs.twimg.com/amplify_video_thumb/2106049242880176128/img/l9LVjc0nOkn80zA2.jpg,,in,,0,0,14,https://x.com/cetvite/status/2106049261955895502,4772889025,cetvite
2106022147676328101,2026-10-02T15:45:24.000Z,2,"@Tan_Mar3M @officialMKRI Biarin aja udh gak ada listio, paling dibuang sm kapolri baru😆",2106047909167042874,,Tan_Mar3M,in,,0,0,0,https://x.com/ElizabethF125/status/2106047909167042874,1713070248654704640,ElizabethF125
2106015690893480389,2026-10-02T15:44:41.000Z,0,@valiantmahdi Ibu kapolri rekkk,2106047726995870026,,valiantmahdi,in,,0,0,0,https://x.com/syurabaya/status/2106047726995870026,3262945794,syurabaya
2106047482795094022,2026-10-02T15:43:43.000Z,1,"A day in my life of the latest elementary school kid
https://t.co/9AmQvhdLTh
https://t.co/9AmQvhdLTh
X💥
https://t.co/9AmQvhdLTh
X3
https://t.co/9AmQvhdLTh
https://t.co/9AmQvhdLTh
Friday Night Wantimpres at SUGBK Happy National Batik Day Kapolri Pancasila King Indo Malaysia Rest https://t.co/7NdnPk2tve",2106047482795094022,https://pbs.twimg.com/media/HTovAMGaYAAMkX5.jpg,,en,,0,3,0,https://x.com/Newsonph/status/2106047482795094022,2092589212218613760,Newsonph
2106011612218081693,2026-10-02T15:43:02.000Z,1,@pamatri23 Pengen lihat gebrakan KAPOLRI yg baru dengan kasus seperti ini @DivHumas_Polri @DPR_RI,2106047312757924103,,pamatri23,in,,0,0,0,https://x.com/SPENTAMAINYU02/status/2106047312757924103,1749774672676466688,SPENTAMAINYU02
2106047287634100286,2026-10-02T15:42:56.000Z,0,"KAPOLRI DIGANTI, ROCKY MASUK ISTANA, FUFUFAFA TERANCAM DIPECAT MK. TANDA-TANDA ZAMAN https://t.co/pKXV3kzJLI",2106047287634100286,https://pbs.twimg.com/amplify_video_thumb/2106047113662767104/img/njrAuP5bLFfLcdmt.jpg,,in,,0,0,0,https://x.com/supriyadi2704/status/2106047287634100286,1299649988,supriyadi2704
2106038963115049125,2026-10-02T15:41:20.000Z,0,"@tham878 @SBYudhoyono @DivHumas_Polri @ListyoSigitP Dijaman Listyo tifa dan Roy panci dapat penangguhan tersangka dan bebas ngoceh ,, dijaman kapolri Listyo jin botol yg jelas tersangka korupsi dapat panggung dan bebas ngoceh dimk",2106046884951511365,,abdulKa50631277,in,,0,0,0,https://x.com/abdulKa50631277/status/2106046884951511365,2004077884772925440,abdulKa50631277
2106038963115049125,2026-10-02T15:38:58.000Z,1,"@tham878 Koruptor jin botol antek @SBYudhoyono kan emang mau nyari cuan dan pansos biar bisa bebas dari jeratan hukum yg dilakukan @DivHumas_Polri entah kapan itu kepolisian memberikan bukti SP3 yg digaungkan sibotol,moga aja kapolri yg baru g masuk angin kayak @ListyoSigitP.",2106046290153070726,,tham878,in,,0,1,0,https://x.com/abdulKa50631277/status/2106046290153070726,2004077884772925440,abdulKa50631277
2106045893942370446,2026-10-02T15:37:24.000Z,0,"Jadi juga dia sebagai KAPOLRI NYA WOWO, APA PUNYA NYALI DIA UNTUK MEMBERSIHKAN POLRI DAN GENG PARCOK JOKOWI-LISTYOSIGIT-TITO-BUDI GUNAWAN ?",2106045893942370446,,,in,,0,0,0,https://x.com/Alexandradoen/status/2106045893942370446,1997488138432954368,Alexandradoen
2106045749536641076,2026-10-02T15:36:49.000Z,3,"A day in my life bocil SD terbaru.

https://t.co/WS7K2Gz9kQ

https://t.co/s0I0QqdKhK

https://t.co/Nrmsh9pSj8

Jumat Malam SUGBK PLTP Ungaran Kapolri King Indo Malaysia Pratikno Rocky Gerung Wantimpres https://t.co/YQOTQQing9",2106045749536641076,https://pbs.twimg.com/amplify_video_thumb/2106045407017230336/img/AoY3qglyciQjMXtY.jpg,,in,,0,0,1,https://x.com/kXP2kyklZC5IfiW/status/2106045749536641076,904297403318247424,kXP2kyklZC5IfiW
2106044805826687271,2026-10-02T15:33:04.000Z,10,"Gw sangat bersyukur dengan digantinya Kapolri Listyo Sigit Prabowo, karena hampir 6 tahun menjabat Kapolri tidak berani menegakkan hukum terhadap kelompok intoleran beragama, yg mereka lakukan kpd agama minoritas, padahal mereka itu jelas2 melakukan tindak pidana.

Dia itu punya https://t.co/lcDQa2DOhy",2106044805826687271,https://pbs.twimg.com/media/HToslhebkAAGXGV.jpg,,in,,0,1,1,https://x.com/DoankWarto/status/2106044805826687271,938664737369341952,DoankWarto
2106044755004285090,2026-10-02T15:32:52.000Z,4,"Dear tweeps, barusan ada yang telp meminta saya menghapus tweet tentang Kapolri. Saya merasa tidak menulis posting tentang Kapolri, kecuali me-reply tweet yang muncul di TL.

Ini saya ss nomor penelpon, siapa tahu ada teman yang juga dapat telp serupa. Saya heran dari mana ia https://t.co/WGvzjPvwaf",2106044755004285090,https://pbs.twimg.com/media/HTosihwaEAAfBa6.jpg,,in,,0,2,1,https://x.com/almubarak/status/2106044755004285090,15221413,almubarak
2106044299725128153,2026-10-02T15:31:04.000Z,1,"Jadi juga dia sebagai KAPOLRI NYA WOWO, APA PUNYA NYALI DIA UNTUK MEMBERSIHKAN POLRI DAN GENG PARCOK JOKOWI-LISTYOSIGIT-TITO-BUDI GUNAWAN ?",2106044299725128153,,,in,,0,0,1,https://x.com/Alexandradoen/status/2106044299725128153,1997488138432954368,Alexandradoen
2106043597489644008,2026-10-02T15:28:16.000Z,0,kapolri bilang mau dekat sama masyarakat lewat pelayanan publik dan hukum adil ini langkah bagus agar polisi bersama rakyat bukan hanya slogan https://t.co/l3tOH60EEn,2106043597489644008,https://pbs.twimg.com/media/HTorfL3bsAAUlYW.jpg,,in,,0,0,0,https://x.com/nnisadinda/status/2106043597489644008,588600268,nnisadinda
2106042872915284072,2026-10-02T15:25:23.000Z,0,keren ya Kapolri yang ingin tingkatkan pelayanan publik lalu pastikan hukum berlaku adil dan polisi makin dekat dengan masyarakat di seluruh daerah https://t.co/TxZBevVR38,2106042872915284072,https://pbs.twimg.com/media/HToq0uabwAEchUV.jpg,,in,,0,0,0,https://x.com/yuliadiansaf/status/2106042872915284072,2274166549,yuliadiansaf
2105911240719827315,2026-10-02T15:21:42.000Z,0,@AsgarArief48802 ganti kapolri ngga ada bedanya 🙄🫣,2106041943881069012,,AsgarArief48802,in,,0,0,0,https://x.com/wongAyoe2021/status/2106041943881069012,1232183099523575808,wongAyoe2021
2106041013026361635,2026-10-02T15:18:00.000Z,1,"Pengamat politik sekaligus Direktur Eksekutif Aljabar Strategic Indonesia, Arifki Chaniago, menilai perombakan atau reshuffle kabinet yang dilakukan Presiden Prabowo Subianto pada Kamis (1/10/2026) merupakan bagian dari konsolidasi politik menjelang akhir tahun ketiga https://t.co/JaU0McPwAv",2106041013026361635,https://pbs.twimg.com/media/HToN5RcbAAAzUjF.jpg,,in,,0,0,0,https://x.com/tribunnews/status/2106041013026361635,124171593,tribunnews
2106038951605919883,2026-10-02T15:09:49.000Z,0,kapolri hebat prioritas pelayanan dan keadilan hukum pasti bikin masyarakat lebih percaya sama institusi https://t.co/sOhPIyZrp9,2106038951605919883,https://pbs.twimg.com/media/HTonQxFawAAOC2-.jpg,,in,,0,0,0,https://x.com/mutiaradewiin/status/2106038951605919883,378523545,mutiaradewiin
2106037430499590499,2026-10-02T15:03:46.000Z,11,"Bocil main sama Kaka viral 

https://t.co/EhCn1Lm6hU

https://t.co/iE3kgDZAwI

https://t.co/SUbg1kXK5T

King indo Iseng Lubang Buaya Nyesel Pratikno Kapolri Kepala Staf Kepresidenan Island https://t.co/ESBv3PKyDw",2106037430499590499,https://pbs.twimg.com/amplify_video_thumb/2106037394818596864/img/6-FpVQWg9OkmcqRe.jpg,,in,,0,4,1,https://x.com/nadimhasan74/status/2106037430499590499,1823289717955436544,nadimhasan74
2105918319031378264,2026-10-02T15:01:36.000Z,7,@yayancanggih Banyak buzzer kapolri baru ya. Pasukan termul Tah?,2106036886959759363,,yayancanggih,in,,0,0,0,https://x.com/AnwarNaldi/status/2106036886959759363,1494753198,AnwarNaldi
2106036838771446104,2026-10-02T15:01:25.000Z,22,"a day in my life
https://t.co/lSHbCZo0gp

Banyuwangi Bilqis
https://t.co/jVDxf3N29J

VELL
https://t.co/clmGxQteLb

Jusuf Hamka kapolri Rocky Gerung Percepat Pembangunan Negeri Wantimpres uc browser doodstream https://t.co/CiKPa0AuCD",2106036838771446104,https://pbs.twimg.com/amplify_video_thumb/2106036167510810624/img/iKxgfw0vgzymvjyV.jpg,,in,,0,3,0,https://x.com/vtnglm3/status/2106036838771446104,3298955695,vtnglm3
2106036809683939600,2026-10-02T15:01:18.000Z,1,"Lagi viral cewek cantik prank ojol 

https://t.co/EhCn1Lm6hU

https://t.co/iE3kgDZAwI

https://t.co/SUbg1kXK5T

King indo Iseng Lubang Buaya Nyesel Pratikno Kapolri Kepala Staf Kepresidenan Island Battle Royal SUGBK https://t.co/Sysa1cKWj1",2106036809683939600,https://pbs.twimg.com/amplify_video_thumb/2106036793082814464/img/gfPnuAZo7t4dDhkP.jpg,,in,,0,1,0,https://x.com/nadimhasan74/status/2106036809683939600,1823289717955436544,nadimhasan74
2106036471522316769,2026-10-02T14:59:57.000Z,17,"Bocil A day in my life lagi viral 

https://t.co/EhCn1Lm6hU

https://t.co/iE3kgDZAwI

https://t.co/SUbg1kXK5T

King indo Iseng Lubang Buaya Nyesel Pratikno Kapolri Kepala Staf Kepresidenan Island Battle Royal SUGBK https://t.co/NRQ7E2OWF4",2106036471522316769,https://pbs.twimg.com/amplify_video_thumb/2106036450580107264/img/dPF5qWwEiCE06U3G.jpg,,in,,0,15,6,https://x.com/nadimhasan74/status/2106036471522316769,1823289717955436544,nadimhasan74
2106036069972222117,2026-10-02T14:58:21.000Z,3,"Presiden Prabowo Melantik Jenderal Suyudi Ario Seto sebagai Kapolri Baru 
https://t.co/DxSJZscj4N",2106036069972222117,,,in,,0,0,2,https://x.com/TenggulangBaru/status/2106036069972222117,920500203333054464,TenggulangBaru
2106036049638273217,2026-10-02T14:58:17.000Z,10,"Bocil topeng ungu lagi viral 

https://t.co/EhCn1Lm6hU

https://t.co/iE3kgDZAwI

https://t.co/SUbg1kXK5T

Iseng Lubang Buaya Nyesel Pratikno Kapolri Kepala Staf Kepresidenan Island Battle Royal SUGBK https://t.co/e4AfwQAT9E",2106036049638273217,https://pbs.twimg.com/amplify_video_thumb/2106036032613519360/img/dK6hDIp1oX11hDja.jpg,,in,,0,11,2,https://x.com/nadimhasan74/status/2106036049638273217,1823289717955436544,nadimhasan74
2106009493285052492,2026-10-02T14:57:53.000Z,1,"@fayishark Kata Ibu Negaraku, ""Jangan latah mau ganti kacamata kayak Kapolri!"". Hahahaha.",2106035950510105087,,fayishark,in,,0,1,0,https://x.com/masih_aLdy/status/2106035950510105087,83617962,masih_aLdy
2106035619977966008,2026-10-02T14:56:34.000Z,13,"Bocil sok imut lagi viral 

https://t.co/EhCn1Lm6hU

https://t.co/iE3kgDZAwI

https://t.co/SUbg1kXK5T

Iseng Lubang Buaya Nyesel Pratikno Kapolri Kepala Staf Kepresidenan Island Battle Royal SHOPEE PERTHSANTA NAROCK MAK https://t.co/zHOoBAZnp9",2106035619977966008,https://pbs.twimg.com/amplify_video_thumb/2106035599102955520/img/gnZlWYuvfA_ZcXU8.jpg,,in,,3,0,2,https://x.com/nadimhasan74/status/2106035619977966008,1823289717955436544,nadimhasan74
2106035583264952798,2026-10-02T14:56:25.000Z,0,Semoga Kapolri yang baru tau.. https://t.co/Jp2Rj2uYND,2106035583264952798,https://pbs.twimg.com/amplify_video_thumb/2106035474318184448/img/aSEguEeuaDEe9mNE.jpg,,in,,0,0,1,https://x.com/MasFurqon15/status/2106035583264952798,1480671274774904836,MasFurqon15
2106035458941866174,2026-10-02T14:55:56.000Z,1,"Presiden Prabowo Subianto kembali melakukan reshuffle kabinet dengan melantik 18 pejabat di Istana Negara, Jakarta, Kamis (1/10/2026).
Sejumlah posisi strategis mengalami pergantian, mulai dari menteri koordinator, menteri, wakil menteri, hingga Kapolri dan Wakapolri.#fypシ゚ https://t.co/fQgvOjQQxP",2106035458941866174,https://pbs.twimg.com/amplify_video_thumb/2106034897525919745/img/FNb-uMd29cqeB2Xk.jpg,,in,,0,1,0,https://x.com/kameranusantara/status/2106035458941866174,1771576858230112256,kameranusantara
2106035422761799840,2026-10-02T14:55:47.000Z,0,Kapolri baru tanggapan Oegroseno dan Roy Suryo. Apakah istilah Parcok bisa hilang? https://t.co/9AH0qBaQlp,2106035422761799840,https://pbs.twimg.com/amplify_video_thumb/2106035102388215808/img/YTyHOTMNFFyQpNuC.jpg,,in,,0,0,0,https://x.com/supriyadi2704/status/2106035422761799840,1299649988,supriyadi2704
2106035027351896184,2026-10-02T14:54:13.000Z,0,masyarakat pasti senang dengar Kapolri akan tingkatkan pelayanan publik hukum adil dan dekat dengan kita semua seperti program polisi bersama masyarakat https://t.co/ppUBxbkz7N,2106035027351896184,https://pbs.twimg.com/media/HTojsYWaMAAUyvr.jpg,,in,,0,0,0,https://x.com/zzahramaharani/status/2106035027351896184,197191285,zzahramaharani
2106034647167905827,2026-10-02T14:52:42.000Z,0,"Selamat kepada Jenderal Polisi Drs. Suyudi Ario Seto, S.H., M.H. atas amanah baru sebagai Kapolri. Semoga amanah dijalankan dengan integritas dan keadilan."" https://t.co/lS2SkAh2Fd",2106034647167905827,https://pbs.twimg.com/media/HTojMeuaYAAy0JA.jpg,,in,,0,0,0,https://x.com/Madavika_Law/status/2106034647167905827,1778514461021868032,Madavika_Law
2106034616675295365,2026-10-02T14:52:35.000Z,0,"Kapolri Suyudi Ario Seto Teringat Sosok Hoegeng, Sang Jenderal yang Lantang Tolak Suap dan Tekanan

Nama Jenderal Polisi Hoegeng Iman Santoso kembali menjadi sorotan setelah calon Kapolri Komjen Suyudi Ario Seto menyebut spirit Hoegeng sebagai kompas moral Polri dalam uji https://t.co/7kxS1e1YL5",2106034616675295365,https://pbs.twimg.com/amplify_video_thumb/2106034432260108288/img/wV88EGnCKOYASHOp.jpg,,in,,0,0,0,https://x.com/Mata__Netizen62/status/2106034616675295365,1283815459792416768,Mata__Netizen62
2106034271341486589,2026-10-02T14:51:13.000Z,0,"Kemaren tuh sempat kaget krn Listyo Sigit yg katanya orangnya Jokowi dicopot dari Kapolri. Batinku wih gila nih Wowo akhirnya membredel kaki-kaki Jokowi, ehhh ternyata dua hari ini berbondong-bondong orang Jokowi masuk ke Pemerintahan, at leas pegang jabatan yg dekat Wowo.",2106034271341486589,,,in,,0,0,0,https://x.com/Zadakidi/status/2106034271341486589,1644756691,Zadakidi
2106009493285052492,2026-10-02T14:50:12.000Z,1,"@fayishark Hahahaha.
Kak, gegara Kakak bilang aku mirip Kapolri, yang lain pada ngikut dan sepakat kalo wajahku mirip beliau lho.",2106034016310960185,,fayishark,in,,0,1,0,https://x.com/masih_aLdy/status/2106034016310960185,83617962,masih_aLdy
2106033990960611709,2026-10-02T14:50:06.000Z,0,"Daftar 264 Lulusan Akpol 94 Letting Kapolri: 1 eks Kapolrestabes Makassar, 3 Kapolres di Luwu Raya
 
https://t.co/bEnAmdIuzM via @tribunnews",2106033990960611709,,,in,,0,0,0,https://x.com/YasinsinSi59639/status/2106033990960611709,1810325875386359808,YasinsinSi59639
2106009493285052492,2026-10-02T14:48:18.000Z,1,"@masih_aLdy wadu bisa kabur warga lain, tak sanggup melihatnya😭
jgn terlalu banyak keluar bang takut dikira kapolri baru🤭",2106033540391645275,,masih_aLdy,in,,0,1,0,https://x.com/fayishark/status/2106033540391645275,2064730184855801856,fayishark
2106032834335117483,2026-10-02T14:45:30.000Z,0,"🇮🇩 SELAMAT ATAS PELANTIKAN 🇮🇩

Keluarga Besar Polres Dompu mengucapkan selamat dan sukses atas pelantikan

Jenderal Polisi Dr. Suyudi Ario Seto, S.I.K., S.H., https://t.co/iDsygbRIJW.
sebagai Kepala Kepolisian Negara Republik Indonesia (Kapolri).

#PolresDompu #Polri #Kapolri https://t.co/XVw6vxx1Oj",2106032834335117483,https://pbs.twimg.com/media/HTohr__boAAT9Fx.jpg,,in,,0,0,0,https://x.com/polresdompuntb/status/2106032834335117483,1650404660430393344,polresdompuntb
2105673824272527551,2026-10-02T14:45:19.000Z,1,"@Uki23 Termul lgi deg2an,gugatan deni disidang di MK, kapolri dicopot, pratikno jdi watimpres
Smuanya krn budi judol sok2an mau lngserin prabowo sblum 2029
Prabowo sat set mlah mau lengserin si gibran
Gitu kan @Uki23",2106032787497336950,,Uki23,in,,0,0,0,https://x.com/RezaFahHsb01/status/2106032787497336950,1444499057351663619,RezaFahHsb01
2106021327069225012,2026-10-02T13:59:47.000Z,1,"Perjalanan Panjang Sang Jenderal Reserse Menuju Puncak Kepemimpinan Polri! 🚨🇮🇩
​Komjen Pol Suyudi Ario Seto resmi disetujui Komisi III DPR RI secara aklamasi sebagai Calon Kapolri baru pengganti Jenderal Listyo Sigit Prabowo. https://t.co/enJRykVsse",2106021327069225012,https://pbs.twimg.com/amplify_video_thumb/2106021190657880064/img/KK7YoB4RIuqClEEO.jpg,,in,,0,0,0,https://x.com/lune_ora/status/2106021327069225012,1370392524754350082,lune_ora
2106020954040410185,2026-10-02T13:58:18.000Z,0,"Jabatan Kapolri Resmi Beralih dari Listyo Sigit ke Suyudi Ario Seto

#Panduan #ReshuffleKabinet #Prabowo #KapolriBaru #Trending 

https://t.co/hcIm1M5ZZQ",2106020954040410185,,,in,,0,0,0,https://x.com/panduancoid/status/2106020954040410185,1598668065512001536,panduancoid
2106020065862955409,2026-10-02T13:54:46.000Z,7,"Kepala Kepolisian Resor Ngawi AKBP Prayoga Angga Widyatama, S.I.K., https://t.co/hZqqucf4pO., beserta staf dan jajaran mengucapkan

 Selamat dan Sukses kepada
Jenderal Suyudi Ario Seto, S.I.K., S.H., https://t.co/hZqqucf4pO.
sebagai KEPALA KEPOLISIAN REPUBLIK INDONESIA (KAPOLRI). https://t.co/gcG5a2Amve",2106020065862955409,https://pbs.twimg.com/media/HToWFbRaIAAHL9J.jpg,,in,,0,0,2,https://x.com/ResNgawi/status/2106020065862955409,2152483394,ResNgawi
2106001441366401197,2026-10-02T13:52:56.000Z,0,"@alisyarief 5.
Jk MK berani menerima permohonan, mk inilah yg kita harapkan.

Bahkan di sono sdh ada PERGANTIAN KAPOLRI.  Ini sangat menyenangkan. 

Bbrp Perombakan di sono jg spt dipahami sbg UPAYA BEBERSIH",2106019605026316605,,m4sf13,in,,0,0,0,https://x.com/m4sf13/status/2106019605026316605,1939403166,m4sf13
2105918319031378264,2026-10-02T13:52:45.000Z,1,@stardust8996 @yayancanggih Kapolri yg baru,2106019560939995406,,stardust8996,in,,0,0,0,https://x.com/HyangJagadPr/status/2106019560939995406,842371877502771200,HyangJagadPr
2106019474206085571,2026-10-02T13:52:25.000Z,0,Baca selengkapnya di: https://t.co/AUTiXcIx3C,2106019474206085571,,,in,,0,0,0,https://x.com/HenryIndragunaa/status/2106019474206085571,1167629465943343104,HenryIndragunaa
2106019053857083400,2026-10-02T13:50:45.000Z,0,semoga Kapolri sukses wujudkan pelayanan publik cepat hukum yang adil dan polisi yang benar-benar dekat serta membantu masyarakat https://t.co/GeUDBUQSAN,2106019053857083400,https://pbs.twimg.com/media/HToVKdZaYAAWbqk.jpg,,in,,0,0,0,https://x.com/candkiranad/status/2106019053857083400,2476510207,candkiranad
2106017791992307904,2026-10-02T13:45:44.000Z,0,"Kapolres Musi Rawas beserta Staff dan Jajaran,mengucapkan

Selamat dan sukses atas dilantiknya 
JENDERAL POLISI
SUYUDI ARIO SETO,S.I.K.,S.H.,https://t.co/Ku0e7NBBds sebagai 
Kepala Kepolisian Negara Republik Indonesia
 (KAPOLRI). 

. https://t.co/4AL6xZqbVg",2106017791992307904,https://pbs.twimg.com/media/HToUA_HasAABWfK.jpg,,in,,0,0,0,https://x.com/HumasPolresMura/status/2106017791992307904,793699394700791808,HumasPolresMura
2106017790436299073,2026-10-02T13:45:43.000Z,9,"Coba kita bandingkan perangkat presiden dari jaman pak SBY, Jokowi dan Pak Prabowo ya. Sekalian kita lihat perangkat Presiden itu apa saja. 

Lapis kabinet
• Kementerian
Era SBY &amp; Jkw: 34
Era Prbw: 49.
Plafon 34 di UU lama dicabut lewat revisi 2024 (pas masih jaman pak Jkw sih).",2106017790436299073,,,in,,0,4,4,https://x.com/Mr_MountBlanc/status/2106017790436299073,78260254,Mr_MountBlanc
2106017604989341714,2026-10-02T13:44:59.000Z,0,"https://t.co/D20txPKWUN

@prabowo @gibran_tweet @KemensetnegRI @setkabgoid @KSPgoid @titokarnavian @ListyoSigitP @Polri_indo @DivHumas_Polri @InfoHumasPolri @DPR_RI @dialeksis_news @dialeksisnews @DPRRI_INFO @DPDRI @humasaceh @DiskominfoAceh @ProvinsiAceh @DPR_Aceh @DPRACEH",2106017604989341714,,,qme,,0,0,0,https://x.com/coganaryos/status/2106017604989341714,106972050,coganaryos
2106017599968714880,2026-10-02T13:44:58.000Z,0,semoga Kapolri sukses wujudkan pelayanan cepat adil dan hubungan baik dengan masyarakat di seluruh daerah https://t.co/ZEnSGjqBX8,2106017599968714880,https://pbs.twimg.com/media/HToT11TaQAAOBe-.jpg,,in,,0,0,0,https://x.com/noviantisariayu/status/2106017599968714880,2913073362,noviantisariayu
2106015773919424935,2026-10-02T13:37:43.000Z,0,Selamat dan Sukses buat Komjen Suyudi Ario Seto yang sudah dilantik menjadi Kapolri.. https://t.co/jogWOR6wUE,2106015773919424935,https://pbs.twimg.com/amplify_video_thumb/2106015676767055873/img/teCk0tqj21zLcHCw.jpg,,in,,0,0,0,https://x.com/ArsenoHoshii/status/2106015773919424935,1987059655923978240,ArsenoHoshii
2106015727778193454,2026-10-02T13:37:32.000Z,0,"Selamat atas Pelantikan Kapolri Republik Indonesia 🇮🇩

Keluarga Besar Polres Subang mengucapkan selamat dan sukses atas pelantikan Jenderal Polisi Dr. Suyudi Ario Seto, S.I.K., S.H., https://t.co/4d7SITF9LG. sebagai Kepala Kepolisian Negara Republik Indonesia (Kapolri). https://t.co/4Axk4BpYZH",2106015727778193454,https://pbs.twimg.com/media/HToSIgcbUAAAHda.jpg,,in,,0,0,0,https://x.com/Polsekcibogo/status/2106015727778193454,1888133242886459392,Polsekcibogo
2106015386269630624,2026-10-02T13:36:10.000Z,2,"Selamat mengemban amanah sebagai Kapolri. Semoga senantiasa diberikan kesehatan, kekuatan, kebijaksanaan, dan kelancaran dalam memimpin serta mengabdi untuk masyarakat, bangsa, dan negara.

Semoga di bawah kepemimpinan Bapak, Polri semakin Presisi, profesional, humanis, https://t.co/4FYO891tj9",2106015386269630624,https://pbs.twimg.com/media/HToR03MbIAAsPeg.jpg,,in,,0,1,0,https://x.com/IniTrenggalek/status/2106015386269630624,947181899633516545,IniTrenggalek
2106015204576559384,2026-10-02T13:35:27.000Z,0,SETARA Institute Tagih Janji Kapolri Baru Suyudi Ario Seto: Reformasi Polri Jangan Cuma Jargon! @DivHumas_Polri @SetaraInstitute @setara1nst @ListyoSigitP  https://t.co/LwBmlqfXty https://t.co/wlR6dedvcT,2106015204576559384,https://pbs.twimg.com/media/HToRqKJawAAMCvN.jpg,,in,,0,0,0,https://x.com/bukamata18/status/2106015204576559384,987726276394807298,bukamata18
2105634561002746232,2026-10-02T13:34:41.000Z,0,"@Jayabay19479190 Kalau bener nih Kapolri baru janjinya seperti itu, gak bakalan lama juga. Nasibnya akan sama seperti Purbaya. 😅😂🤣",2106015013228167551,,Jayabay19479190,in,,0,0,0,https://x.com/sonnyprakosa7/status/2106015013228167551,2281270728,sonnyprakosa7
2106013363738399064,2026-10-02T13:28:08.000Z,0,"Dari Mantan Cover Majalah, hingga jadi Pimpinan BNN, kini Komjen Suyudi Ario Seto dilantik menjadi Kapolri 😍 https://t.co/iV1tarUlJ4",2106013363738399064,https://pbs.twimg.com/amplify_video_thumb/2106012278193848320/img/fWo09UnBhGZqRBGp.jpg,,in,,0,0,0,https://x.com/starryeiz/status/2106013363738399064,1348507532306731011,starryeiz
2106012663117717877,2026-10-02T13:25:21.000Z,0,Hah gmn gmna shandy aulia simpenannya kapolri yg baru (???????),2106012663117717877,,,in,,0,0,0,https://x.com/ssst_zy/status/2106012663117717877,1856791884,ssst_zy
2106012102452469968,2026-10-02T13:23:07.000Z,1,"Puan Maharani menyampaikan Komjen Pol Suyudi Ario Seto akan segera dilantik sebagai Kapolri oleh Presiden Prabowo. 🇮🇩

#PuanMaharani #mbakpuan #suyudiarioseto #DPRRI #fyppp https://t.co/3GTKmPbY0k",2106012102452469968,https://pbs.twimg.com/amplify_video_thumb/2106012073541197824/img/c8l3-tm54h7tgZ23.jpg,,in,,0,0,0,https://x.com/perempuan4ever_/status/2106012102452469968,1126054015,perempuan4ever_
2105625073126412670,2026-10-02T13:19:19.000Z,0,"@KapudS640 ""Putra keduanya menjadi bankir setelah tiga kali gagal dalam seleksi Akpol.""

Ini luar biasa, berarti semasa beliau jadi Kapolri praktik ini juga tidak terjadi pada bawahannya?

Biasanya kan begitu, kalau bos lurus, bawahan ga berani bengkok.",2106011146851672372,,KapudS640,in,,0,0,0,https://x.com/AdiX404/status/2106011146851672372,1322972021987266560,AdiX404
2105903103098892308,2026-10-02T13:18:49.000Z,1,"@Sebelahkampus dulu gimana ya pak lsp? terlalu cepat angkatan pol nya utl dijadikan kapolri, menghadapi para senior yg harusnya kebagian jadi kapolri terlebih dahulu.

strategi konsolidasinya macam apa?",2106011018627555470,,Sebelahkampus,in,,0,0,0,https://x.com/afannni/status/2106011018627555470,54114263,afannni
2105789113945538625,2026-10-02T13:14:40.000Z,1,"@Opiniku95098012 Jangan salah, pergantian kapolri itu bsa jd hnya awal skenario yg lbh besar pinokio",2106009976389116353,,Opiniku95098012,in,,0,0,0,https://x.com/GixsonRumapea/status/2106009976389116353,258819216,GixsonRumapea
2106008896574001536,2026-10-02T13:10:23.000Z,0,"Komjen Suyudi Ario Seto – Jenderal Reserse yang Pernah Pimpin BNN, Kini Selangkah Menuju Kursi Kapolri Komjen Pol Suyudi Ario Seto menjadi sorotan setelah namanya diajukan Presiden Prabowo Subianto sebagai calon Kapolri. Berdasarkan informasi yang beredar pada 1 Oktober 2026 https://t.co/djLMoiyN5m",2106008896574001536,https://pbs.twimg.com/amplify_video_thumb/2106004594124029953/img/qF11lWku_ThVPMeP.jpg,,in,,0,0,0,https://x.com/bukan_fufufafa_/status/2106008896574001536,1448884002186694658,bukan_fufufafa_
2106008823324618857,2026-10-02T13:10:05.000Z,0,"KAPOLRI baru, harapan baru",2106008823324618857,,,in,,0,0,0,https://x.com/Driver300365/status/2106008823324618857,1968948772425318403,Driver300365
2106008746396995617,2026-10-02T13:09:47.000Z,0,"Selamat bekerja dan mengemban amanah bagi Kapolri Jenderal Pol. Suyudi Ario Seto, Wakapolri Komjen Pol. Wahyu Hadiningrat, para Menko, menteri, wakil menteri, serta kepala lembaga yang hari ini dilantik oleh Presiden Prabowo Subianto. 🇮🇩

Bu Puan Maharani turut menyampaikan doa https://t.co/gg0lXc7Itw",2106008746396995617,https://pbs.twimg.com/media/HToLoW2bwAEPak8.jpg,,in,,0,1,0,https://x.com/Halagiraareq/status/2106008746396995617,2003679617861976070,Halagiraareq
2106008201900814341,2026-10-02T13:07:37.000Z,0,dukung terus Kapolri prioritas pelayanan publik bagus penegakan hukum adil dan kedekatan polisi bersama masyarakat seperti yang dijanjikan https://t.co/hyaWT4c46c,2106008201900814341,https://pbs.twimg.com/media/HToLSwpasAEGIYK.jpg,,in,,0,0,0,https://x.com/megaftilestarii/status/2106008201900814341,894864961,megaftilestarii
2106007843153588423,2026-10-02T13:06:12.000Z,0,#prabowosubianto #lantik #kapolri #suyudiarioseto #2026 #x https://t.co/XrV0TdnI2x,2106007843153588423,https://pbs.twimg.com/amplify_video_thumb/2106007786773766144/img/Nzz_N6exwkTaUQXh.jpg,,und,,0,0,0,https://x.com/apo_lolong/status/2106007843153588423,1547502540,apo_lolong
2106007474331685194,2026-10-02T13:04:44.000Z,0,arahan Kapolri ini mantap semoga pelayanan makin prima hukum adil dan polisi jadi sahabat rakyat https://t.co/F2u3814LMe,2106007474331685194,https://pbs.twimg.com/media/HToKodLaoAAH-eW.jpg,,in,,0,0,0,https://x.com/yulifitrianiS/status/2106007474331685194,2426707537,yulifitrianiS
2106007042284773661,2026-10-02T13:03:01.000Z,2,"Selamat menjalankan Tugas
Semoga Kapolri Baru bisa membawa perubahan thd penegakan hum di negeri ini
___ https://t.co/NvyigxPNc5",2106007042284773661,https://pbs.twimg.com/amplify_video_thumb/2106006907278524417/img/yEQtydfntUr52O_7.jpg,,in,,0,0,1,https://x.com/seonggok_cerita/status/2106007042284773661,1460812501369569286,seonggok_cerita
2106006820443865437,2026-10-02T13:02:08.000Z,0,"Setelah kemarin pergantian Kapolri, hari ini @rockygerungpart masuk istana. Garis sudah ditarik jelas antara insider dan outsider. 2029 datang lebih awal.",2106006820443865437,,,in,,0,0,0,https://x.com/ab_sadewa/status/2106006820443865437,78579461,ab_sadewa
2106006657058906154,2026-10-02T13:01:29.000Z,0,"mantan kapolri jadi kepala staf kepresidenan, mantan ksad jadi menko polkam. sipil di kabinet makin kayak spesies langka",2106006657058906154,,,in,,0,0,0,https://x.com/ursolutioz/status/2106006657058906154,1291142104215764992,ursolutioz
2106006613903675898,2026-10-02T13:01:19.000Z,0,Rekam Jejak Perjalanan Karier Kapolri Jenderal Pol. Suyudi Ario Seto https://t.co/J0KWUQwox6,2106006613903675898,,,in,,0,0,0,https://x.com/beritainspirat1/status/2106006613903675898,977522014192787456,beritainspirat1
2106006588729545212,2026-10-02T13:01:13.000Z,5,"Tenyata bikin cimol segampang iniii simpel banget😭

#zonauang king Indo istirahat Jumat Sabtu malam Kapolri Malaysia",2106006588729545212,,,in,,0,0,3,https://x.com/tatayangiee/status/2106006588729545212,1152808015268986880,tatayangiee
2105963521712509400,2026-10-02T13:01:10.000Z,26,@geloraco Penggantian kapolri  Dan sikap ahli termul ini sptnya membuat Hakim MK semakin semangat utk putuskan diskualifikasi gibran  Dan awal Dr pemusnahan para termul..,2106006576528241124,,geloraco,in,,0,0,0,https://x.com/MuslimKhai91501/status/2106006576528241124,1917848651336134656,MuslimKhai91501
2106006409599131957,2026-10-02T13:00:30.000Z,3,"Pergantian Kapolri dari Jenderal Listyo Sigit Prabowo kepada Jenderal Suyudi Ario Seto memunculkan sejumlah pertanyaan. Salah satunya soal isu kedekatan Suyudi dengan Presiden Prabowo Subianto.

Jurnalis SindoNews Sucipto menyebut informasi mengenai kedekatan tersebut memang https://t.co/lawVXKr0kc",2106006409599131957,https://pbs.twimg.com/amplify_video_thumb/2105876133556477952/img/qjaQZTuwelDRgB7L.jpg,,in,,0,1,0,https://x.com/SINDOnews/status/2106006409599131957,231355136,SINDOnews
2105974635275907539,2026-10-02T12:58:10.000Z,0,@Metro_TV 10 thn ini jabatan Kapolri jadi begitu prestisius pdhl Amanah Berat itu aja sih 😭,2106005824799961339,,Metro_TV,in,,0,0,0,https://x.com/DeblengSya44130/status/2106005824799961339,1950057179089911808,DeblengSya44130
2105919219208732751,2026-10-02T12:56:27.000Z,4,"@bakuldimsum_ Lah iya ya, kemarin ngambek kali gara-gara owo milih mantan coverboy jadi Kapolri hehe",2106005390114934832,,bakuldimsum_,in,,0,0,0,https://x.com/Rifqieffendiask/status/2106005390114934832,225340731,Rifqieffendiask
2106005311450718325,2026-10-02T12:56:08.000Z,4,"🚨 18 pejabat baru dilantik dalam reshuffle ke-7 Kabinet Merah Putih.

Dudung → Menko Polkam
Arrmanatha → Menlu
Bahlil → Menko Hilirisasi &amp; Transisi Energi + ESDM
Suyudi → Kapolri

Setelah pelantikan, publik menunggu hasil kerja. #jagaindonesia https://t.co/8NnVS5vEpj",2106005311450718325,https://pbs.twimg.com/media/HToIqpYawAAprK6.jpg,,in,,0,1,4,https://x.com/MataPubliksd/status/2106005311450718325,2072396437552553984,MataPubliksd
2105853928361672723,2026-10-02T12:54:05.000Z,0,"@sshbrina_ Gossip kayak gini bikin suasana jadi gak nyaman. Mending fokus ke prestasi dan kinerja pak Suyudi sebagai Kapolri aja, ya.",2106004793823252913,,sshbrina_,in,,0,0,0,https://x.com/angkasaanaufal/status/2106004793823252913,1847267380638158848,angkasaanaufal
2106003482713219376,2026-10-02T12:48:52.000Z,1,"Keknya Suyudi jadi polisi pas saat di Lantik jadi Kapolri ya?🤣😂🤣😂, pantes aj dia engga tau kinerja instansi yg dia komandai....aturan jadi polisi itu, masuk Akpol dlu...abis itu tugasnya dari nol dlu...dan seterusnya😂😂😂😂. Jadi paham.",2106003482713219376,,,in,,0,0,0,https://x.com/junaidin97880/status/2106003482713219376,1884819841812766720,junaidin97880
2105968182666387667,2026-10-02T12:27:55.000Z,0,"@kompascom Stress doi padahal calon kapolri
Malah jd pesakitan di penjara",2105998208732459514,,kompascom,in,,0,0,0,https://x.com/julidAkalsehat/status/2105998208732459514,1964491313019252737,julidAkalsehat
2105998203703488877,2026-10-02T12:27:53.000Z,0,semangat terus Kapolri untuk wujudkan polisi yang dekat masyarakat layani publik dengan baik dan tegakkan hukum secara adil https://t.co/VUkZkUvz9Q,2105998203703488877,https://pbs.twimg.com/media/HToCMvfaYAAm92-.jpg,,in,,0,0,0,https://x.com/Fitaanggrales/status/2105998203703488877,2537196420,Fitaanggrales
2105963724087738505,2026-10-02T12:25:40.000Z,1,"@InonkIskandar88 Mantap @DivHumas_Polri keren kapolri nya👍👍, mudahan amanah,,dan berani bubarkan ormas2 kentut!! Cukup @Puspen_TNI dan polri jadi pelindung rakyat,, bubarkan ormas2 perusak NKRI!!! Jgn takut TNI polri!! sama ormas2 yg suka pakai seragam militer! Dia abal2 kebanyakan preman!",2105997644942430238,,InonkIskandar88,in,,0,0,0,https://x.com/punishe98373138/status/2105997644942430238,1648555393671630849,punishe98373138
2105883666950111656,2026-10-02T12:25:15.000Z,1,"@DokterTifa Ternyata kapolri diganti juga... syukur lah paling tdk ganti org, tamat sdh jagoan terMul 1org berikut nya pangab &amp; kasad semoga dlm waktu dekat ini lah kalau bisa sebelum 20 10 26",2105997540105851272,,DokterTifa,in,,0,0,0,https://x.com/BSJ4Indonesia/status/2105997540105851272,1647998596145643520,BSJ4Indonesia
2105502647340204533,2026-10-02T12:25:02.000Z,0,"@Barna_byo Buat yang kemaren macem2, minggir g lo.. Kapolri kita sekarang jago debus ternyata.. https://t.co/RNt23qqFVT",2105997486041243836,https://pbs.twimg.com/amplify_video_thumb/2105997433625071617/img/pjjIzdKoHag9wLA2.jpg,Barna_byo,in,,0,0,0,https://x.com/SahabatSaber/status/2105997486041243836,919616833002512385,SahabatSaber
2105996867565949006,2026-10-02T12:22:35.000Z,0,"MUI NTB mengucapkan selamat atas dilantiknya Jenderal Polisi Suyudi Ario Seto sebagai Kapolri. Semoga amanah, lancar dalam menjalankan tugas, dan semakin dekat dg masyarakat. Terima kasih kepada Jenderal Polisi Listyo Sigit atas pengabdian dan dedikasinya. #Kapolri #MUI #NTB https://t.co/L9YKECfq4c",2105996867565949006,https://pbs.twimg.com/amplify_video_thumb/2105996805259640832/img/APKEUoakyxQ7FDMS.jpg,,in,,0,0,0,https://x.com/bingkadolu06/status/2105996867565949006,1083027961165447168,bingkadolu06
2105996691996643430,2026-10-02T12:21:53.000Z,0,"Dulu waktu gua remaja ada kapolri yang bisa berantas judi seperti cenet, pacuan kuda, roulate, dll, nama nya Susanto, menurut gua itu bagus dan dulu judi seperti ini ada disetiap gang Jakarta.",2105996691996643430,,,in,,0,0,0,https://x.com/humanside12/status/2105996691996643430,1496856933122281474,humanside12
2105996531774132720,2026-10-02T12:21:15.000Z,0,"Ingpo bagi minitrans sisih barat

Katanya ada acara pengangkatan Kapolri Baru

-MinYoy",2105996531774132720,,,in,,0,0,0,https://x.com/TJBintaro/status/2105996531774132720,2070481134799273985,TJBintaro
2105986155535913045,2026-10-02T12:21:12.000Z,1,@masih_aLdy happy weekend kembaran kapolri!,2105996518130123083,,masih_aLdy,in,,0,1,0,https://x.com/fayishark/status/2105996518130123083,2064730184855801856,fayishark
2105996217150775321,2026-10-02T12:20:00.000Z,1,"Suyudi Ario Seto resmi menjadi Kapolri setelah dilantik Presiden Prabowo Subianto pada Kamis (1/10/2026). Selain gaji pokok sebagai jenderal polisi yang berada di kisaran Rp5,65 juta–Rp6,4 juta per bulan, Kapolri juga menerima tunjangan kinerja sebesar Rp43,62 juta per bulan",2105996217150775321,,,in,,0,0,1,https://x.com/Beritasatu/status/2105996217150775321,154102750,Beritasatu
2105995796063916457,2026-10-02T12:18:19.000Z,0,"# golkar makin kuat 
1. bahlil rangkap jabatan menko dan menteri
2. sarmuji masuk (sekjen golkar) 

# Kapolri
menurutku kapolri listiyo sigit digeser ke  kepala staf presiden untuk mengurangi pengaruh jokowi. jabatannya terlihat strategis tapi secara penugasan banyak diboncosin.",2105995796063916457,,,in,,0,0,0,https://x.com/inihulk1998/status/2105995796063916457,2074859087041552384,inihulk1998
2105995514525495312,2026-10-02T12:17:12.000Z,0,"Jejak Langkah Komjen Suyudi Ario Seto, dari BNN Menuju Kursi Kapolri
==
Singapura Pratikno Komjen Pol King Indo https://t.co/EiJtj5JErF",2105995514525495312,https://pbs.twimg.com/amplify_video_thumb/2105995453070536704/img/pUtxnW7Ok8S6fZSS.jpg,,in,,0,0,0,https://x.com/hsnsh_1997/status/2105995514525495312,1710566651731800064,hsnsh_1997
2105995443754987966,2026-10-02T12:16:55.000Z,1,"Presiden Prabowo Subianto secara resmi melantik Komjen Suyudi Ario Seto sebagai Kapolri dan Komjen Wahyu Hadiningrat sebagai Wakapolri di Istana Negara, Jakarta, pada Kamis, 1 Oktober 2026. Pelantikan dua posisi tertinggi di kepolisian dalam satu momen yang sama ini menandai https://t.co/ylLFQklY3C",2105995443754987966,https://pbs.twimg.com/amplify_video_thumb/2105991796421718016/img/5xTkJLvCBJ0l1F1U.jpg,,in,,0,0,0,https://x.com/kompascom/status/2105995443754987966,23343960,kompascom
2105995247235059820,2026-10-02T12:16:09.000Z,0,keren banget ya Kapolri baru ini fokusnya ke pelayanan publik yang lebih baik dan hukum ditegakkan secara adil buat semua orang https://t.co/QeRzq7TrX9,2105995247235059820,https://pbs.twimg.com/media/HTn_gzbasAAI9vk.jpg,,in,,0,0,0,https://x.com/nnisadinda/status/2105995247235059820,588600268,nnisadinda
2105995210589126960,2026-10-02T12:16:00.000Z,0,"Mantan staf pribadi Kapolri Komjen Pol Suyudi Ario Seto saat menjabat Kapolres Majalengka pada 2015 menyebut Suyudi merupakan sosok sederhana dan bijak. Arnengsih mengaku hanya lima bulan menjadi staf pribadi Suyudi saat bertugas di Majalengka, Jumat (02/10). 📸Enc https://t.co/eJKy9qRSZ9",2105995210589126960,https://pbs.twimg.com/media/HTnkDe8asAA0yEr.jpg,,in,,0,0,0,https://x.com/RadioElshinta/status/2105995210589126960,121640063,RadioElshinta
2105995143900012579,2026-10-02T12:15:44.000Z,0,pelayanan publik dan hukum adil jadi prioritas utama Kapolri ini bikin masyarakat makin percaya sama institusi kepolisian negara kita https://t.co/5xaXHm9dfk,2105995143900012579,https://pbs.twimg.com/media/HTn_a29bMAAE7aj.jpg,,in,,0,0,0,https://x.com/keanuindraw/status/2105995143900012579,1440842419,keanuindraw
2105994736339488958,2026-10-02T12:14:07.000Z,0,saya support penuh program Kapolri yang mengedepankan pelayanan publik bagus penegakan hukum adil dan kedekatan dengan masyarakat luas https://t.co/ir9GRA7Ss1,2105994736339488958,https://pbs.twimg.com/media/HTn_DGMboAAS7-F.jpg,,in,,0,0,0,https://x.com/HendraSap23/status/2105994736339488958,572097910,HendraSap23
2105918319031378264,2026-10-02T12:12:07.000Z,30,"@yayancanggih Dari kemarin sejak pelantikan Kapolri baru, nama artis Shandy Aulia mendadak viral. Apakah pak Kapolri sekarang seorang duda? Sehingga ada tweet begini, bilang artis SA calon ibu Kapolri",2105994234348376469,,yayancanggih,in,,0,0,0,https://x.com/almubarak/status/2105994234348376469,15221413,almubarak
2105993159214035117,2026-10-02T12:07:51.000Z,0,"Sidang gugatan ijasah wapres berlangsung,pergantian kapolri,perubahan mentri yg orangnya itu2 aja,pelantikan wantimpres baru.sibuk banget dah negara,punya agenda apa sih emang?",2105993159214035117,,,in,,0,0,0,https://x.com/FadlanRizky_28/status/2105993159214035117,1583429255517855744,FadlanRizky_28
2105992894746358050,2026-10-02T12:06:48.000Z,0,mantep nih Kapolri yang bilang prioritas pelayanan publik dan hukum adil serta berusaha dekat dengan masyarakat agar polisi bersama rakyat berjalan lancar https://t.co/IsuHFJfLFB,2105992894746358050,https://pbs.twimg.com/media/HTn9X4nasAA2Epx.jpg,,in,,0,0,0,https://x.com/QodriFauzi5ca/status/2105992894746358050,2941486051,QodriFauzi5ca
2105992683156312278,2026-10-02T12:05:57.000Z,0,wah Kapolri baru ini kelihatan serius mau tingkatkan pelayanan ke masyarakat lalu buat hukum adil untuk semua dan selalu dekat dengan rakyat biasa https://t.co/vNYZkIFk1v,2105992683156312278,https://pbs.twimg.com/media/HTn9LitakAABLE6.jpg,,in,,0,0,0,https://x.com/helenasarimahes/status/2105992683156312278,3324638919,helenasarimahes
2105991823575679127,2026-10-02T12:02:32.000Z,0,kapolri bilang benar pelayanan publik harus ditingkatkan dan polisi makin dekat dengan kebutuhan masyarakat https://t.co/hIXavvW1uY,2105991823575679127,https://pbs.twimg.com/media/HTn8Zj4aMAArfhS.jpg,,in,,0,0,0,https://x.com/chellseasari/status/2105991823575679127,432246125,chellseasari
2105991436219121720,2026-10-02T12:01:00.000Z,0,"Kapolri Jenderal Suyudi Ario Seto berkomitmen melakukan pembenahan internal Polri.

Simak selengkapnya! https://t.co/VumafcX8bD",2105991436219121720,https://pbs.twimg.com/media/HTnr2k1aIAAzHNQ.jpg,,in,,0,0,0,https://x.com/akuratco/status/2105991436219121720,786549338818224128,akuratco
2105990168176160774,2026-10-02T11:55:58.000Z,0,"Teks video: Kapolri Jenderal Pol. Suyudi Ario Seto tiba di Lapangan Bhayangkara Mabes Polri, Jakarta Selatan, Jumat (2/10/2026) untuk menjalani upacara serah terima panji-panji Tribrata.

Momen itu menandai pergantian pucuk pimpinan Korps Bhayangkara. https://t.co/1fBwkh8Tmg",2105990168176160774,https://pbs.twimg.com/amplify_video_thumb/2105989731125481472/img/5SDqGl9iDW9r5ncB.jpg,,in,,0,0,0,https://x.com/indoposco/status/2105990168176160774,1349713962472861696,indoposco
2105990138782466429,2026-10-02T11:55:51.000Z,0,saya apresiasi komitmen Kapolri ini pelayanan publik dan keadilan harus jadi fokus utama polisi https://t.co/k3NvxRJKpF,2105990138782466429,https://pbs.twimg.com/media/HTn63byagAA9Ngf.jpg,,in,,0,0,0,https://x.com/Eviantiwijaya/status/2105990138782466429,2272080265,Eviantiwijaya
2105561901757513968,2026-10-02T11:48:53.000Z,2,@tempodotco penunjukan komjen suyudi ario seto jadi kapolri baru udah pas banget buat ngelanjutin estafet kepemimpinan di korps bhayangkara,2105988387584999796,,tempodotco,in,,0,1,0,https://x.com/Nura_68/status/2105988387584999796,2000582836756299776,Nura_68
2105988002493452490,2026-10-02T11:47:21.000Z,0,https://t.co/Roof5GNVeS,2105988002493452490,,,zxx,,0,0,0,https://x.com/Jurnalpatroli_/status/2105988002493452490,1507307226058223618,Jurnalpatroli_
2105986729962508373,2026-10-02T11:42:18.000Z,13,CATATAN dr kapolri yg baru @Divpropam jgn mempersulit masyarakat yg datang lapor,2105986729962508373,,,in,,0,2,3,https://x.com/bungalotus25/status/2105986729962508373,1566193907355922432,bungalotus25
2105986066096488794,2026-10-02T11:39:40.000Z,0,"Ramai Rumor Kedekatan Kapolri Suyudi Ario Seto Dan Shandy Aulia, Begini Fakta Sebenarnya

https://t.co/DHwPeZDzit",2105986066096488794,,,in,,0,0,0,https://x.com/newestID/status/2105986066096488794,2022173222343782402,newestID
2105985963994546272,2026-10-02T11:39:15.000Z,0,"Perjalanan panjang Suyudi Ario Seto kini memasuki ujian sesungguhnya: membuktikan pelayanan, penegakan hukum, dan komitmen menghapus “no viral, no justice”. 
Harapan rakyat menjadi kenyataan? @DivHumas_Polri @_poldabanten
#SuyudiArioSeto #Kapolri #Polri 
https://t.co/HaWGWPxNLf",2105985963994546272,,,in,,0,0,0,https://x.com/rmbantencom/status/2105985963994546272,2911375412,rmbantencom
2105985504495968606,2026-10-02T11:37:26.000Z,0,"Mabes Polri menggelar upacara penyerahan Panji Polri Tribrata dari Jenderal Listyo Sigit Prabowo kepada Kapolri Jenderal Suyudi Ario Seto di Lapangan Bhayangkara, Jakarta Selatan, Jumat (2/10/2026).

Penyerahan panji menjadi simbol peralihan kepemimpinan, wewenang, dan tanggung https://t.co/pqoSPH2GlC",2105985504495968606,https://pbs.twimg.com/amplify_video_thumb/2105984421392482304/img/uK8GHxar50T06-Mh.jpg,,in,,1,0,0,https://x.com/okezonenews/status/2105985504495968606,47274731,okezonenews
2105969055987343491,2026-10-02T11:35:52.000Z,0,@Julie307 @HumorJonTampan Kalau Kapolri baru?,2105985112479519045,,Julie307,in,,0,0,0,https://x.com/FernandoSitorus/status/2105985112479519045,87084296,FernandoSitorus
2105984213346648540,2026-10-02T11:32:18.000Z,1,"Walau sangat berharap dgn Kapolri yg baru..tapi tetap sisakan ruang sedikit untuk tdk percaya, ini agar tdk kecewa ber ulang..!
Good Job Pak Kapolri baru..",2105984213346648540,,,in,,0,0,0,https://x.com/ArjayaDirja/status/2105984213346648540,1685924999482523648,ArjayaDirja
2105984188457549900,2026-10-02T11:32:12.000Z,8,Emang ada pengaruhnya pergantian Kapolri dengan sidang MK terkait pendidikan Gibran?,2105984188457549900,,,in,,0,3,6,https://x.com/PakKarti/status/2105984188457549900,1125374325723238400,PakKarti
2105982426325676238,2026-10-02T11:25:12.000Z,0,"Prabowo Lantik Suyudi Ario Seto dan Wahyu Hadiningrat sebagai Kapolri dan Wakapolri

https://t.co/3LDJ2jjrLK",2105982426325676238,,,in,,0,0,0,https://x.com/ETNewsIndonesia/status/2105982426325676238,916530767156568069,ETNewsIndonesia
2105982409544237536,2026-10-02T11:25:08.000Z,1,"Meski tidak menjabat Kapolri lagi &amp; sudah diangkat oleh @prabowo sebagai Kepala Staf Kepresidenan, tapi @ListyoSigitP masih tetap menjadi polisi aktif, dengan alasan pensiun masih di tahun 2027.

Bagaimana menurut pendapat kalian?",2105982409544237536,,,in,,0,1,0,https://x.com/p4lest1ndones1a/status/2105982409544237536,1413687981576101889,p4lest1ndones1a
2105980381572862030,2026-10-02T11:17:04.000Z,0,"Selamat bertugas Jenderal Suyudi sebagai Kapolri yang baru. Semoga Polisi Bersama Masyarakat benar-benar terwujud &amp; polisi lebih profesional serta tetap menjadi pengayom masyarakat.
@DivHumas_Polri @CCICPolri https://t.co/U2dKPJ5Lnc",2105980381572862030,https://pbs.twimg.com/media/HTnx_YwacAAreI5.jpg,,in,,0,0,0,https://x.com/SumardiEvulae/status/2105980381572862030,751981962,SumardiEvulae
2105947761954959768,2026-10-02T11:17:03.000Z,0,@liimaatiigaa @PolJokesID Dia diberhentikan dari jabatan Kapolri bukan dipecat dari polri,2105980377848484327,,liimaatiigaa,in,,0,2,0,https://x.com/4nduriel/status/2105980377848484327,1168786683606663169,4nduriel
2105978959737553072,2026-10-02T11:11:25.000Z,0,ANTARA -  Jabatan Kapolri resmi beralih dari Listyo Sigit ke Suyudi Ario Seto dlvr.​it/TVlDHy https://t.co/peaxKb4QpT,2105978959737553072,https://pbs.twimg.com/media/HTnws3sa4AAgx__.jpg,,in,,0,0,0,https://x.com/antaranews/status/2105978959737553072,18071520,antaranews
2105826429992878380,2026-10-02T11:09:32.000Z,2,@YasmineMirzha 1 Oktobernya agar terang krn ada pergantian Kapolri,2105978484157792583,,YasmineMirzha,in,,0,0,0,https://x.com/PakKarti/status/2105978484157792583,1125374325723238400,PakKarti
2105977721234800850,2026-10-02T11:06:30.000Z,1,"Bagaimana sebenarnya rekam jejak dan dinamika pergantian Kapolri dari masa ke masa? #Polhuk #AdadiKompas 

https://t.co/sBQqQdrup4",2105977721234800850,,,in,,0,0,0,https://x.com/hariankompas/status/2105977721234800850,255866913,hariankompas
2105977710753587621,2026-10-02T11:06:28.000Z,0,"Dampingi Fit and Proper Test Kapolri Baru Suyudi, Ini Profil Irjen Pol Mahmud Nazly Harahap

https://t.co/3JdJ3xgN13",2105977710753587621,,,in,,0,0,0,https://x.com/tribunsumsel/status/2105977710753587621,585623257,tribunsumsel
2105977284306088190,2026-10-02T11:04:46.000Z,3,"Kapolri Baru Dihadapkan pada Tuntutan Reformasi Polri yang Belum Tuntas

#AhlulbaitIndonesia #Nasional #Kapolri #Polri #SuyudiArioSeto 

https://t.co/tflwXKN4MZ",2105977284306088190,,,in,,0,0,0,https://x.com/infoahlulbait/status/2105977284306088190,568048882,infoahlulbait
2105977000552706291,2026-10-02T11:03:38.000Z,0,"Bagaimana sebenarnya rekam jejak dan dinamika pergantian Kapolri dari masa ke masa? #Politik #AdadiKompas

https://t.co/ohnCkYdUiK",2105977000552706291,,,in,,0,0,0,https://x.com/KompasData/status/2105977000552706291,771030588,KompasData
2105836782910935435,2026-10-02T11:02:00.000Z,0,"@wakcis G ad powernya bos, cuma jabatan aj itu....kejagung, kapolri baru it",2105976586529042867,,wakcis,in,,0,0,0,https://x.com/EkoApan/status/2105976586529042867,1628901472321835008,EkoApan
2105976442857398318,2026-10-02T11:01:25.000Z,0,Presiden Prabowo Lantik Suyudi Ario Seto sebagai Kapolri Baru mcinews.​id/2026/10/02/presiden-prabowo-lantik-suyudi-ario-seto-sebagai-kapolri-baru/ https://t.co/59laTzJ9nZ,2105976442857398318,https://pbs.twimg.com/media/HTnuaRtbEAAmYHH.jpg,,in,,0,0,0,https://x.com/mcinewsid/status/2105976442857398318,1898989765539819521,mcinewsid
2105976096940556366,2026-10-02T11:00:03.000Z,0,"Direktur Riset IndoStrategi Research Intelligence, Ali Noer Zaman, menilai pergantian Kapolri dari Listyo Sigit Prabowo kepada Suyudi Ario Seto menjadi sinyal perubahan konfigurasi kekuasaan di pemerintahan Prabowo Subianto. ""Pergantian Kapolri merupakan indikasi dimulainya https://t.co/3E6zDgA272",2105976096940556366,https://pbs.twimg.com/media/HTnlNjzbQAEYlvA.jpg,,in,,0,0,0,https://x.com/tribunnews/status/2105976096940556366,124171593,tribunnews
2105976086689616331,2026-10-02T11:00:00.000Z,1,"Kompolnas sambut tekad Kapolri hapus “no viral no justice”

https://t.co/8qnNvf581q",2105976086689616331,,,in,,0,0,0,https://x.com/RadioElshinta/status/2105976086689616331,121640063,RadioElshinta
2105976044176204095,2026-10-02T10:59:50.000Z,0,"Kapolres Kawasan Bandara I Gusti Ngurah Rai beserta seluruh staf menyampaikan ucapan selamat dan sukses kepada Jenderal Pol. Suyudi Ario Seto, S.I.K., S.H., https://t.co/eWjYx6NhZH. sebagai Kapolri dan Komjen Pol. Dr. Wahyu Hadiningrat, S.I.K., M.H. sebagai Wakapolri. https://t.co/iTUhr111Ij",2105976044176204095,https://pbs.twimg.com/media/HTnuBwnakAAA-9s.jpg,,in,,0,0,0,https://x.com/BandaraIgn/status/2105976044176204095,1514073950061740036,BandaraIgn
2105975898717741487,2026-10-02T10:59:16.000Z,1,"Kapolres Kawasan Bandara I Gusti Ngurah Rai beserta seluruh staf menyampaikan ucapan selamat dan sukses kepada Jenderal Pol. Suyudi Ario Seto, S.I.K., S.H., https://t.co/nRfT7rhqm0. sebagai Kapolri dan Komjen Pol. Dr. Wahyu Hadiningrat, S.I.K., M.H. sebagai Wakapolri. https://t.co/FyoR65FAcN",2105975898717741487,https://pbs.twimg.com/media/HTnt2HqacAAptdg.jpg,,in,,0,0,0,https://x.com/Polres_Ngr_Rai/status/2105975898717741487,1133489722280386561,Polres_Ngr_Rai
2105594643870298517,2026-10-02T10:58:17.000Z,1,"@DokterTifa Minta disokong Kapolri baru, no no ya nek",2105975653942399253,,DokterTifa,in,,0,0,0,https://x.com/DMelintas/status/2105975653942399253,1233288052853727232,DMelintas
2105975496895037600,2026-10-02T10:57:40.000Z,1,"Kompolnas memberikan sejumlah catatan kepada Kapolri Jenderal Polisi Suyudi Ario Seto dan Wakapolri Komjen Pol Wahyu Hadiningrat.

#kapolri #kompolnas #polri #suyudiarioseto #beritaterkini https://t.co/xOoX8XKPPa",2105975496895037600,https://pbs.twimg.com/amplify_video_thumb/2105975314409197568/img/8TAXuITBGH97Wjb8.jpg,,in,,0,0,0,https://x.com/DiskursusNet/status/2105975496895037600,1431093872835235843,DiskursusNet
2105975089418383384,2026-10-02T10:56:03.000Z,1,"SELAMAT DAN SUKSES kepada 
JENDERAL POLISI 
DR. (H.C.) SUYUDI AROI SETO, S.I.K.,S.H.,https://t.co/o7CX2rJTqo
ATAS PELANTIKAN SEBAGAI 
KEPALA KEPOLISIAN NEGARA REPUBLIK INDONESIA 

BNNP SULAWESI BARAT
#kapolri 
#Warondrugsforhumanity 
#anandabersinar 
#Zonaintegritasmenujuwbbk https://t.co/Sa4YWXjzmH",2105975089418383384,https://pbs.twimg.com/media/HTntLSSbUAAsfdy.jpg,,in,,0,0,0,https://x.com/infobnnpsulbar/status/2105975089418383384,1688716211281129472,infobnnpsulbar
2105974635275907539,2026-10-02T10:54:14.000Z,31,"Jenderal Polisi Suyudi Ario Seto resmi menerima tongkat komando dari Jenderal Polisi Listyo Sigit Prabowo dan menjadi Kapolri baru. Prosesi sertijab menandai peralihan kepemimpinan di tubuh Polri setelah Suyudi dilantik Presiden Prabowo Subianto pada Kamis, 2 Oktober 2026. https://t.co/q24270WJNA",2105974635275907539,https://pbs.twimg.com/amplify_video_thumb/2105972992618754048/img/hkeUP7Dyuxdw9NHz.jpg,,in,,0,1,6,https://x.com/Metro_TV/status/2105974635275907539,57261519,Metro_TV
2105974089760538945,2026-10-02T10:52:04.000Z,1,"Yang menganggap Kapolri diganti petanda hubungan Jokowi dan Prabowo retak, salah besar 😂😂 https://t.co/ifmwnMQMH1",2105974089760538945,https://pbs.twimg.com/media/HTnsRFRa8AA-XGr.jpg,,in,,0,0,0,https://x.com/Must_r77/status/2105974089760538945,1661260827843006464,Must_r77
2105972998247157918,2026-10-02T10:47:44.000Z,0,Komisi III DPR Setujui Suyudi Jadi Kapolri Gantikan Listyo Sigit https://t.co/xxPG7pinhz,2105972998247157918,,,in,,0,0,0,https://x.com/abadikinicom/status/2105972998247157918,1554019722,abadikinicom
2105898789865161055,2026-10-02T10:45:58.000Z,0,"@msaid_didu @prabowo Kesel ya Du, Kapolri bukan calon yg diusulkan sohibmu SS 😀
Ternyata Margarito, Yusuf Hamka lebih punya kapasitas dibandingin dirimu 😀",2105972553777029194,,msaid_didu,in,,0,1,0,https://x.com/TulloSinanggar/status/2105972553777029194,1688973851164860417,TulloSinanggar
2105480220623176178,2026-10-02T10:45:37.000Z,1,"@cadoize3 Kapolri Suyudi kan dari BNN, pas lah ini kasus pertama, langsung kejar bandarnya, hukum mati, mantap.",2105972464237109682,,cadoize3,in,,0,0,0,https://x.com/loopseey/status/2105972464237109682,1615994105133412352,loopseey
2105971978838683720,2026-10-02T10:43:41.000Z,0,"Pergantian Kapolri dari Jenderal Listyo Sigit Prabowo ke Jenderal Suyudi Ario Seto berlangsung kurang dari 24 jam, sehingga Ketua YLBHI Muhamad Isnur mempertanyakan peran Kompolnas serta transparansi dan akuntabilitas proses pergantian tersebut.

#YLBHI #Kapolri https://t.co/LVdEZSPpOC",2105971978838683720,https://pbs.twimg.com/amplify_video_thumb/2105971646188363776/img/X3ed60zAkyBgAAlY.jpg,,in,,0,0,0,https://x.com/elshinta_smg/status/2105971978838683720,775589717127507968,elshinta_smg
2105971672805478450,2026-10-02T10:42:28.000Z,0,"Ukhti hijab main di kosan.

https://t.co/WS7K2Gz9kQ

https://t.co/s0I0QqdKhK

https://t.co/Nrmsh9pSj8

https://t.co/Y0MpxFQr0O

Rocky Gerung Selamat Hari Batik Nasional Wantimpres Kapolri Jumat Malaysia https://t.co/gZMaSSzxWv",2105971672805478450,https://pbs.twimg.com/amplify_video_thumb/2105971615687385088/img/h3JOM7ozUoHuple7.jpg,,in,,0,0,0,https://x.com/kXP2kyklZC5IfiW/status/2105971672805478450,904297403318247424,kXP2kyklZC5IfiW
2105594643870298517,2026-10-02T10:42:22.000Z,0,@DokterTifa Kapolri itu sih tergantung bagaimana presidennya,2105971646104555977,,DokterTifa,in,,0,0,0,https://x.com/r57927/status/2105971646104555977,1704859524958670848,r57927
2105971383327186998,2026-10-02T10:41:19.000Z,0,"Kiprah Panjang Kapolri Suyudi Ario Seto Dari Berantas Kampung Narkoba hingga Tangkap Buron Internasional

#SuyudiArioSeto #Kapolri #BNN #Polri #Narkoba https://t.co/tmR3UgwpyR",2105971383327186998,https://pbs.twimg.com/media/HTno8kmbEAAVIzT.jpg,,in,,0,0,0,https://x.com/KomaNewsroom/status/2105971383327186998,1886262460149346304,KomaNewsroom
2105971302582394935,2026-10-02T10:41:00.000Z,11,Presiden Prabowo melantik Jenderal Suyudi Ario Seto sebagai Kapolri baru. Suyudi dikenal berprestasi dalam penanganan narkoba dan pelayanan masyarakat. https://t.co/HFYqLLU5E7,2105971302582394935,,,in,,0,4,2,https://x.com/detikcom/status/2105971302582394935,69183155,detikcom
2105826027327094840,2026-10-02T10:39:50.000Z,1,"@xquitavee @ListyoSigitP bbrp org memaknai pergantian kapolri sbg ""pembersihan org jokowi"", padahal ya krn udah kelamaan aja pak listyo menjabat kapolri, udah lebih dari 5 thn..

jadi nggak ada hubungannya dgn ""pembersihan"" segala macam...😄",2105971008725459304,,xquitavee,in,,0,1,0,https://x.com/wawkoe/status/2105971008725459304,2914396597,wawkoe
2105970735588274255,2026-10-02T10:38:45.000Z,0,"Nama Suyudi Ario Seto kembali jadi sorotan setelah resmi dilantik sebagai Kapolri oleh Presiden Prabowo Subianto. Sebelumnya, Suyudi pernah dikaitkan dengan rumor sebagai “donatur” Shandy Aulia. Namun, penyebutan tersebut merupakan rumor yang beredar, bukan fakta yang telah terbu https://t.co/oXaqVbVSKu",2105970735588274255,https://pbs.twimg.com/media/HTnpN_wa4AA8CT6.jpg,,in,,0,0,0,https://x.com/NUSANTARAIDONE/status/2105970735588274255,2056666823219933185,NUSANTARAIDONE
2105970684841377912,2026-10-02T10:38:32.000Z,1,"Legislator yakin Kapolri baru mampu membawa Polri ke level kepercayaan yang lebih tinggi secara konsisten. Polisi yang kuat adalah polisi yang membuat rakyat merasa terlindungi.

#jagaindonesia #kamibersamapresiden #PolriProfesional #KepercayaanPublik #ReformasiPolri https://t.co/K2Lu6GILrD",2105970684841377912,https://pbs.twimg.com/media/HTnpKeraUAAW3uD.jpg,,in,,0,0,0,https://x.com/EnigmaPolitik/status/2105970684841377912,502806105,EnigmaPolitik
2105970504918249609,2026-10-02T10:37:50.000Z,1,"Kehadiran polisi harus dipercaya dan benar-benar dirasakan manfaatnya oleh masyarakat. Anggota Komisi III DPR. Kapolri baru diharapkan wujudkan Polri yg humanis, transparan, dan akuntabel.

#jagaindonesia #kamibersamapresiden #PolriProfesional #KepercayaanPublik #ReformasiPolri https://t.co/ECYBEHigg6",2105970504918249609,https://pbs.twimg.com/media/HTnpAraboAATpdg.jpg,,in,,0,0,0,https://x.com/panca_sila01/status/2105970504918249609,574245073,panca_sila01
2105933342986457158,2026-10-02T10:37:49.000Z,12,"@BudiBukanIntel Barengan dengan diangkatnya kapolri

IMHO",2105970502108168676,,BudiBukanIntel,in,,1,0,0,https://x.com/ayaS_questi0n5/status/2105970502108168676,1901125949628051457,ayaS_questi0n5
2105970302706647515,2026-10-02T10:37:01.000Z,5,"Selamat dan sukses kepada Komjen Pol. Suyudi Ario Seto, S.I.K., S.H., https://t.co/b28ckvHQ6r. atas penunjukan sebagai Kapolri.

Semoga senantiasa diberikan kesehatan, kekuatan, dan keberkahan dalam mengemban amanah serta memimpin Polri dengan penuh integritas dan dedikasi. https://t.co/ZzugFnJGAh",2105970302706647515,https://pbs.twimg.com/media/HTno0rpawAAjOyZ.jpg,,in,,0,2,1,https://x.com/infobnnp_gtlo/status/2105970302706647515,1073006140160536576,infobnnp_gtlo
2105970201217073414,2026-10-02T10:36:37.000Z,0,https://t.co/ZrFBEnqjVy,2105970201217073414,,,zxx,,0,0,0,https://x.com/NAWACIT4/status/2105970201217073414,731393598797701125,NAWACIT4
2105970039396721149,2026-10-02T10:35:59.000Z,0,https://t.co/LsRGvTQ1tR,2105970039396721149,,,zxx,,0,0,0,https://x.com/nawacitamedia/status/2105970039396721149,3158354773,nawacitamedia
2105969892810019296,2026-10-02T10:35:24.000Z,0,https://t.co/TGHdj5eMbH,2105969892810019296,,,zxx,,0,0,0,https://x.com/nawacitadotco/status/2105969892810019296,1667231432,nawacitadotco
2105969494724399379,2026-10-02T10:33:49.000Z,16,"Kepolisian Negara Republik Indonesia (Polri) menggelar serah terima jabatan (sertijab) Kapolri dari Jenderal Listyo Sigit Prabowo ke Jenderal Suyudi Ario Seto di Lapangan Bhayangkara, Jakarta Selatan, Jumat, 2 Oktober 2026. Dengan demikian, Suyudi resmi memegang tongkat komando https://t.co/u2H4JPizQ6",2105969494724399379,https://pbs.twimg.com/media/HTnoF1ZaEAAqLjW.jpg,,in,,0,0,0,https://x.com/Metro_TV/status/2105969494724399379,57261519,Metro_TV
2105969481210380537,2026-10-02T10:33:45.000Z,0,Selamat pak Suyudi semoga amanah Kapolri kunjungan dadakan persiapan pilkada 2017 walikota jak pus kapolres pak Suyudi  sekarang Kapolri yg baru dan dandim pd hari ultah... https://t.co/8jKDcEUwV0,2105969481210380537,https://pbs.twimg.com/media/HTnoExDaAAADcsC.jpg,,in,,0,0,0,https://x.com/ayutfoto/status/2105969481210380537,48206047,ayutfoto
2105969469327855899,2026-10-02T10:33:43.000Z,0,"Polri Gelar Rangkaian Tradisi Parade Perpisahan Mantan Kapolri

https://t.co/kRI9e4T9Df https://t.co/8DWznNxg6e",2105969469327855899,https://pbs.twimg.com/media/HTnoDyNasAAxNl-.jpg,,in,,0,0,0,https://x.com/sinpotv/status/2105969469327855899,1012174601055449088,sinpotv
2105918319031378264,2026-10-02T10:31:31.000Z,39,@yayancanggih Ibu kapolri termanteb se-Indonesia kalo jadi.,2105968916225020219,,yayancanggih,in,,0,0,0,https://x.com/Rengga_Febrian/status/2105968916225020219,190182651,Rengga_Febrian
2105826027327094840,2026-10-02T10:26:07.000Z,0,"@oemar1547764 @sepurbanter @xquitavee @ListyoSigitP Jadi mau mu, Pak Listyo Kapolri seumur hidup ya??",2105967559208317290,,oemar1547764,in,,0,0,0,https://x.com/YokL97/status/2105967559208317290,267593372,YokL97
2105826027327094840,2026-10-02T10:23:38.000Z,0,@Matt_Rodjack @DedynurPalakka @xquitavee @ListyoSigitP Jadi mau nya Pak Listyo Kapolri seumur hidup ya??,2105966933069721852,,Matt_Rodjack,in,,0,0,0,https://x.com/YokL97/status/2105966933069721852,267593372,YokL97
2105569233468105117,2026-10-02T10:22:44.000Z,1,"@pakaipeci Mana bisa hanya dengan ganti kapolri, langsung karakter polisi berubah. Gak bisa bang....gak semudah itu.  Ini mah cuma demi kepentingan penguasa, bukan kepentingan rakyat. Rakyat ke kantor polisi malah dipersulit, supaya dapat duit suap. Sudah rahasia umum.",2105966706028105766,,pakaipeci,in,,0,0,0,https://x.com/cendold31923291/status/2105966706028105766,1601948125433765889,cendold31923291
2105966622485922119,2026-10-02T10:22:24.000Z,0,"Presiden Prabowo Resuffle kabinet dan lantik Kapolri baru
--
Presiden Khatulistiwa https://t.co/EJDdhSdYi4",2105966622485922119,https://pbs.twimg.com/amplify_video_thumb/2105966550075551744/img/Yov_8GMDnn4ST0ao.jpg,,in,,0,0,0,https://x.com/Swa_sembada_/status/2105966622485922119,1450057786574790661,Swa_sembada_
2105965327179751566,2026-10-02T10:17:15.000Z,4,"Kepala Kepolisian Resor Trenggalek AKBP Rizky Tri Putra Erryka Adi Wijaya, S.I.K., M.H., Beserta Staf dan Jajaran Mengucapkan Selamat dan Sukses atas pelantikan Jenderal Polisi Dr. (H.C.) Suyudi Ario Seto, S.I.K., S.H., https://t.co/kUiQLMO5a6. sebagai Kapolri https://t.co/zNZtVzJDfG",2105965327179751566,https://pbs.twimg.com/media/HTnkTK5a4AA9fUH.jpg,,in,,0,1,0,https://x.com/IniTrenggalek/status/2105965327179751566,947181899633516545,IniTrenggalek
2105964786949230608,2026-10-02T10:15:06.000Z,0,"Pernyataan ini secara lugas menyoroti komitmen untuk memperbaiki wajah pelayanan publik di institusi kepolisian. 

Fokus utamanya adalah memberantas stigma bahwa berurusan atau melapor ke aparat penegak hukum itu rumit, berbelit-belit, atau memakan biaya. 

Narasinya https://t.co/a1T9J7oTO9",2105964786949230608,https://pbs.twimg.com/media/HTnjzxEbcAAqqp_.jpg,,in,,0,0,0,https://x.com/YudhaShanny2/status/2105964786949230608,1244292531090624512,YudhaShanny2
2105964785552826401,2026-10-02T10:15:06.000Z,2,"Ditunggu Janji Kapolri Baru yang Akan Buat Polisi Dekat dan Lindungi Rakyat.
https://t.co/GSUeYiNony https://t.co/oyzpUMU5pq",2105964785552826401,https://pbs.twimg.com/media/HTnjzqzbEAAl2bG.jpg,,in,,0,0,0,https://x.com/kba_news/status/2105964785552826401,1443801854756880385,kba_news
2105949152643293254,2026-10-02T10:14:08.000Z,0,"@Costacurta__ yoiii segala cara dilakukan mereka yg akhirnya bikin kita² terhibur dengan kebodohan mereka sendiri.
contohnya spt kemarin dan hari ini. kemarin para pembenci jokowi kecewa setelah Listyo Sigit Prabowo lepas jabatan dari Kapolri ternyata menjabat Kepala Staff Presiden.
hari para",2105964541888905528,,Costacurta__,in,,0,0,0,https://x.com/tomatskillo/status/2105964541888905528,1834223664105226242,tomatskillo
2105964413597663508,2026-10-02T10:13:37.000Z,6,"Tongkat komando Polri resmi berganti. Sertijab Kapolri dan Wakapolri digelar di Gedung Rupatama Mabes Polri, Jakarta, Jumat (2/10/2026), dengan Jenderal Polisi Suyudi Ario Seto menggantikan Listyo Sigit Prabowo dan Komjen Pol. Wahyu Hadiningrat menggantikan Dedi Prasetyo. https://t.co/ASviPy0BHe",2105964413597663508,https://pbs.twimg.com/amplify_video_thumb/2105964334975447040/img/kRmxqgPRUPj-1TWW.jpg,,in,,0,0,1,https://x.com/Beritasatu/status/2105964413597663508,154102750,Beritasatu
2105964274258768015,2026-10-02T10:13:04.000Z,0,Pergantian Kapolri: Ujian Bagi Suyudi Menjalankan Reformasi Polri www.​idntimes.​com/news/indonesia/pergantian-kapolri-ujian-bagi-suyudi-menjalankan-reformasi-polri-00-vdzm7-r2lh7f https://t.co/mPWyAuy4Ij,2105964274258768015,https://pbs.twimg.com/media/HTnjWO1bwAEth0b.png,,in,,0,0,0,https://x.com/IDNTimes/status/2105964274258768015,388190238,IDNTimes
2105963609985814562,2026-10-02T10:10:26.000Z,4,"KAPOLRES KLUNGKUNG AKBP MIKAEL HUTABARAT,S.H.,S.I.K.,M.H. BESERTA STAF DAN JAJARAN Mengucapkan

Selamat &amp; Sukses JENDERAL POLISI Dr. (H.C.) SUYUDI ARIO SETO, S.I.K., S.H., https://t.co/unMKTASn3v.

ATAS PELANTIKAN MENJADI

KAPOLRI https://t.co/JFr1fV9RLy",2105963609985814562,https://pbs.twimg.com/media/HTnivDyboAA_4Hs.jpg,,in,,0,0,0,https://x.com/PKlungkung/status/2105963609985814562,1004222775488204800,PKlungkung
2105869887197642778,2026-10-02T10:08:46.000Z,0,"@MulyadiMade @KompasTV Memang aturan nya ngga bs gitu, itu aturan nya sama dg aturan yg diberlakukan pd Kapolri dan panglima TNI. Ngga bs copot langsung, hrs ada persetujuan DPR. Bedanya wapres harus disidangkan di MPR, yg berhak memberhentikan adalah MPR.",2105963193868959946,,MulyadiMade,in,,0,0,0,https://x.com/CampDaffa/status/2105963193868959946,3271395200,CampDaffa
2105962769774473378,2026-10-02T10:07:05.000Z,1,🇮🇩 Selamat &amp; Sukses atas Pelantikan Kapolri dan Wakapolri https://t.co/I4sOEtNRpc,2105962769774473378,https://pbs.twimg.com/media/HTnh-BEbcAAH1Ar.jpg,,in,,0,0,0,https://x.com/polsekbaratmgt/status/2105962769774473378,1646482893953454080,polsekbaratmgt
2105962680100196505,2026-10-02T10:06:44.000Z,0,"Buni Yani: Pergantian Kapolri untuk Antisipasi Putusan MK soal Gibran

https://t.co/iEjJNZey43",2105962680100196505,,,in,,0,0,0,https://x.com/langkatoday/status/2105962680100196505,1886636568980705280,langkatoday
2105962345872990449,2026-10-02T10:05:24.000Z,0,"Nikel naik 50% buka jalan ekspor, impor mesin naik 22% tanda industri bergerak, Tiongkok mitra utama, surplus tetap kokoh. BPS catat semuanya lengkap: kekuatan dipertahankan, ketimpangan dilihat, langkah selanjutnya jadi jelas.
@bps_statistics

Kapolri
Rocky Gerung
#REDRED12thWin https://t.co/ndrZyNBOkB",2105962345872990449,https://pbs.twimg.com/amplify_video_thumb/2105962240763715584/img/8-oFLIGCM6swj561.jpg,,in,,0,1,0,https://x.com/Catherin_sheryl/status/2105962345872990449,1605598378867720193,Catherin_sheryl
2105962110744420802,2026-10-02T10:04:28.000Z,0,"Ketua DPR RI Puan Maharani memimpin persetujuan pengangkatan Komisaris Jenderal Polisi Suyudi Ario Seto sebagai Kapolri baru.

#Tetappuan #PuanMaharani #Kapolri #Polri #DPRRI https://t.co/R9MeQWMebg",2105962110744420802,https://pbs.twimg.com/amplify_video_thumb/2105961771743997952/img/nTonbFyilSHWHAwq.jpg,,in,,0,0,0,https://x.com/Tetap_Puan/status/2105962110744420802,991398998949773312,Tetap_Puan
2105962086224519468,2026-10-02T10:04:22.000Z,0,"Sampaikan Tujuh Poin Evaluasi Kritis, Anwar Abbas Titip Harapan Besar kepada Kapolri yang Baru https://t.co/mFtsZXwuIX lewat @imbcnewscom",2105962086224519468,,,in,,0,0,0,https://x.com/Imbcnewscom/status/2105962086224519468,1596828141351075840,Imbcnewscom
2105961752928391424,2026-10-02T10:03:03.000Z,0,Sertijab Kapolri: Listyo Sigit Serahkan Tongkat Komando ke Suyudi Ario www.​idntimes.​com/news/indonesia/sertijab-kapolri-listyo-sigit-serahkan-tongkat-komando-ke-suyudi-ario-00-vdzm7-f5bz7y https://t.co/aAiTEhfFrS,2105961752928391424,https://pbs.twimg.com/media/HTnhDQHasAA4YXM.jpg,,in,,0,0,0,https://x.com/IDNTimes/status/2105961752928391424,388190238,IDNTimes
2105961368868565411,2026-10-02T10:01:31.000Z,6,"Suami kuli angkut semen, istri buruh kupas bawang. Desil langsung berubah desil 10, meskipun di KTP pekerjaan buruh harian lepas. Anjayyy

Rocky Gerung Wantimpres Suyudi Ario Seto dua tahun prabowo Kapolri FIFA Portugal Mitch Baker King Indo https://t.co/JbiZC60TlZ",2105961368868565411,https://pbs.twimg.com/amplify_video_thumb/2105961332726173696/img/U8XcHDJTpfDKnIYx.jpg,,in,,0,1,0,https://x.com/ninok_snow/status/2105961368868565411,1325990774169718784,ninok_snow
2105960573557187015,2026-10-02T09:58:22.000Z,0,"Jenderal Suyudi Resmi Jadi Kapolri, Jaro Ade Ungkap Kedekatan Sejak Bertugas di Kabupaten Bogor
 
https://t.co/RyXgE4rkcT lewat @tribunnews",2105960573557187015,,,in,,0,0,0,https://x.com/Tribun_Bogor/status/2105960573557187015,1239919987227127808,Tribun_Bogor
2105960224817545397,2026-10-02T09:56:59.000Z,0,Kapolri Suyudi Fokus Perkuat Pelayanan Publik dan Penegakan Hukum yang Adil https://t.co/izpADPU3Bk  #KapolriSuyudi,2105960224817545397,,,in,,0,0,0,https://x.com/WartaKepri/status/2105960224817545397,4401199034,WartaKepri
2105959242457067723,2026-10-02T09:53:04.000Z,1,"Habib Syakur Apresiasi Kapolri Baru: Polisi Harus Dekat dengan Rakyat dan Kuat karena Dipercaya

#Kapolri #SuyudiArioSeto #Polri #PolisiBersamaMasyarakat #BeritaTerkini https://t.co/RXemKjIoku",2105959242457067723,https://pbs.twimg.com/amplify_video_thumb/2105959156071141376/img/pDwkgNZOHhCqH9Qe.jpg,,in,,0,0,0,https://x.com/KomaNewsroom/status/2105959242457067723,1886262460149346304,KomaNewsroom
2105958965230424127,2026-10-02T09:51:58.000Z,2,"Bocil topeng ungu lagi viral  🎗

https://t.co/hyjJ9a7xC2

https://t.co/hyjJ9a7xC2

https://t.co/hyjJ9a7xC2

King indo lubang buaya Sugiono Bahlil lahadalia kapolri malam Jumat https://t.co/k92Q8nwj9d",2105958965230424127,https://pbs.twimg.com/media/HTnedlKbgAMNWlO.jpg,,in,,0,14,3,https://x.com/kayla25ha0/status/2105958965230424127,2097932684924235786,kayla25ha0
2105958836645576905,2026-10-02T09:51:28.000Z,1,SETUJUKAN........SEMOGA KEGANTENGAN KAPOLRI TIDAK KALAH DENGAN PEKERJAANNYA SEBAGAI KAPOLRI✅️,2105958836645576905,,,in,,0,2,2,https://x.com/akuntandigital/status/2105958836645576905,1201477273569808387,akuntandigital
2105958647859966124,2026-10-02T09:50:43.000Z,21,"Selamat datang Kapolri Suyudi Ario Seto! Momen kedatangan Kapolri Suyudi di Mabes Polri disambut langsung oleh Kapolri sebelumnya Jenderal Listyo beserta jajaran, (1/10) #PublikMemantau #MabesPolri #Kapolri #SuyudiArioSeto #ListyoSigitPrabowo https://t.co/eQP9eKgbFY",2105958647859966124,https://pbs.twimg.com/amplify_video_thumb/2105958623184912384/img/y9x_tmZO-GSa5MTa.jpg,,in,,0,5,0,https://x.com/publikmemantau/status/2105958647859966124,2030896100421545984,publikmemantau
2105958425217884382,2026-10-02T09:49:50.000Z,4,Fakta menarik terungkap di balik kepemimpinan Jenderal Listyo Sigit Prabowo yang telah menjabat sebagai Kapolri selama hampir 6 tahun. https://t.co/IgixVStTEW,2105958425217884382,https://pbs.twimg.com/media/HTneBkqaEAAkVoO.jpg,,in,,0,1,1,https://x.com/Sociolanes/status/2105958425217884382,1506986334640295945,Sociolanes
2105932636946632754,2026-10-02T09:48:10.000Z,5,"@regar_op0sisi @Gerindra Wah calon kapolri ini, apakah peristiwa lama akan terulang?",2105958008639660064,,regar_op0sisi,in,,0,0,0,https://x.com/PlongoY20737/status/2105958008639660064,2024614804011532288,PlongoY20737
2105956315571146834,2026-10-02T09:41:27.000Z,21,"Kapolri Suyudi: Pelayanan Publik, Penegakan Hukum dan Kedekatan dengan Masyarakat Jadi Prioritas #MoodMasyarakat #Kapolri #SuyudiArioSeto #Polri #PolriUntukMasyarakat https://t.co/FrWnBEzZHh",2105956315571146834,https://pbs.twimg.com/media/HTncGraaUAAE7UA.jpg,,in,,0,5,0,https://x.com/moodmasyarakat/status/2105956315571146834,2010910755668049923,moodmasyarakat
2105956270717190514,2026-10-02T09:41:16.000Z,0,"Inflasi tahunan 3,28% dibanding September lalu, bulannya naik 0,30% saja, dibanding akhir tahun kemarin 2,17% , BPS tampilkan semua sudut pandang angka, lengkap dan transparan.
@bps_statistics

Kapolri 
#GMMTVFANIVAL2026HappyFamily
Shame On You
#REDRED12thWin https://t.co/ENJKnfctCU",2105956270717190514,https://pbs.twimg.com/media/HTncD7tbwAAit4N.jpg,,in,,0,0,0,https://x.com/Macchiato_Rand/status/2105956270717190514,1600177715134357505,Macchiato_Rand
2105956130174443987,2026-10-02T09:40:42.000Z,0,"Bicara Teori itu mudah, yang sulit itu pelaksanaan nya.
Adakah harapan untuk merubah wajah hukum di Indonesia dg Kapolri baru?
https://t.co/QzQCxkXy4R https://t.co/7g7Q6g80rc",2105956130174443987,https://pbs.twimg.com/media/HTnbaLAaIAAEBrN.jpg,,in,,0,0,0,https://x.com/CampDaffa/status/2105956130174443987,3271395200,CampDaffa
2105954565149610172,2026-10-02T09:34:29.000Z,18,"Mabes Polri menggelar upacara Serah Terima Jabatan Kapolri dan penyerahan Panji Kepolisian RI, Jumat (02/10). 🎥Ris https://t.co/STbK1HjbPG",2105954565149610172,https://pbs.twimg.com/amplify_video_thumb/2105954446920605696/img/tYzwJtL2UrZgl_IS.jpg,,in,,0,0,0,https://x.com/RadioElshinta/status/2105954565149610172,121640063,RadioElshinta
2105954478746931436,2026-10-02T09:34:09.000Z,0,"Kepala Kepolisian Resor Kediri Kota beserta Staf dan Bhayangkari mengucapkan Selamat dan Sukses atas pelantikan Jenderal Polisi Dr. (H.C) Suyudi Ario Seto, S.I.K., S.H., https://t.co/inVGz2zFaz. sebagai Kapolri. https://t.co/QKeDWdDgmt",2105954478746931436,https://pbs.twimg.com/media/HTnabe-a4AA9Ipm.jpg,,in,,0,0,0,https://x.com/sektorpesantren/status/2105954478746931436,1488003415670407168,sektorpesantren
2105954460258451831,2026-10-02T09:34:05.000Z,0,"diberikan kesehatan, kekuatan, dan kebijaksanaan dalam menjalankan amanah serta pengabdian kepada bangsa dan negara.
Selamat mengemban amanah. Semoga sukses dalam menjalankan tugas dan tanggung jawab sebagai Kapolri.

#PLNBatam #PLNUntukIndonesia #AcceleratingRenewableEnergy",2105954462632460598,,PLNBatam,in,,0,0,0,https://x.com/PLNBatam/status/2105954462632460598,382065654,PLNBatam
2105954460258451831,2026-10-02T09:34:04.000Z,0,"Segenap Dewan Komisaris, Direksi, dan Keluarga Besar PT PLN Batam mengucapkan:
Selamat dan sukses kepada Jenderal Polisi Suyudi Ario Seto, S.I.K., S.H., https://t.co/QZOR4yyAUN. atas pelantikan sebagai Kepala Kepolisian Negara Republik Indonesia (Kapolri).
Semoga senantiasa https://t.co/AnYDVh2gBX",2105954460258451831,https://pbs.twimg.com/media/HTnaV3BasAE3nHc.jpg,,in,,0,1,0,https://x.com/PLNBatam/status/2105954460258451831,382065654,PLNBatam
2105954458056392929,2026-10-02T09:34:04.000Z,0,"Loe kyk anak TK sj wkwk.

Kapolri itu kan jabatan politik, mau2 nya Presiden lah mau ganti atau gk.

Lgian pula Sigìt itu dikarbit Jkwi jd Jenderal saat itu yg idealnya blm pantas jd jenderal.",2105954458056392929,,,in,,0,0,0,https://x.com/Konco_82/status/2105954458056392929,3000505602,Konco_82
2105953631250104521,2026-10-02T09:30:47.000Z,3,"Ditunggu Janji Kapolri Baru yang Akan Buat Polisi Dekat dan Lindungi Rakyat.

“Kita sebenarnya pesimis apakah Polisi akan berubah, tetapi karena Kapolri sudah berjanji, kita tunggu realisasinya.” 

https://t.co/1XjBAE21jO https://t.co/H2NzVvgYLW",2105953631250104521,https://pbs.twimg.com/media/HTnZqbQaYAASpA3.jpg,,in,,0,1,0,https://x.com/PohanChoky40724/status/2105953631250104521,1866478058582257664,PohanChoky40724
2105575778377420852,2026-10-02T09:28:35.000Z,0,@Juliakango @kecapitem12 @shda_agatha_ klo power ya kapolri dibanding KSP 🤣🤣🤣🤣,2105953081364197447,,Juliakango,in,,0,0,0,https://x.com/SotoAyam1970/status/2105953081364197447,1587265721146707968,SotoAyam1970
2105952481650131315,2026-10-02T09:26:12.000Z,0,"Berharap pada komitmen sederhana Kapolri Jenderal Suyudi AS.
POLRI BERSAMA MASYARAKAT https://t.co/BukXe2xi4z",2105952481650131315,https://pbs.twimg.com/amplify_video_thumb/2105952407549296640/img/sfzqni2MOLlWqh0H.jpg,,in,,0,0,0,https://x.com/fideldapati/status/2105952481650131315,98290687,fideldapati
2105952401270210565,2026-10-02T09:25:53.000Z,0,"Dalam satu rangkaian pelantikan, pucuk pimpinan Polri berganti dan sejumlah posisi strategis pemerintahan ikut berubah.

Dari Suyudi Ario Seto sebagai Kapolri hingga Listyo Sigit yang kini menjadi Kepala Staf Kepresidenan—apa yang berubah dan apa target di balik perombakan ini? https://t.co/k4dj6slGY1",2105952401270210565,https://pbs.twimg.com/amplify_video_thumb/2105952232625815552/img/mnmSTw4rLF8Iql1A.jpg,,in,,0,0,0,https://x.com/inilahdotcom/status/2105952401270210565,46693036,inilahdotcom
2105951871802511543,2026-10-02T09:23:47.000Z,0,"Setelah tidak lagi menjadi Kapolri, Listyo Sigit dilantik sebagai Kepala Staf Kepresidenan pada 1 Oktober 2026. Dalam kesempatan yang sama, Listyo menyatakan statusnya masih sebagai anggota Polri aktif. 

Status aktif Listyo berkaitan dengan perubahan UU Polri yang berlaku sejak https://t.co/DmrHlmcvZs",2105951871802511543,https://pbs.twimg.com/media/HTnYEDMbgAAwLj8.jpg,,in,,0,0,0,https://x.com/signal__decode/status/2105951871802511543,2084319198747234305,signal__decode
2105951443815419998,2026-10-02T09:22:05.000Z,6,"Komisi III DPR RI menyetujui Suyudi Ario Seto sebagai calon Kapolri melalui proses fit and proper test. Anggota Komisi III DPR RI F-PKS, Habib Aboe Bakar Alhabsyi dan Adang Daradjatun menyoroti pentingnya transformasi Polri yang berorientasi pada pelayanan dan kepercayaan https://t.co/TF004AZNPX",2105951443815419998,https://pbs.twimg.com/media/HTnXkEebEAArMbc.jpg,,in,,0,0,3,https://x.com/FPKSDPRRI/status/2105951443815419998,91255162,FPKSDPRRI
2105951059688702324,2026-10-02T09:20:33.000Z,12,"Kapolri Suyudi Ario Seto punya agenda 100 hari pertama.  

Bukan cuma narkoba. Premanisme, pemerasan, kejahatan jalanan, tawuran hingga debt collector masuk daftar prioritas. https://t.co/o5dVMOeypi",2105951059688702324,https://pbs.twimg.com/media/HTnXUoVbwAAJfwj.jpg,,in,,2,1,6,https://x.com/KontanNews/status/2105951059688702324,43799886,KontanNews
2105950892616994889,2026-10-02T09:19:54.000Z,1,"Kapolres Gayo Lues Gelar Jumat Curhat, Warga Keluhkan Narkoba hingga Judi Online

#poldaaceh #polresgayolues #bidhumaspoldaaceh #divisihumaspolri 
#Kapolri
#listyosigitprabowo
#Kapolresgayolues
#Poldaaceh https://t.co/X3HtCaMh1Q",2105950892616994889,https://pbs.twimg.com/media/HTnXHTvbYAAaOEs.jpg,,in,,0,0,0,https://x.com/Humaspolresgayo/status/2105950892616994889,1736599425684996096,Humaspolresgayo
2105569233468105117,2026-10-02T09:19:00.000Z,2,@pakaipeci Yg harusnya jadi bare minimum sampai jadi cita2 calon kapolri saking brengseknya institusi ini.,2105950666850275654,,pakaipeci,in,,0,0,0,https://x.com/aneselalubenar/status/2105950666850275654,1449018558189486085,aneselalubenar
2105950557307638216,2026-10-02T09:18:34.000Z,0,"Pengalaman unik para petugas lapangan menggambarkan dinamika interaksi sosial yang hangat serta penuh humor saat mendata beragam karakter masyarakat secara langsung di pemukiman warga setempat @bps_statistics 

 #WilliamEstConcert Kapolri FIFA https://t.co/fPBgRaidRa",2105950557307638216,https://pbs.twimg.com/amplify_video_thumb/2105949476812951552/img/n6zAzQ3MmA88q5Oy.jpg,,in,,0,0,0,https://x.com/AlfaBet_4/status/2105950557307638216,1598829322810249216,AlfaBet_4
2105949334072086925,2026-10-02T09:17:23.000Z,0,"@kangdede78 @ch_chotimah2 baca berita cuman judul doang ""@ListyoSigitP dicopot dari jabatan sebagai Kapolri"" tapi ga baca kelanjutannya dan diangkat jadi kepala KSP @KSPgoid , kalo gue sih malu https://t.co/59YAxGqO6C",2105950260652884395,https://pbs.twimg.com/media/HTnWmWOa0AAQRGm.jpg,kangdede78,in,,0,0,0,https://x.com/Boedak_Korporat/status/2105950260652884395,1935295401118285826,Boedak_Korporat
2105902662814450165,2026-10-02T09:16:37.000Z,0,"@ComicFaktaNih @diktumid Yeayy akhirnya nongol juga min. Sibuk RL ya min. Gpp focus aja kesitu. Kmren mintum sibuk kawal pelantikan kapolri, ini mincom abis sibuk proyekan apa ya @diktumid bagi2 jatah dongg. Mau juga min 😁",2105950068683739444,,ComicFaktaNih,in,,0,1,0,https://x.com/elpichichiiiiii/status/2105950068683739444,2092460615843602432,elpichichiiiiii
2105625073126412670,2026-10-02T09:16:35.000Z,2,"@KapudS640 Listyo Sigit pas naik jadi Kapolri itu vibesnya mirip Jokowi 2014 

New Hope dll 

taunya taik juga sama saja 

Apalagi beliau ini Kristen atau Katolik saya lupa 
tetep saja gereja dipersekusi 

Kasus Kanjuruhan
Kasus Affan 

NOL BESAR SEMUA",2105950061343727829,,KapudS640,in,,0,0,0,https://x.com/guoliangtjia/status/2105950061343727829,370104327,guoliangtjia
2105572056524054590,2026-10-02T09:16:28.000Z,0,"@FaiNomady Semoga kapolri yg baru bisa menjadi tonggak baru bagi polri menjadi polisi yg bermartabat, bekerja penuh dedikasi dan bisa memperbaiki citra polri di masa yg akan datang. Kita harus optimis dg perbaikan, jangan belum apa apa pesimis, harus teta otimis",2105950030452674737,,FaiNomady,in,,0,0,0,https://x.com/UnSlamet8/status/2105950030452674737,1284016283621580800,UnSlamet8
2105949955810812243,2026-10-02T09:16:10.000Z,2,"Kapolres Klungkung beserta Staf dan Jajaran mengucapkan Selamat dan Sukses atas pelantikan Jenderal Polisi Dr. (H.C.) Suyudi Ario Seto, S.I.K., S.H., https://t.co/I4G6xolYnu sebagai Kapolri. https://t.co/jn9pm5L4yG",2105949955810812243,https://pbs.twimg.com/media/HTnWUUha0AAIRei.jpg,,in,,0,0,0,https://x.com/SKlungkung/status/2105949955810812243,1185706144938876928,SKlungkung
2105949370004959322,2026-10-02T09:13:51.000Z,46,"Di bawah kata Kapolri baru

Tapi kenyataan yg sering beredar:

𝗝𝗶𝗸𝗮 𝗮𝗻𝗱𝗮 𝗸𝗲𝗺𝗮𝗹𝗶𝗻𝗴𝗮𝗻 𝗺𝗼𝘁𝗼𝗿, 𝘀𝗲𝗯𝗮𝗶𝗸𝗻𝘆𝗮 𝗱𝗶𝗮𝗺. 𝗧𝗮𝗽𝗶 𝗷𝗶𝗸𝗮 𝗮𝗻𝗱𝗮 𝗹𝗮𝗽𝗼𝗿 𝗽𝗼𝗹𝗶𝘀𝗶, 𝗺𝗮𝗸𝗮 𝗯𝗲𝗿𝗸𝗲𝗺𝘂𝗻𝗴𝗸𝗶𝗻𝗮𝗻 𝗮𝗻𝗱𝗮 𝗮𝗸𝗮𝗻 𝗸𝗲𝗵𝗶𝗹𝗮𝗻𝗴𝗮𝗻 𝘀𝗮𝗽𝗶 https://t.co/Bo3DH64HMH",2105949370004959322,https://pbs.twimg.com/media/HTnVyelbcAAXOZl.jpg,,in,,2,19,9,https://x.com/SammiSoh/status/2105949370004959322,795498951336075264,SammiSoh
2105538344457502828,2026-10-02T09:13:50.000Z,0,@netizenledger Ujian pertama KaPolRi baru.,2105949365454131395,,netizenledger,in,,0,0,0,https://x.com/erwinromnas/status/2105949365454131395,2041785224179101696,erwinromnas
2105594643870298517,2026-10-02T09:11:22.000Z,0,"@DokterTifa Si @ListyoSigitP gak bukannya dipecat tapi dikasih jabatan baru , cuma ganti pemain aja ya.
Tapi ya semoga kapolri yg baru bisa bersih2 ya",2105948748459446364,,DokterTifa,in,,0,0,0,https://x.com/wonderland_2222/status/2105948748459446364,1689855206870446080,wonderland_2222
2105856196855157026,2026-10-02T09:11:12.000Z,0,"@LambeSahamjja Yg kasih dia bebas ngoceh setelah ditetapkan tersangka oleh penyidik jamannya pak Listyo btw sampai hampir 1 tahun bebas ngoceh,, sekarang dia ngoceh lain?ya siap aja semoga kapolri baru dan pn langsung jebloskan tifa dan Roy panci kepenjara",2105948705539113031,,LambeSahamjja,in,,0,0,0,https://x.com/abdulKa50631277/status/2105948705539113031,2004077884772925440,abdulKa50631277
2105948201618747882,2026-10-02T09:09:12.000Z,0,"Tongkat Kapolri Berpindah, Suyudi Ario Seto Naik Jadi Jenderal dlvr.​it/TVl7Nz",2105948201618747882,,,in,,0,0,0,https://x.com/indonesiana/status/2105948201618747882,250555040,indonesiana
2105947777561997524,2026-10-02T09:07:31.000Z,0,"Angka nasional 3,28% bukan berarti sama di mana-mana! Sumatera Selatan terendah 2,55%, Sulawesi Utara tertinggi 7,59%, Minahasa Utara capai 9,05%,  BPS tunjukkan kenyataan tiap wilayah tanpa ditutupi.
@bps_statistics 

Nana Lawan 10 Kapolri
#WilliamEstConcert
WE REIGN PRESS TOUR https://t.co/K3IDHZZtI3",2105947777561997524,https://pbs.twimg.com/media/HTnUVncagAAcLWa.jpg,,in,,0,0,0,https://x.com/FiQyutee/status/2105947777561997524,1761313394869837824,FiQyutee
2105947327500300638,2026-10-02T09:05:44.000Z,2,"Proses pengangkatan Komjen Suyudi Ario Seto sebagai Kapolri pada 1 Oktober 2026 berlangsung sangat kilat. Bermula dari Surpres Presiden Prabowo Subianto, uji kelayakan dan kepatutan selama 22 menit di DPR, pengesahan paripurna, hingga pelantikan resmi di Istana Negara pada sore https://t.co/9SLsUEviY2",2105947327500300638,https://pbs.twimg.com/amplify_video_thumb/2105946979234877440/img/ySIrfaeIgigaHgpH.jpg,,in,,0,0,0,https://x.com/kompascom/status/2105947327500300638,23343960,kompascom
2105947303882391857,2026-10-02T09:05:38.000Z,1,"Kalau Gibran terpental akibat sidang MK, mungkin keputusan Prabowo akan lanjut bersih2 Geng Jokowi dari jabatan strategis. Mungkin. Jadi, tahan kecewa dulu. Sabar dan waspada 

Kapolri diganti beneran atau permainan?

#MakzulkanGibranDiSidangMK
#MakzulkanGibranDiSidangMK https://t.co/HU09nhdix5",2105947303882391857,https://pbs.twimg.com/media/HTnT6GUa0AAbaba.jpg,,in,,0,0,1,https://x.com/dancersejati07/status/2105947303882391857,1605747132014637061,dancersejati07
2105947187377283113,2026-10-02T09:05:10.000Z,0,"Pergantian kepemimpinan merupakan kewenangan penuh kepala negara, selayaknya penataan posisi pada agenda Reshuffle pemerintah.
#HakPrerogatifPresiden #Kapolri #PolriBisa #KabarTerkini #KebijakanNegara https://t.co/wcSkzvnELG",2105947187377283113,https://pbs.twimg.com/media/HTnTzXKbMAAz7cl.jpg,,in,,0,0,0,https://x.com/Lenasenjaku/status/2105947187377283113,1979728059365564417,Lenasenjaku
2105946938923524302,2026-10-02T09:04:29.000Z,0,"Beberapa perubahan di antaranya Arrmanatha Nasir dilantik sebagai Menteri Luar Negeri menggantikan Sugiono, Sugiono menjadi Menko PMK menggantikan Pratikno, serta Dudung Abdurachman menjadi Menko Polkam menggantikan Djamari Chaniago. Selain itu, Komjen Pol Suyudi Ario Seto",2105947015138173378,,GNFI,in,,0,0,0,https://x.com/GNFI/status/2105947015138173378,39677695,GNFI
2105946437167280408,2026-10-02T09:02:11.000Z,0,"Resmi Jabat Kepala Staf Kepresidenan, Listyo Sigit Tegaskan Masih Anggota Polri Aktif

JAKARTA – Usai resmi dilantik oleh Presiden Prabowo Subianto sebagai Kepala Staf Kepresidenan (KSP), Jenderal Pol. Listyo Sigit Prabowo memberikan klarifikasi terkait status keprajuritannya. https://t.co/2RfN9xXo12",2105946437167280408,https://pbs.twimg.com/media/HTnTHxMacAAvLUb.jpg,,in,,0,0,0,https://x.com/Melihat_Indo/status/2105946437167280408,48359478,Melihat_Indo
2105946011504087090,2026-10-02T09:00:30.000Z,0,"Jenderal Suyudi Ario Seto resmi menjadi Kapolri setelah menggantikan Jenderal Listyo Sigit Prabowo. Lulusan Akpol 1994 ini memiliki perjalanan panjang di bidang reserse sebelum menduduki sejumlah jabatan strategis, termasuk Kepala BNN.

Jurnalis SindoNews Sunu Hastoro Fahrurozi https://t.co/ZchEV9dYPm",2105946011504087090,https://pbs.twimg.com/amplify_video_thumb/2105880204220776448/img/IqiIk8I6Y_-KXM8I.jpg,,in,,0,0,0,https://x.com/SINDOnews/status/2105946011504087090,231355136,SINDOnews
2105945893715554412,2026-10-02T09:00:02.000Z,4,Ada yg tahu akun medsosnya Kapolri yg baru ?,2105945893715554412,,,in,,0,3,1,https://x.com/LaiElfrid/status/2105945893715554412,1978790995,LaiElfrid
2105945006313988298,2026-10-02T08:56:30.000Z,726,"""Listyo dicopot tapi diberi jabatan sebagai Ketua KSP gantikan Dudung Abdurahman.

Yang penting Listyo lengser dari jabatan strategis sebagai Kapolri""

Demikian analisis Bro Agung 

#MakzulkanGibranDiSidangMK
#MakzulkanGibranDiSidangMK https://t.co/ADqs0EkLKg",2105945006313988298,https://pbs.twimg.com/amplify_video_thumb/2105943973697409024/img/4rkt3OpAAcb9cWME.jpg,,in,,6,55,180,https://x.com/dancersejati07/status/2105945006313988298,1605747132014637061,dancersejati07
2105683105092694049,2026-10-02T08:31:22.000Z,1,@puanmaharani_ri Selamat untuk bapak Kapolri dan Wakapolri beserta staff lainnya yang sudah dilantik semoga amanah dengan tugas nya,2105938679101641061,,puanmaharani_ri,in,,0,1,0,https://x.com/perempuan4ever_/status/2105938679101641061,1126054015,perempuan4ever_
2105879740343263605,2026-10-02T08:29:51.000Z,0,@bangherwin Loe aja yg jd kapolri bang😂,2105938297424167216,,bangherwin,in,,0,0,0,https://x.com/Masih3710/status/2105938297424167216,1828825136826580992,Masih3710
2105683105092694049,2026-10-02T08:29:23.000Z,5,@puanmaharani_ri selamatt bertugas untukk kapolri baruu kami berharap yang terbaikk kdepannya mengawal rakyat,2105938183221563897,,puanmaharani_ri,in,,0,4,0,https://x.com/SenaSendjawo/status/2105938183221563897,2063654633114071040,SenaSendjawo
2105938127886127337,2026-10-02T08:29:10.000Z,5,"Presiden Prabowo Subianto menganugerahkan Tanda Kehormatan Bintang Mahaputera Adipurna kepada Kapolri Jenderal Polisi Listyo Sigit Prabowo atas jasa luar biasa bagi bangsa dan negara.

#TVKabarNusa #ListyoSigitPrabowo #BintangMahaputera #BeritaTerkini #Polri https://t.co/n9vQp7yTA3",2105938127886127337,https://pbs.twimg.com/amplify_video_thumb/2105937962236329984/img/gM2N98UZ1MQ1AaS0.jpg,,in,,0,0,2,https://x.com/tv_kabarnusa/status/2105938127886127337,2077956314442182656,tv_kabarnusa
2105938018179920210,2026-10-02T08:28:44.000Z,0,"Menelaah aturan tata kelola kepolisian: karena posisinya di bawah Presiden, maka penunjukan maupun pergantian Kapolri adalah hak prerogatif Presiden. #HakPrerogatifPresiden https://t.co/8gCgRUrQLq",2105938018179920210,https://pbs.twimg.com/media/HTnLdY_aAAAE7Ac.jpg,,in,,0,0,0,https://x.com/kalkwulator/status/2105938018179920210,771256686203985920,kalkwulator
2105892665883803655,2026-10-02T08:28:35.000Z,1,"@WongAlasRoban Bisa jadi penerus Kapolri merupakan orang pilihan ex Kapolri juga. Jadi kebijakan lama Kapolri akan tetap diteruskan.

Dan jangan lupa juga Pak Listyo itu menjabat sebagai kapolri 5th 8bln, itu record terpanjang. Biasanya cuma 2-3th.

Artinya pergantian Kapolri memang sudah",2105937981379092624,,WongAlasRoban,in,,0,1,0,https://x.com/AdiX404/status/2105937981379092624,1322972021987266560,AdiX404
2105845142041350422,2026-10-02T08:28:27.000Z,0,@Heraloebss Gak aneh lah yg namanya Konoha itu dari tahun 1 urusan hukum itu dipastikan harus sesuai pesanan penguasa (mau yg mana terserah Anda). Berharap baik ke @prabowo eehhh ex kapolri dll malah dikaryakan. Ga punya jabatan juga mereka bakalan miskin.,2105937944959984125,,Heraloebss,in,,0,0,0,https://x.com/agustiana22/status/2105937944959984125,261490038,agustiana22
2105937895878258900,2026-10-02T08:28:15.000Z,0,"Meskipun hak prerogatif ada di tangan Presiden, sinergi dan persetujuan dari DPR tetap menjadi bagian penting dalam mekanisme pergantian Kapolri ini. #HakPrerogatifPresiden https://t.co/22TpaWpdxS",2105937895878258900,https://pbs.twimg.com/media/HTnLWGKasAA88n4.jpg,,in,,0,0,0,https://x.com/zeetoko/status/2105937895878258900,771162361130430464,zeetoko
2105937859719168403,2026-10-02T08:28:06.000Z,0,Kompolnas sambut tekad Kapolri hapus “no viral no justice” https://t.co/4bHIXpqR87,2105937859719168403,,,in,,0,0,0,https://x.com/elshinta_tegal/status/2105937859719168403,1006054070077964289,elshinta_tegal
2105937663312400635,2026-10-02T08:27:20.000Z,1,"DIREKTORAT RESERSE SIBER POLDA BALI BESERTA STAF DAN BHAYANGKARI

Mengucapkan:

Selamat dan Sukses Atas Pelantikan Jabatan Baru Sebagai KAPOLRI dan WAKAPOLRI https://t.co/Z8KzRRLY1e",2105937663312400635,https://pbs.twimg.com/amplify_video_thumb/2105937639203631104/img/gsPApC5ZfAOsstHI.jpg,,in,,0,0,0,https://x.com/ditressiberbali/status/2105937663312400635,1367659016780845058,ditressiberbali
2105937537177149509,2026-10-02T08:26:49.000Z,0,"Gara2 hosip artis enong2, jadi baru tau kapolri udah ganti",2105937537177149509,,,in,,0,0,0,https://x.com/mrssmelli/status/2105937537177149509,67532477,mrssmelli
2105937478356173216,2026-10-02T08:26:35.000Z,0,"Dari BNN ke Mabes Polri, Rekam Jejak Suyudi Ario Seto Antarkan Jadi Kapolri Baru dlvr.​it/TVl5mf",2105937478356173216,,,in,,0,0,0,https://x.com/indonesiana/status/2105937478356173216,250555040,indonesiana
2105937308520509902,2026-10-02T08:25:55.000Z,0,"Selamat mengemban amanah baru, Jenderal.
Pengabdian untuk negeri, untuk Polri, dan untuk masyarakat Indonesia. 🇮🇩

#Polri #Kapolri #SuyudiArioSeto #PolsekCiputatTimur #PolresTangerangSelatan
               https://t.co/lyyysuNDIr",2105937308520509902,,,in,,0,0,0,https://x.com/polsekciptimx/status/2105937308520509902,1813625366214553600,polsekciptimx
2105922747482395037,2026-10-02T08:21:33.000Z,0,"@LambeSahamjja Baru aja senang kapolri diganti, eh malah datang yg ini",2105936210695004476,,LambeSahamjja,in,,0,0,0,https://x.com/randika97165300/status/2105936210695004476,1823694812660555780,randika97165300
2105935937347957215,2026-10-02T08:20:28.000Z,0,Cover Boy tahun 1980-an jadi Kapolri https://t.co/bI7bMJm4A5,2105935937347957215,https://pbs.twimg.com/media/HTnJkeqbgAAjZsV.jpg,,in,,0,0,0,https://x.com/LaloMuslim33038/status/2105935937347957215,1703984443839717376,LaloMuslim33038
2105935856704110946,2026-10-02T08:20:09.000Z,0,"Resmi Dilantik Presiden Prabowo Jadi Kapolri, Jenderal Suyudi Ario Seto Usung Konsep &amp;#8220;Polisi Bersama Masyarakat&amp;#8221; https://t.co/UUakHe6v26",2105935856704110946,,,in,,0,0,0,https://x.com/sinar_lampung/status/2105935856704110946,1899496290775711744,sinar_lampung
2105935728962355358,2026-10-02T08:19:38.000Z,1,"Strategi Awal Kapolri Suyudi Ario Seto: Konsolidasi, Reformasi, dan Dekat dengan Masyarakat
#Kapolri2026 #KorpsBhayangkara #KapolriSuyudi #SuyudiArioSeto #JenderalListyoSigit @DivHumas_Polri 

https://t.co/pmPoQ4pYB8",2105935728962355358,,,in,,0,0,0,https://x.com/BongkahI/status/2105935728962355358,1226400848080539650,BongkahI
2105935509323440401,2026-10-02T08:18:46.000Z,0,"Benny K Harman @BennyHarmanID minta Kapolri Suyudi reformasi kultur Polri, hapus “no viral, no justice”, serta perkuat pelayanan dan penegakan hukum humanis. @DivHumas_Polri
#BennyKHarman #SuyudiArioSeto
https://t.co/QstRWGvrgC",2105935509323440401,,,in,,0,0,0,https://x.com/rmbantencom/status/2105935509323440401,2911375412,rmbantencom
2105932063509750220,2026-10-02T08:18:44.000Z,1,"@tekarok007 Pnasaran nih temlen kek mana.. Pasca kemarin kapolri diganti ah pada seneng..
Ini malah si paman masuk jadi wantimpres jga..
Asli bangke juga ini yang ngatur..",2105935502302146742,,tekarok007,in,,0,1,1,https://x.com/nama_b91/status/2105935502302146742,1795177551536775168,nama_b91
2105935437890224236,2026-10-02T08:18:29.000Z,0,"🇮🇩 SELAMAT ATAS DILANTIKNYA KEPALA KEPOLISIAN NEGARA REPUBLIK INDONESIA

Karo SDM Polda Bali KBP I Dewa Made Adnyana, S.I.K., S.H., M.H. beserta staf mengucapkan selamat atas dilantiknya Jenderal Pol. Drs. Suyudi Ario Seto, S.I.K., https://t.co/CPXrypjCzB. sebagai Kapolri https://t.co/Q4PrhiaBfh",2105935437890224236,https://pbs.twimg.com/media/HTnJHZ2awAA-ECW.jpg,,in,,0,0,0,https://x.com/Birosdmbali/status/2105935437890224236,1645961683792457728,Birosdmbali
2105883666950111656,2026-10-02T08:18:17.000Z,1,@DokterTifa Dokter apakah dgn digantinya kapolri akan jadi akhir drama ijazah palsu mulyono ??,2105935386551931138,,DokterTifa,in,,0,1,0,https://x.com/OrangAwak17/status/2105935386551931138,2214157603,OrangAwak17
2105935331799560614,2026-10-02T08:18:04.000Z,0,"ANTARA -  Daftar 26 kapolri dari masa ke masa, terbaru Suyudi Ario Seto dlvr.​it/TVl5Ss https://t.co/rm5DssxFco",2105935331799560614,https://pbs.twimg.com/media/HTnJBkUa4AAd5Sp.jpg,,in,,0,0,0,https://x.com/antaranews/status/2105935331799560614,18071520,antaranews
2105935256918598041,2026-10-02T08:17:46.000Z,0,"#Temanpemilih, Seluruh jajaran KPU Kabupaten Muara Enim mengucapkan selamat dan sukses kepada Komjen Pol Suyudi Ario Seto, S.I.K., S.H., https://t.co/rAvPgivNgY atas penunjukan jabatan baru sebagai Kapolri. 

Jumat, 02 Oktober 2026.
#KPUMelayani @KPU_ID https://t.co/rMfIAjvCFx",2105935256918598041,https://pbs.twimg.com/media/HTnI89ga0AA9cA9.jpg,,in,,0,0,0,https://x.com/kpume96625/status/2105935256918598041,1723298778042748928,kpume96625
2105880084041400471,2026-10-02T08:17:36.000Z,0,@AhlulQohwah Pasti waktu itu gak pernah bayangin kalau di masa depan akan jadi Kapolri.,2105935214732001580,,AhlulQohwah,in,,0,0,0,https://x.com/zaidulhsn/status/2105935214732001580,2065681696939503616,zaidulhsn
2105935175897235674,2026-10-02T08:17:26.000Z,0,DPR Setujui Komjen Suyudi Ario Seto Jadi Kapolri Gantikan Jenderal Listyo Sigit https://t.co/umIPndw6sU,2105935175897235674,,,in,,0,0,0,https://x.com/sinar_lampung/status/2105935175897235674,1899496290775711744,sinar_lampung
2105874424562126919,2026-10-02T08:17:15.000Z,1,@masih_aLdy Mirip kapolri yang baru bang,2105935128467767693,,masih_aLdy,in,,0,1,0,https://x.com/dapur_dani/status/2105935128467767693,1259859150764486664,dapur_dani
2105857337508733330,2026-10-02T08:16:48.000Z,0,"@ArdieSuhardi321 Pak Kapolri baru
mumpung masih anget, ijin bertanya kapan melanjutkan sp21 bgi tersangka kluster 2 yg 3 org itu dlm kasus ijazah palsu Jokowi",2105935014986940920,,ArdieSuhardi321,in,,0,1,0,https://x.com/ImMaskun/status/2105935014986940920,2354822366,ImMaskun
2105934857788592345,2026-10-02T08:16:11.000Z,4,"sebelum jadi Kapolri, Jenderal Suyudi Ario Seto pernah semifinalis Cover Boy Majalah Mode 1988. 

Nomor peserta 22, masih SMPN 70 Jakarta, usia 16 tahun. Satu halaman dengan Candy Satrio dan Gugun Gondrong. Dari majalah remaja ke pucuk Polri
#SuyudiArioSeto #ShandyAulia https://t.co/j9JWCeoQXN",2105934857788592345,https://pbs.twimg.com/tweet_video_thumb/HTnIjCwbUAARvit.jpg,,in,,0,1,1,https://x.com/PutriKariimah/status/2105934857788592345,1628957474886946816,PutriKariimah
2105934797340324186,2026-10-02T08:15:56.000Z,0,"Intip Rincian Harta Kekayaan Kapolri Baru Suyudi Ario Seto yang Capai Rp5,8 Miliar

https://t.co/5vk70mzvb5",2105934797340324186,,,in,,0,0,0,https://x.com/tribunjambiku/status/2105934797340324186,226039658,tribunjambiku
2105934786808422616,2026-10-02T08:15:54.000Z,0,"Komisioner Kompolnas Choirul Anam menyebut ada dua hal yang perlu menjadi perhatian utama Jenderal Pol. Suyudi Ario Seto dalam 100 hari pertama sebagai Kapolri, yakni memastikan pelayanan kepada masyarakat berjalan maksimal serta memperkuat pengawasan terhadap internal Polri. https://t.co/nCHt8g1It8",2105934786808422616,https://pbs.twimg.com/media/HTnDwfibMAApJqm.jpg,,in,,0,0,1,https://x.com/RadioElshinta/status/2105934786808422616,121640063,RadioElshinta
2105933503733100719,2026-10-02T08:10:48.000Z,0,"Kepala BNNP Kalimantan Utara beserta jajaran mengucapkan selamat kepada Jenderal Pol. Suyudi Ario Seto, S.I.K., S.H., https://t.co/tFN4zvi8P9. atas penunjukan sebagai Kepala Kepolisian Negara Republik Indonesia (Kapolri).

@INFOBNN 
#WarOnDrugsForHumanity
#indonesiadrugsfree https://t.co/n5G7eFGANX",2105933503733100719,https://pbs.twimg.com/media/HTnHWkiakAA9mpD.jpg,,in,,0,0,0,https://x.com/bnnp_kaltara/status/2105933503733100719,1728976513713000448,bnnp_kaltara
2105922747482395037,2026-10-02T08:10:35.000Z,2,"@LambeSahamjja Kapolri sudah di ganti dan masyarkat indonesia sudah mulai bahagia,ealah pamanya gibran nongol di isatana ..Ruwet lagi nih.",2105933451937648789,,LambeSahamjja,in,,0,0,0,https://x.com/TriyantoRa59826/status/2105933451937648789,1888988241518567424,TriyantoRa59826
2105933302519746884,2026-10-02T08:10:00.000Z,0,"“Polisi harus memberi rasa aman, bukan rasa takut.” Visi Kapolri Jenderal Suyudi Ario Seto mendapat sorotan dari pendiri ESQ Corp Ary Ginanjar Agustian. Ia menilai visi tersebut perlu diterjemahkan ke dalam pelayanan kepolisian yang profesional, empatik, dan berintegritas. Apa",2105933302519746884,,,in,,0,0,0,https://x.com/Beritasatu/status/2105933302519746884,154102750,Beritasatu
2105682034886918258,2026-10-02T08:08:45.000Z,2,"@LiterasiRakyat PERNYATAAN SIKAP KAPOLRI BARU SUYUDI SECARA PRIBADI TENTU DINILAI SGT DINANTI OLEH MASYARAKAT LUAS &amp; LEMAH.
IRONISNYA, SISTEM &amp; KONDISI PEMERINTAHAN SAAT INI TDK MENDUKUNG UPAYA CERDAS &amp; CERMELANG TSB.
APAPUN ITU, SIKAP BELIAU PANTAS DIHARGAI.
NEGARA BTH ORANG' BAIK UTK BERSATU🙏",2105932990073454694,,,in,,0,1,0,https://x.com/EndyNugroho8/status/2105932990073454694,1429040840932872193,EndyNugroho8
2105642111207157798,2026-10-02T08:06:37.000Z,0,@_hadikurniawan Kapolri baru,2105932452401410484,,_hadikurniawan,in,,0,0,0,https://x.com/dhenokhastuti/status/2105932452401410484,191503807,dhenokhastuti
2105932392032870745,2026-10-02T08:06:23.000Z,0,Pergantian Kapolri adalah #HakPrerogatifPresiden https://t.co/Yc05vYIxps,2105932392032870745,https://pbs.twimg.com/media/HTnGV3bboAA_KU1.jpg,,in,,0,0,5,https://x.com/Deka_Ajaa/status/2105932392032870745,1362134316789080065,Deka_Ajaa
2105932364971131372,2026-10-02T08:06:16.000Z,10,"Habis Listyo Terbit Suyudi 

#TempoPlus 

https://t.co/cOzbXesnP4",2105932364971131372,,,in,,0,1,1,https://x.com/tempodotco/status/2105932364971131372,18129942,tempodotco
2105932100016972235,2026-10-02T08:05:13.000Z,0,"Perjalanan Karier Suyudi Ario Seto, Dari Kepala BNN hingga Jadi Kapolri
https://t.co/DaamhKM9Kf",2105932100016972235,,,in,,0,0,0,https://x.com/TopCareerID/status/2105932100016972235,393754944,TopCareerID
2105932047315562788,2026-10-02T08:05:01.000Z,0,Fernando Emas Apresiasi Doktrin Kapolri Baru: Rakyat Butuh Polisi yang Hadir Saat Dibutuhkan https://t.co/tDcqxdOWYm,2105932047315562788,https://pbs.twimg.com/amplify_video_thumb/2105931768767586304/img/yOWSBYshWIa-NK2g.jpg,,in,,0,0,0,https://x.com/KomaNewsroom/status/2105932047315562788,1886262460149346304,KomaNewsroom
2105931661951307850,2026-10-02T08:03:29.000Z,0,"🏅 Presiden @prabowo menganugerahkan Bintang Mahaputera Adipurna kepada Jenderal Pol. Listyo Sigit Prabowo (mantan Kapolri) dan Adipradana kepada Komjen Pol. Dedi Prasetyo (mantan Wakapolri).
#ListyoSigit #DediPrasetyo
https://t.co/6g6yw64iLk",2105931661951307850,,,in,,0,0,0,https://x.com/rmbantencom/status/2105931661951307850,2911375412,rmbantencom
2105921341899825532,2026-10-02T07:22:28.000Z,0,"Ketua DPRD Lampura Harap Kapolri Suyudi Perkuat Pemberantasan Narkoba

Ketua DPRD Kabupaten Lampung Utara, Yusrizal, menyampaikan ucapan selamat kepada Komjen Pol Suyudi Ario Seto yang resmi dipercaya memimpin Kepolisian Negara Republik Indonesia

Sumber https://t.co/j3MNneynD2 https://t.co/fTdr0ixm6m",2105921341899825532,https://pbs.twimg.com/media/HTm8EAUaIAA9l6l.png,,in,,0,0,0,https://x.com/RmolLampung_id/status/2105921341899825532,2053134127831130113,RmolLampung_id
2105921097481023880,2026-10-02T07:21:30.000Z,2,"Bocil topeng ungu lagi viral 

https://t.co/WzHhS8maiP

https://t.co/fjoyUNPXzQ

https://t.co/BmUpjGKWZo

King indo Rizky ridho 1 Oktober koridor 9 lawan 10 kapolri percepat pembangunan negeri https://t.co/t3yiFc6ngw",2105921097481023880,https://pbs.twimg.com/amplify_video_thumb/2105921080779247617/img/AjhiWxp229BAM0Li.jpg,,in,,0,0,0,https://x.com/viomliy/status/2105921097481023880,296948864,viomliy
2105920940966293977,2026-10-02T07:20:53.000Z,3,"RUPIAH SEMAKIN HANCUR,
REZIM INI GAK MIKIRIN RAKYAT, SYUKURLAH KAPOLRI DIGANTI, SEMOGA PAK KAPOLRI BARU BERANI TANGKAP JOKOWI.
JANGANKAN TANGKAP JOKOWI, TANGKAP BURONAN KECOAK MACAM SILFESTER RIBUAN JAKSA NGGAK BISA TANGKAP.
#MakzulkanGibranDiSidangMK
#MakzulkanGibranDiSidangMK https://t.co/9cJJS3o0G5",2105920940966293977,https://pbs.twimg.com/media/HTm77M8a4AAbAad.jpg,,in,,0,0,2,https://x.com/JokowiP3n1pu/status/2105920940966293977,1681006161640951808,JokowiP3n1pu
2105920749366321485,2026-10-02T07:20:07.000Z,1,"Bocil sok imut lagi viral 

https://t.co/WzHhS8maiP

https://t.co/fjoyUNPXzQ

https://t.co/BmUpjGKWZo

King indo Rizky ridho 1 Oktober koridor 9 lawan 10 kapolri percepat pembangunan negeri https://t.co/4sctMtDzvk",2105920749366321485,https://pbs.twimg.com/amplify_video_thumb/2105920728109559808/img/ryFCy2pCUHHycTAu.jpg,,in,,0,0,0,https://x.com/viomliy/status/2105920749366321485,296948864,viomliy
2105920298684121399,2026-10-02T07:18:19.000Z,0,Sertijab Kapolri Digelar di Mabes Polri Hari Ini https://t.co/UIrVsCogtw,2105920298684121399,,,in,,0,0,0,https://x.com/MNCkoranSINDO/status/2105920298684121399,509946051,MNCkoranSINDO
2105906432269001030,2026-10-02T07:17:35.000Z,0,"@archievebyterry betul sih ini, kapolri pun langsung dijadiin ksp",2105920112717103415,,archievebyterry,in,,0,0,0,https://x.com/browniesyappin/status/2105920112717103415,2078356675703296000,browniesyappin
2105919928662704417,2026-10-02T07:16:51.000Z,0,Connie Rahakundini beri pesan khusus Kapolri Suyudi: Jaga integritas dan kehormatan Institusi Polri https://t.co/WsdJsF7G9N,2105919928662704417,https://pbs.twimg.com/amplify_video_thumb/2105919898962825216/img/SafcXyFbKFFIpDhi.jpg,,in,,0,0,0,https://x.com/supriyadi2704/status/2105919928662704417,1299649988,supriyadi2704
2105919925361786883,2026-10-02T07:16:50.000Z,11,"Kapolri Suyudi menegaskan visi kepolisian yang humanis dengan menghadirkan rasa aman bagi masyarakat dan memastikan laporan ditangani tanpa harus menunggu viral.

Simak selengkapnya di https://t.co/9kA6LJaJWx
#HardNews_Politik #NewsOne #CariBeritaditvOne #SuyudiArioSeto #NO02 https://t.co/ZVC1j0m79p",2105919925361786883,https://pbs.twimg.com/media/HTm57PwaMAAMT1m.jpg,,in,,0,0,2,https://x.com/tvOneNews/status/2105919925361786883,55507370,tvOneNews
2105563092189057471,2026-10-02T07:15:49.000Z,0,@Kosimatkasah bagaimana kalo kapolri di ganti tiap 100 hari aja biar kerjanya maximal.,2105919666782941649,,Kosimatkasah,in,,0,0,0,https://x.com/gagalpaham14/status/2105919666782941649,1036821815476203520,gagalpaham14
2105919458967699920,2026-10-02T07:14:59.000Z,0,Kepolisian Negara Republik Indonesia (Polri) akan menggelar rangkaian acara tradisi pelepasan Kapolri dan Wakapolri pada Jumat siang.https://t.co/eF08rYnDac,2105919458967699920,,,in,,0,0,0,https://x.com/ANTARABengkulu/status/2105919458967699920,423220305,ANTARABengkulu
2105919062148845954,2026-10-02T07:13:25.000Z,0,"Kapolri Jenderal Suyudi Ario Seto membawa sejumlah janji pembenahan saat mengawali kepemimpinannya di tubuh Polri. 

#kapolri #polri #suyudiarioseto #reformasipolri #beritaterkini https://t.co/dtdJHMdAup",2105919062148845954,https://pbs.twimg.com/amplify_video_thumb/2105918869915525120/img/7w53vpddBSlBFJ33.jpg,,in,,0,0,0,https://x.com/DiskursusNet/status/2105919062148845954,1431093872835235843,DiskursusNet
2105918599475155264,2026-10-02T07:11:34.000Z,0,"Kepala Kepolisian Resor Kediri Kota beserta Staf dan Bhayangkari mengucapkan Selamat dan Sukses atas pelantikan Jenderal Polisi Dr. (H.C) Suyudi Ario Seto, S.I.K., S.H., https://t.co/ddgMj9Kg3o. sebagai Kapolri. https://t.co/j3zWpSt9lg",2105918599475155264,https://pbs.twimg.com/media/HTm5zPqb0AAMCaZ.jpg,,in,,0,0,0,https://x.com/sektormojoroto/status/2105918599475155264,1641787834439962627,sektormojoroto
2105918319031378264,2026-10-02T07:10:27.000Z,4169,Calon ibu kapolri https://t.co/qYFfRyMC6A,2105918319031378264,https://pbs.twimg.com/amplify_video_thumb/2105918164915957760/img/KOcgxcUpqdjvPWNe.jpg,,in,,36,118,240,https://x.com/yayancanggih/status/2105918319031378264,2230712588,yayancanggih
2105918078110622196,2026-10-02T07:09:30.000Z,1,"Selamat dan sukses atas pelantikan Jenderal Polisi Dr. (H.C.) Suyudi Ario Seto, S.I.K., https://t.co/8lSjTQNgvR. sebagai Kapolri.

Semoga amanah, sukses dalam menjalankan tugas, dan senantiasa memberikan pelayanan terbaik bagi masyarakat. 🇮🇩
#SatlantasPolresBojonegoro https://t.co/tcIwfRXusg",2105918078110622196,https://pbs.twimg.com/media/HTm5UvaboAAB_Hd.jpg,,in,,0,1,0,https://x.com/polantas_bjn/status/2105918078110622196,207771871,polantas_bjn
2105917836896116864,2026-10-02T07:08:33.000Z,1,"Dgn banyaknya modal yg dikeluarkan utk jd Jenderal bahkan Kapolri, tentu tidak sesederhana itu. Amsiong..",2105917836896116864,,,in,,0,0,0,https://x.com/Om_HME/status/2105917836896116864,1098015609499971584,Om_HME
2105569233468105117,2026-10-02T07:08:26.000Z,2,"@pakaipeci Dgn banyaknya modal yg dikeluarkan utk jd Jenderal bahkan Kapolri, tentu tidak sesederhana itu. Amsiong..",2105917811210199090,,pakaipeci,in,,0,0,0,https://x.com/Om_HME/status/2105917811210199090,1098015609499971584,Om_HME
2105917164356342000,2026-10-02T07:05:52.000Z,0,"DPP PATI Dukung Kapolri dan Wakapolri Baru, Dorong Polri Bersama Rakyat
 https://t.co/hf79OaAp6u @DivHumas_Polri",2105917164356342000,,,in,,0,0,0,https://x.com/romyfanboy/status/2105917164356342000,1450818985503571969,romyfanboy
2105917105438851457,2026-10-02T07:05:38.000Z,0,"DPP PATI Dukung Kapolri dan Wakapolri Baru, Dorong Polri Bersama Rakyat
 https://t.co/hf79OaAp6u",2105917105438851457,,,in,,0,0,0,https://x.com/romyfanboy/status/2105917105438851457,1450818985503571969,romyfanboy
2105916944557780994,2026-10-02T07:05:00.000Z,0,"bergeser menjadi Kepala Badan Reforma Agraria Nasional.

Reshuffle ini menunjukkan adanya sejumlah pergeseran pejabat ke posisi strategis lainnya di pemerintahan.

Selengkapnya di PresGo News 👇🏻
https://t.co/IHYJLyaotb",2105916945115607054,,presgonews,in,,0,0,0,https://x.com/presgonews/status/2105916945115607054,2028723873588695040,presgonews
2105916944557780994,2026-10-02T07:05:00.000Z,0,"Posisi Menteri Luar Negeri kemudian diisi Arrmanatha Christiawan Nasir.

Di jajaran Polri, Suyudi Ario Seto dipercaya menjadi Kapolri menggantikan Listyo Sigit Prabowo.

Listyo Sigit kemudian mendapat posisi baru sebagai Kepala Staf Kepresidenan.

Sementara Dedi Prasetyo -",2105916944834523341,,presgonews,in,,0,1,0,https://x.com/presgonews/status/2105916944834523341,2028723873588695040,presgonews
2105777650375762166,2026-10-02T07:03:45.000Z,0,"@DivHumas_Polri Janji sederhana sang Kapolri yang  tentu menjadi harapan besar bagi Rakyat.
Semoga POLRI semakin didekat dan dicintai Rakyat.",2105916631625216285,,DivHumas_Polri,in,,0,0,0,https://x.com/Daengtatoje/status/2105916631625216285,1820751894220001280,Daengtatoje
2105916597445820467,2026-10-02T07:03:37.000Z,0,"Keluarga Besar AMPHURI mengucapkan Selamat dan Sukses atas Pelantikan Komjen Pol Suyudi Ario Seto, SIK, SH., https://t.co/0TBcLEt0Fd. sebagai Kapolri

Semoga diberi kemudahan serta kelancaran oleh Allah SWT dalam mengemban tugas barunya. Aamiin.
#amphuri 
#amphuribangkitmelayani https://t.co/Qo6yIdmcP6",2105916597445820467,https://pbs.twimg.com/media/HTm3-oRbgAAua2K.jpg,,in,,0,0,0,https://x.com/amphuri/status/2105916597445820467,2267577565,amphuri
2105911798511837689,2026-10-02T07:03:15.000Z,0,@PramestiHilya here we go new kapolri,2105916506366468517,,PramestiHilya,in,,0,0,0,https://x.com/jarworq/status/2105916506366468517,1626151115783016448,jarworq
2105916286270337178,2026-10-02T07:02:23.000Z,0,"JAKARTA – Suyudi Ario Seto, calon Kepala Kepolisian Republik Indonesia (Kapolri) usulan Presiden Prabowo Subianto, memiliki harta kekayaan sebesar Rp5,85 miliar menurut data pengungkapan yang disampaikan kepada Komisi Pemberantasan Korupsi (KPK) per 2025.

https://t.co/eKG3vib0gI https://t.co/9jTMCMtURm",2105916286270337178,https://pbs.twimg.com/media/HTm3qfwbIAAlTLt.jpg,,in,,0,0,0,https://x.com/IDNFinancials/status/2105916286270337178,539575639,IDNFinancials
2105900640224584003,2026-10-02T07:01:50.000Z,2,"@heniunique Hebat Kapolri nya, jangan macam2 ya",2105916149594824885,,heniunique,in,,0,0,0,https://x.com/akuntandigital/status/2105916149594824885,1201477273569808387,akuntandigital
2105916134595998001,2026-10-02T07:01:47.000Z,0,"Mabes Polri Gelar Sertijab Kapolri dan Wakapolri Siang Ini
https://t.co/v9CWGpWsXz",2105916134595998001,,,in,,0,0,0,https://x.com/e100ss/status/2105916134595998001,848614550,e100ss
2105569233468105117,2026-10-02T07:00:54.000Z,1,@pakaipeci Kita nyari kapolri yang bercita-cita membubarkan polri,2105915911936823805,,pakaipeci,in,,0,0,0,https://x.com/zulfikriSSi/status/2105915911936823805,87082919,zulfikriSSi
2105915771394343221,2026-10-02T07:00:20.000Z,0,"Kepala Kepolisian Resor Kediri Kota beserta Staf dan Bhayangkari mengucapkan Selamat dan Sukses atas pelantikan Jenderal Polisi Dr. (H.C) Suyudi Ario Seto, S.I.K., S.H., https://t.co/DssFPqOD8e. sebagai Kapolri. https://t.co/jB4PHpyM99",2105915771394343221,https://pbs.twimg.com/media/HTm3ON-bwAAd0--.jpg,,in,,0,0,0,https://x.com/HumasBanyakan/status/2105915771394343221,1478743253579014144,HumasBanyakan
2105915713231655062,2026-10-02T07:00:06.000Z,4,"Isu pergantian Kapolri Listyo Sigit sebenarnya sudah beredar sejak Agustus 2026 dan sempat dibantah dari pihak Istana maupun calon penggantinya, Komjen Suyudi Ario Seto. Kini, isu tersebut berubah menjadi keputusan resmi setelah Surpres diterima DPR. https://t.co/vgJ1JqANnW",2105915713231655062,https://pbs.twimg.com/media/HTm3LkeXIAAcxuT.jpg,,in,,0,1,0,https://x.com/momentoom_id/status/2105915713231655062,189368093,momentoom_id
2105915687466348590,2026-10-02T07:00:00.000Z,2,"Imparsial mencatat tujuh pekerjaan rumah (PR) bagi Kapolri Suyudi, mulai dari memperkuat akuntabilitas dan profesionalisme hingga menjaga netralitas, melindungi kebebasan sipil, serta mengungkap kasus berdimensi pelanggaran HAM, termasuk kasus Andrie Yunus.",2105915687466348590,,,in,,0,0,1,https://x.com/HukumOnline/status/2105915687466348590,125297822,HukumOnline
2105915623851352567,2026-10-02T06:59:45.000Z,0,"JAKARTA – Presiden Prabowo Subianto telah memberhentikan Kepala Kepolisian Republik Indonesia (Kapolri) Jenderal Listyo Sigit Prabowo, melalui surat presiden kepada DPR bernomor R57/Surpres/09/2026 yang dikirimkan pada Rabu (30/9).

Baca selengkapnya: https://t.co/KdIZnJBzZ0 https://t.co/jNhmFYaJuW",2105915623851352567,https://pbs.twimg.com/media/HTm3BbDaMAA2t6T.jpg,,in,,0,0,0,https://x.com/IDNFinancials/status/2105915623851352567,539575639,IDNFinancials
2105883666950111656,2026-10-02T06:58:47.000Z,11,"@DokterTifa Gak butuh kapolri kebal sajam. Butuh yg kebal duit, kebal perempuan dan kebal power.",2105915379063337041,,DokterTifa,in,,0,0,0,https://x.com/donnyfauzan/status/2105915379063337041,99095441,donnyfauzan
2105914931157823806,2026-10-02T06:57:00.000Z,1,"Pengamat kepolisian Bambang Rukminto menyoroti rekam jejak Komjen Pol. Suyudi Ario Seto yang ditunjuk menjadi Kapolri baru, menggantikan Jenderal Pol. Listyo Sigit Prabowo. Menurut Bambang, rekam jejak panjang di bidang reskrim dan BNN menjadi kombinasi yang tepat bagi Suyudi",2105914931157823806,,,in,,0,0,0,https://x.com/tribunnews/status/2105914931157823806,124171593,tribunnews
2105914849352126527,2026-10-02T06:56:40.000Z,0,"Kakorlantas Polri Beserta Staf mengucapkan 
Selamat &amp; Sukses Atas Jabatan Baru Sebagai Kapolri Jenderal Polisi Dr. Suyudi Arioseto S.I.K., S.H., https://t.co/89NB9FlBvN. dan Wakapolri Komjen Pol Dr. Wahyu Hadiningrat S.I.K., M.H. https://t.co/6hQDroOvZX",2105914849352126527,https://pbs.twimg.com/media/HTm2I0La8AA_l5V.jpg,,in,,0,1,0,https://x.com/roadsafetycult/status/2105914849352126527,1484320449752604678,roadsafetycult
2105662755915313470,2026-10-02T06:55:52.000Z,1,"@P3gEl @AaSutanto Ditunggu action dari Kapolri yg baru tentang kasus ini, secara beliau mantan Ka BNN …",2105914647929106890,,P3gEl,in,,0,0,1,https://x.com/AdrianPILI1409/status/2105914647929106890,900192204601171968,AdrianPILI1409
2105914568891580827,2026-10-02T06:55:33.000Z,0,"Serah terima jabatan Kapolri dan Wakapolri digelar siang ini di Lapangan Bhayangkara Mabes Polri Jakarta Selatan. Rangkaian sertijab diawali dengan penyerahan panji-panji Polri dan farewell parade, Jumat (2/10) Siang. 🎥 Fae https://t.co/MTgwERT1AK",2105914568891580827,https://pbs.twimg.com/amplify_video_thumb/2105914402478399488/img/RLpiP3aCoMBjCxgI.jpg,,in,,0,0,1,https://x.com/RadioElshinta/status/2105914568891580827,121640063,RadioElshinta
2105914564223353248,2026-10-02T06:55:32.000Z,0,"Gokil, proses pergantian kapolri tercepat di dunia.",2105914564223353248,,,in,,0,0,0,https://x.com/fahmi_sitepu/status/2105914564223353248,80882140,fahmi_sitepu
2105914506857898078,2026-10-02T06:55:19.000Z,21,"Dalam reshuffle Kabinet Merah Putih yang digelar di Istana Negara, Jakarta, Kamis (1/10), Prabowo Subianto melantik sejumlah menteri, wakil menteri, kepala badan, hingga Kapolri. 

Salah satu perubahan posisi terjadi pada Bahlil Lahadalia yang kini merangkap sebagai Menteri https://t.co/j6SWQojMBr",2105914506857898078,https://pbs.twimg.com/media/HTm10r1bcAAjfTH.jpg,,in,,1,2,12,https://x.com/kumparan/status/2105914506857898078,759692754985242625,kumparan
2105914295024542173,2026-10-02T06:54:28.000Z,0,"KAPOLRI BARU
SUN I LOVE YOU😰
DINI INDRAYATI MINTA MAAF PADI SAKIT, SUN. https://t.co/HBW1ygRtJ9",2105914295024542173,https://pbs.twimg.com/media/HTm141lbcAA2_qs.jpg,,in,,0,0,0,https://x.com/GinIndrayati/status/2105914295024542173,1591284430378741760,GinIndrayati
2105836216910573613,2026-10-02T06:54:27.000Z,0,@yaniarsim Kapolri yg baru ini sakti dan kebal mudah2 juga sakti menegakkan hukum sakti anti kurupsi anti suap,2105914290125619575,,yaniarsim,in,,0,0,0,https://x.com/Purwanto7mse/status/2105914290125619575,2064701933328429056,Purwanto7mse
2105562970646536453,2026-10-02T06:53:33.000Z,0,@Metro_TV asik liat ekspresi sumringah para pimpinan dpr nyambut kapolri anyar,2105914062404227329,,Metro_TV,in,,0,0,0,https://x.com/2324Tiyaa/status/2105914062404227329,2005121449661730816,2324Tiyaa
2105913948763738414,2026-10-02T06:53:06.000Z,0,"Kepala BNN Kabupaten Tanggamus beserta seluruh staff mengucapkan :

Selamat den Sukses kepada Komjen Pol. Suyudi Ario Seto, S.I.K., S.H., https://t.co/d2Sfp9DnM3 atas penunjukan jabatan baru sebagai KAPOLRI (Kepala Kepolisian Republik Indonesia).
#warondrugsforhumanity https://t.co/S40vrBDGL0",2105913948763738414,https://pbs.twimg.com/media/HTm1kgebwAEXueV.jpg,,in,,0,0,0,https://x.com/bnnktanggamus/status/2105913948763738414,1244902163110739968,bnnktanggamus
2105913726067171513,2026-10-02T06:52:12.000Z,9,Apa harapan kalian dengan KAPOLRI baru?,2105913726067171513,,,in,,0,7,7,https://x.com/PakKarti/status/2105913726067171513,1125374325723238400,PakKarti
2105900088568717448,2026-10-02T06:52:06.000Z,1,"@himawansugeha95 Hashtag yang bagus pak, kira-kira kapan yang ini dibuat terang? Mumpung kemarin peringatan 4 tahun sekaligus pergantian Kapolri baru.",2105913699399881073,,himawansugeha95,in,,0,0,0,https://x.com/ein_blauervogel/status/2105913699399881073,610902829,ein_blauervogel
2105913169311048132,2026-10-02T06:50:00.000Z,0,"KAPOLRI Jenderal Polisi Suyudi Ario Seto membawa sejumlah agenda pembenahan setelah resmi memimpin Polri. Setidaknya Suyudi menyampaikan enam janji utama, mulai dari menghentikan rekayasa perkara hingga memperkuat kedekatan polisi dengan masyarakat.
https://t.co/SCd7mZnHeE",2105913169311048132,,,in,,0,0,0,https://x.com/mediaindonesia/status/2105913169311048132,68930552,mediaindonesia
2105532347353579638,2026-10-02T06:49:11.000Z,0,"@LambeSahamjja Di negara ini mana sih yg naik pangkat sesuai kompetensi,pasti nepotisme dll,hebat kali janji kapolri ini..buktikan..!",2105912963270139930,,LambeSahamjja,in,,0,0,0,https://x.com/m_hayatun/status/2105912963270139930,892928153840082944,m_hayatun
2105911910935969985,2026-10-02T06:45:00.000Z,0,"Kepala Staf Kepresidenan (KSP) Jenderal Pol Listyo Sigit Prabowo mengungkap dirinya masih berstatus polisi aktif. Sigit menjabat KSP usai Prabowo memberhentikannya dari posisi Kapolri.

Sigit mengungkap baru akan pensiun dari Korps Bhayangkara pada 2027.

#SmartNews https://t.co/17z8tCoKq8",2105911910935969985,https://pbs.twimg.com/media/HTmJ7oUbMAALBuk.jpg,,in,,0,0,0,https://x.com/RadioSmartFM/status/2105911910935969985,177084452,RadioSmartFM
2105594643870298517,2026-10-02T06:43:50.000Z,0,@DokterTifa Kapolri Suyudi Ario Seto semoga amanah dlm mengemban tugasnya,2105911620614451646,,DokterTifa,in,,0,0,0,https://x.com/Damayanti8721/status/2105911620614451646,1749964056755359744,Damayanti8721
2105911372576141361,2026-10-02T06:42:51.000Z,1,"Reshuffle Kabinet Prabowo, dari Kapolri hingga Menko Diganti, Pantau Updatenya di TribunX

https://t.co/nqLeB5fUTJ",2105911372576141361,,,in,,0,0,0,https://x.com/tribunnews/status/2105911372576141361,124171593,tribunnews
2105910968173916561,2026-10-02T06:41:15.000Z,23,"Anak cekolahh

https://t.co/T5BtQAtFh5

https://t.co/HCE6o7bojw

https://t.co/EqcSytr9lE

Bangladesh WE REIGN PRESS TOUR dua tahun prabowo infobaik kadang terabaikan kapolri jumat nana Pancasila Suyudi Ario Seto Mitch Baker  Kytro Token pln 50rb makmur King Indo Kanjuruhan https://t.co/6UEKZGDEP7",2105910968173916561,https://pbs.twimg.com/amplify_video_thumb/2105910939967221760/img/2pPH-P8ZW28m9WIB.jpg,,in,,0,0,16,https://x.com/cetvite/status/2105910968173916561,4772889025,cetvite
2105569233468105117,2026-10-02T06:39:58.000Z,3,"@pakaipeci Jgn lips service aja pak,rakyat demo mau ketemu jongos rakyat aja dihalangi dan hrs bentrok dg anggotamu,kecuali kl rakyat demo tanpa dihalangi polisi ada yg anarkis,itu yg ditindak,kalian pelayan maxyarakat atau pejabat...buktikan omongan anda pak kapolri yg baru...",2105910644142972982,,pakaipeci,in,,0,0,1,https://x.com/m_hayatun/status/2105910644142972982,892928153840082944,m_hayatun
2105910105548181764,2026-10-02T06:37:49.000Z,0,"Keramahan warga dan dinamika tak terduga di lapangan menjadi bagian tak terpisahkan dari perjuangan petugas statistik dalam menyajikan data akurat untuk masa depan Indonesia @bps_statistics 

 #pln50rbcuma40rb Malaysia Kapolri https://t.co/R8DFYlzJ3C",2105910105548181764,https://pbs.twimg.com/amplify_video_thumb/2105909910496251904/img/roSHKJCFtcH93g0s.jpg,,in,,0,0,0,https://x.com/valuacble/status/2105910105548181764,789448408624799744,valuacble
2105879740343263605,2026-10-02T06:36:42.000Z,0,@bangherwin Semoga jadi Kapolri rakyat,2105909825028931856,,bangherwin,in,,0,0,0,https://x.com/KarangInta67777/status/2105909825028931856,1897294824627421184,KarangInta67777
2105909643704930500,2026-10-02T06:35:59.000Z,0,"Selamat atas Penunjukan Jabatan Baru sebagai Kapolri 🇮🇩

Keluarga Besar Kepolisian Daerah Jawa Barat mengucapkan selamat dan sukses kepada Jenderal Polisi Suyudi Ario Seto, S.I.K., S.H., https://t.co/70Na7ddZrw. atas penunjukan sebagai Kepala Kepolisian Negara Republik Indonesia https://t.co/MVcpSbBXhB",2105909643704930500,https://pbs.twimg.com/media/HTmxpeZbsAA877l.jpg,,in,,0,0,0,https://x.com/polsek_skjd/status/2105909643704930500,1595352231376990208,polsek_skjd
2105645645185061052,2026-10-02T06:35:20.000Z,0,@kang___L paling nanti dijawab..ya sono k kapolri langsung kl mau mudah,2105909478432584164,,kang___L,in,,0,0,0,https://x.com/kesepian_ku/status/2105909478432584164,409095213,kesepian_ku
2105909415237071235,2026-10-02T06:35:05.000Z,0,"Pengambilan keputusan berbasis data yang valid menghindarkan pemerintah dari pemborosan anggaran serta memastikan setiap kebijakan pembangunan memberi manfaat nyata bagi seluruh lapisan masyarakat Indonesia @bps_statistics 

 Kapolri Jumat Malaysia https://t.co/wsV7QoPMYR",2105909415237071235,https://pbs.twimg.com/media/HTmxZ3MaEAAeFx7.jpg,,in,,0,0,0,https://x.com/valuacble/status/2105909415237071235,789448408624799744,valuacble
2105826027327094840,2026-10-02T06:34:41.000Z,6,"@xquitavee @ListyoSigitP Kagak ada kicep nya nek. 

Kalau msh trs jadi Kapolri jokodok senang Krn semua bisa diatur

Luu nyinyir Prabowo trs luu jilat lagi. 
Tenang bajer beras ttp aman buat warung luu",2105909314028523804,,xquitavee,in,,0,0,2,https://x.com/sancank127651/status/2105909314028523804,1946983593936568320,sancank127651
2105537662342078624,2026-10-02T06:34:00.000Z,0,"@ak03l @ferrykoto @ListyoSigitP tadi bukannya lu nanya gue siapa?
wah ga bisa asal pecat, harus melalui rapat rups dulu dong.
atasannya bukan gue doang soalnya.

awalnya bukan bahas kapolri, tapi adab presiden bodoh itu ga ada",2105909142452158633,,ak03l,in,,0,0,0,https://x.com/ardiuna/status/2105909142452158633,34215618,ardiuna
2105616306355724398,2026-10-02T06:32:59.000Z,0,@recehtapisayng Seharusnya dia yang jadi kapolri,2105908889950798043,,recehtapisayng,in,,0,0,0,https://x.com/allerin19/status/2105908889950798043,1848906366414688256,allerin19
2105908826469994870,2026-10-02T06:32:44.000Z,8,"Proses uji kelayakan hingga persetujuan DPR atas usulan penggantian Kepala Polri berlangsung satu hari. Suyudi Ario Seto resmi menggantikan Listyo Sigit Prabowo sebagai Kapolri.

Apa saja yang terjadi sebelum pelantikan Suyudi sebagai Kapolri?

#TempoPlus https://t.co/lJeRrfSZ5D",2105908826469994870,https://pbs.twimg.com/media/HTmwjwqbMAAQcl6.jpg,,in,,0,0,1,https://x.com/tempodotco/status/2105908826469994870,18129942,tempodotco
2105903707632316455,2026-10-02T06:12:24.000Z,0,"BRITISH PROPOLIS Paket 3 Botol 6ml Original Khasiat Meningkatkan Kekebalan Tubuh &amp; Stamina  BPOM https://t.co/kYGK0U7qCf

#bangladesh #jumat #kapolri",2105903707632316455,,,in,,0,0,0,https://x.com/MTeam87218/status/2105903707632316455,1903811015432957952,MTeam87218
2105903103098892308,2026-10-02T06:10:00.000Z,9,"Apa kenangan manis mu ttg sosok eks. kapolri?

Seorang pemimpin polisi berganti. Yang lama pindah tugas, yang baru mengucap sumpah dan menyebut polisi hendak berjalan bersama masyarakat. 

Jabatan berganti dalam sehari. Kepercayaan tidak. 

Masyarakat tidak menimbang bintang di https://t.co/8h2augGWtk",2105903103098892308,https://pbs.twimg.com/media/HTmBrs2awAAIkWd.jpg,,in,,0,7,3,https://x.com/Sebelahkampus/status/2105903103098892308,1901591046,Sebelahkampus
2105902707815113159,2026-10-02T06:08:25.000Z,0,"Kapolsek Banjarmasin Utara AKP SUNARDI, S.A.P. beserta Staf dan Bhayangkari mengucapkan selamat dan sukses atas pelantikan Kepala Kepolisian Negara Republik Indonesia dan Wakil Kepala Kepolisian Negara Republik Indonesia.
#kapolri
#polriuntukmasyarakat https://t.co/xqe1fBqNvA",2105902707815113159,https://pbs.twimg.com/amplify_video_thumb/2105902672662720512/img/0isb1tCpTZS6Wcrg.jpg,,in,,0,0,0,https://x.com/polsekbjmutara/status/2105902707815113159,1608658310294831109,polsekbjmutara
2105902459092627888,2026-10-02T06:07:26.000Z,0,Sederet Janji Kapolri Jenderal Suyudi: Turun ke Lapangan hingga Sikat Premanisme https://t.co/lkr3H8iv5A,2105902459092627888,,,in,,0,0,0,https://x.com/hambali700807/status/2105902459092627888,1918580164180774912,hambali700807
2105625073126412670,2026-10-02T06:04:59.000Z,0,"@KapudS640 Ah gitu juga paling, ""bekingan nya kapolri""",2105901841494000043,,KapudS640,in,,0,0,0,https://x.com/cahyahurip/status/2105901841494000043,564741718,cahyahurip
2105901776792912133,2026-10-02T06:04:44.000Z,0,"Presiden Prabowo Subianto resmi
melantik Suyudi Ario Seto sebagai
Kapolri Kamis, 1 Oktober 2026.

Foto muda Suyudi viral di medsos.
Berdasarkan arsip Majalah Mode edisi
30 Mei 1988, ia semifinalis
Cover Boy 1988 (peserta no 22)
saat usia 16 thn dan bersekolah
di SMP N 70 Jakarta. https://t.co/pKPwCJIKUD",2105901776792912133,https://pbs.twimg.com/media/HTmqgG0aoAAGn--.jpg,,in,,0,0,0,https://x.com/AlwiHusin/status/2105901776792912133,1667088705180561409,AlwiHusin
2105901715186942425,2026-10-02T06:04:29.000Z,10,"Kapolri Jenderal Suyudi Ario Seto menyiapkan program 100 hari kerja dengan sejumlah fokus, mulai dari pemberantasan judi online dan narkoba, hingga penguatan pelayanan serta respons cepat terhadap laporan masyarakat.

https://t.co/PdxIKc9jo2",2105901715186942425,,,in,,0,0,0,https://x.com/Mahmudin_GK/status/2105901715186942425,4853149150,Mahmudin_GK
2105901459254730998,2026-10-02T06:03:28.000Z,11,"Jenderal Suyudi Ario Seto resmi memulai langkah sebagai Kapolri dengan membawa 6 komitmen, mulai dari pembenahan internal hingga peningkatan pelayanan dan kepercayaan masyarakat terhadap Polri.

https://t.co/2aFBT2xX3c",2105901459254730998,,,in,,0,0,0,https://x.com/M_Dwpy/status/2105901459254730998,764383841968648192,M_Dwpy
2105901304279376322,2026-10-02T06:02:51.000Z,0,"Kapolri Tekankan Pendekatan Humanis dan Dialog dalam Penanganan Aksi Unjuk Rasa
Baca selengkapnya di https://t.co/ChmBQUQo3d #Persuasif #KebebasanBerekspresi #PenyampaianAspirasi #Keamanan https://t.co/WvnL8VFtx8",2105901304279376322,https://pbs.twimg.com/media/HTmqEjxakAAnf8N.jpg,,in,,0,0,0,https://x.com/sumbu_dialogid/status/2105901304279376322,2046075623412568064,sumbu_dialogid
2105900745086394488,2026-10-02T06:00:38.000Z,0,"Kapolres Karo AKBP Pebriandi Haloho, S.H., S.I.K., https://t.co/XTeslFo5Oz. beserta Staff dan jajaran mengucapkan Selamat dan Sukses Kepada Jenderal Pol. Dr. Suyudi Ario Seto, S.I.K., S.H., https://t.co/XTeslFo5Oz. sebagai Kepala Kepolisian Negara Republik Indonesia (Kapolri). https://t.co/7hYIgE8afW",2105900745086394488,https://pbs.twimg.com/media/HTmpkEpbQAA-Y3D.jpg,,in,,0,0,0,https://x.com/humaspolreskaro/status/2105900745086394488,1408656583014318081,humaspolreskaro
2105900640224584003,2026-10-02T06:00:13.000Z,16,"Warga Banten hadiiir ☝️
Aku pun gitu pak. Bisa debus. Panah cupid ga bisa menembus jantungku. eaaa 😌

Selamat dan sukses atas pelantikan Jenderal Polisi 
Dr. Suyudi Ario Seto sebagai Kapolri.",2105900640224584003,,,in,,0,5,2,https://x.com/heniunique/status/2105900640224584003,1107620514,heniunique
2105900590417207493,2026-10-02T06:00:01.000Z,0,"Setyo berharap kepemimpinan Suyudi dapat memperkuat kerja sama antara KPK dan Polri, khususnya dalam upaya pemberantasan korupsi.

Selengkapnya: https://t.co/GJD1IZSz1R

#kpk #korupsi #kapolri https://t.co/Gi0HsjseR3",2105900590417207493,https://pbs.twimg.com/media/HTmTHdYa0AAUy2c.jpg,,in,,0,0,0,https://x.com/RRIPrograma3/status/2105900590417207493,1129936609,RRIPrograma3
2105900587057561662,2026-10-02T06:00:00.000Z,0,"Setelah Kapolri, Panglima TNI dan Jaksa Agung Jadi Sorotan, Ini Analisis Pengamat Intelijen dan Geopolitik

https://t.co/3HGQgMdSAH",2105900587057561662,,,in,,0,0,0,https://x.com/radaraktual/status/2105900587057561662,853782937782714368,radaraktual
2105898789865161055,2026-10-02T05:58:34.000Z,11,"@msaid_didu @prabowo Prabowo kayaknya main aman, terlihat dari dicopotnya kapolri tapi di Kase jabatan kembali agar lebih dekat ke istana sebagai kepala KSP..",2105900225307234376,,msaid_didu,in,,0,0,0,https://x.com/seringham62617/status/2105900225307234376,1736274642153918464,seringham62617
2105534629654811006,2026-10-02T05:57:54.000Z,0,"@IndraJPiliang Bikin aja voting, Apakah mayoritas masyarakat msh percaya polisi?
Saya yakin 90% jawabannya tak percaya, siapapun KAPOLRI jika rekruitment anggota polisi tak di ubah hasilnya reformasi polri 0 besar",2105900060252987682,,IndraJPiliang,in,,0,0,0,https://x.com/AsepSuherm65358/status/2105900060252987682,1650423489185341440,AsepSuherm65358
2105899685441417276,2026-10-02T05:56:25.000Z,0,"Belum mengundurkan diri akhirnya diberhentikan untuk menggesernya dr jbtn KAPOLRI bkn jd PETANI ya.. 🫢🤣
 https://t.co/2DowkUr45A",2105899685441417276,,,in,,0,0,0,https://x.com/guidottiamoy/status/2105899685441417276,2766184948,guidottiamoy
2105634561002746232,2026-10-02T05:55:47.000Z,1,"@Lumbalaut1 Biasa-nya seperti itu.
Apalagi kalau Kapolri orang titipan, bukan karena prestasi, kejujuran dan beroperasi 🙏🙏🙏",2105899525973959095,,Lumbalaut1,in,,0,0,0,https://x.com/Jayabay19479190/status/2105899525973959095,794509735282102272,Jayabay19479190
2105867824275349951,2026-10-02T05:54:15.000Z,0,"@hasyimmah Diperintah Prabowo : Kapolri Suyudi Berantas Barang Haram. 

Mungkin barang haram yang dimaksud adalah Ijazah Palsu
🤣",2105899141524263243,,hasyimmah,in,,0,0,0,https://x.com/harapanpejalan/status/2105899141524263243,4416192678,harapanpejalan
2105583776789131418,2026-10-02T05:54:07.000Z,0,@LambeSahamjja kapolri baru : ngimpi apa aku tadi malam ya??,2105899107466551682,,LambeSahamjja,in,,0,0,0,https://x.com/dosa5729339/status/2105899107466551682,1814305413330042880,dosa5729339
2105898969306202535,2026-10-02T05:53:34.000Z,0,"Mabes Polri akan menggelar serah terima jabatan (sertijab) Kapolri dan Wakapolri pada Jumat, 2 Oktober 2026. Agenda tersebut dijadwalkan berlangsung sekitar pukul 14.00 WIB. https://t.co/nMwxEFziIu",2105898969306202535,,,in,,0,0,0,https://x.com/indomediaco/status/2105898969306202535,876510994104590336,indomediaco
2105891807792074770,2026-10-02T05:53:02.000Z,1,"@Inos_Mdc99 Kalau seperti mantan Kapolri Bapak Hoegeng sepertinya agak jauh.
Tapi kita berharap ada janjinya yg harus dilaksanakan walau hanya sebagian minimal 50%🙏🙏🙏",2105898836166316327,,Inos_Mdc99,in,,0,0,1,https://x.com/Jayabay19479190/status/2105898836166316327,794509735282102272,Jayabay19479190
2105898786078015507,2026-10-02T05:52:50.000Z,1,"Polri Gelar Pelepasan Kapolri pada Jumat Siang 

#Polri #Gelar #Pelepasan #Kapolri #JumatSiang #Berita #Info

https://t.co/8WHYpKRWWw",2105898786078015507,,,in,,0,0,1,https://x.com/Info_Ambon1/status/2105898786078015507,1846347734,Info_Ambon1
2105599620735012977,2026-10-02T05:52:47.000Z,2,"@mas_veel @ch_chotimah2 @arifbalikpapan1 Jangan terlalu menghibur diri boss. Dari Kapolri ke KSP itu downgrade jauh. Masih mending Pak Tito dulu  digeser jd Menteri, masa skrg cuma jadi KSP? 

Lalu paling telak adalah, digantinya Pratikno tanpa ada penempatan jabatan lain. Kode keras perpecahan itu bos",2105898771683082550,,mas_veel,in,,0,0,1,https://x.com/yesmar_banu/status/2105898771683082550,85495565,yesmar_banu
2105535109726359961,2026-10-02T05:52:16.000Z,0,@twitofaji 𝖫𝖾𝗉𝖺𝗌 𝖽𝖺𝗋𝗂 𝗄𝖺𝗉𝗈𝗅𝗋𝗂 𝗆𝖺𝗅𝖺𝗁 𝖽𝗂𝖻𝖾𝗋𝗂 𝗃𝖺𝖻𝖺𝗍𝖺𝗇 𝗒𝖺𝗇𝗀 𝗀𝖺 𝗄𝖺𝗅𝖺𝗁 𝗆𝖾𝗇𝗍𝖾𝗋𝖾𝗇𝗀 𝖽𝗂 𝗉𝖾𝗆𝖾𝗋𝗂𝗇𝗍𝖺𝗁𝖺𝗇,2105898640581722463,,twitofaji,in,,0,0,0,https://x.com/who_am_I988/status/2105898640581722463,952895151893917697,who_am_I988
2105898334716391596,2026-10-02T05:51:03.000Z,0,"PWI Kepri Siap Dukung Transformasi Polri di Bawah Kapolri Suyudi
https://t.co/dYeOIY9BqE",2105898334716391596,,,in,,0,0,0,https://x.com/j5newsroom/status/2105898334716391596,1580089797749575680,j5newsroom
2105578103796076621,2026-10-02T05:49:45.000Z,0,"@ch_chotimah2 @prabowo Paling mengejutkan Kapolri tiba2 diganti.
Paling mencengangkan, Bahlil tiba2 rangkap jabatan yang di bidang yang  sangat penting menyangkut hajat hidup rakyat.
Paling menyenangkan, Menlu kembali diemban diplomat karier yang berkualitas.",2105898008126906552,,ch_chotimah2,in,,0,0,0,https://x.com/yesmar_banu/status/2105898008126906552,85495565,yesmar_banu
2105897574213312987,2026-10-02T05:48:02.000Z,0,"Kapolrestabes Semarang beserta staf, jajaran, dan Bhayangkari mengucapkan Selamat dan Sukses atas Jabatan Baru sebagai Kapolri kepada Jenderal Polisi Dr. Suyudi Ario Seto, S.I.K., S.H., https://t.co/2fysminU4r.

Semoga senantiasa diberikan kelancaran, kekuatan, dan kebijaksanaan https://t.co/VV8HKrXqqH",2105897574213312987,https://pbs.twimg.com/media/HTmmj87aIAAWzrL.jpg,,in,,0,0,0,https://x.com/polsekGNP/status/2105897574213312987,962582848631812096,polsekGNP
2105896823445651799,2026-10-02T05:45:03.000Z,7,"Wah keren ini Komjen Pol Suyudi Ario Seto lebih baik dari segi statement, komunikasi maupun visi misinya dan good looking dibanding kapolri yg lama.

Semoga amanah sebagai Kapolri https://t.co/uImzGTeDJR",2105896823445651799,https://pbs.twimg.com/amplify_video_thumb/2105895261453373440/img/nMigLkSvakNqntjL.jpg,,in,,0,3,6,https://x.com/BiLLRaY2019/status/2105896823445651799,1159475566069731331,BiLLRaY2019
2105540048980787570,2026-10-02T05:43:43.000Z,1,@Gunawan75_ Semoga di bukakan hatinya pak kapolri ini sehingga amanah dijalan Allah,2105896488576614725,,Gunawan75_,in,,0,0,0,https://x.com/zainrasyid95/status/2105896488576614725,1737820862743760896,zainrasyid95
2105817748245037187,2026-10-02T05:43:35.000Z,0,@JaketKulitLover Harapan ada di Kapolri yg baru.,2105896455378751504,,JaketKulitLover,in,,0,0,0,https://x.com/grrraargh/status/2105896455378751504,480858414,grrraargh
2105826027327094840,2026-10-02T05:41:03.000Z,1,"@DedynurPalakka @xquitavee @ListyoSigitP Termul pekok , secara formal dan kelembagaan Kapolri umumnya memiliki kekuasaan yang lebih besar karena memimpin institusi negara dengan kewenangan hukum dan aparat yang luas . Posisi KSP bisa apa ? 😜",2105895818268160043,,DedynurPalakka,in,,0,1,0,https://x.com/Matt_Rodjack/status/2105895818268160043,1667660939569811457,Matt_Rodjack
2105694234150072456,2026-10-02T05:40:38.000Z,0,"@rang_simabua @blank0429 Mksd km istana bogor?? Dilevel yg wkt itu udah dikawal kapolri, gtu? Knp g nyari kedekatan dr siapa ortunya? Kan semua org jg tau bapaknya jadi dubes di era Jokowi jg.. Eh iya.. Tapi dr era SBY jg udah y, makanya jadi susah klo itu yg diangkat",2105895715264414184,,rang_simabua,in,,0,0,0,https://x.com/Juliakango/status/2105895715264414184,1654146641304363009,Juliakango
2105549409610318240,2026-10-02T05:38:56.000Z,0,"@Juliakango @ekky1995 Wkwk kok bandingin ke kapolri pertama, presiden jg ga terbats jmn itu. Soal panglima, namanya bersiasat jgn ketara lah, walau bintang dipercepat. Kaya ga tau jokowi si jago siasat.

Knp susah amat mengakui jokowi grooming network solo, dia pake pas berkuasa, dan itu legal kok",2105895284828143816,,Juliakango,in,,0,1,0,https://x.com/NasiAking234/status/2105895284828143816,1631607061053333505,NasiAking234
2105879740343263605,2026-10-02T05:36:22.000Z,2,"@bangherwin Iya juga yaaa
Nti ada yg cembokur dgn di angkatnya Suyudi jadi Kapolri yg mantan Cover boy 🫢

Doi kemana yaaa kok lgi ngak update",2105894640385933591,,bangherwin,in,,0,0,1,https://x.com/RindarW2828/status/2105894640385933591,1918900834349596672,RindarW2828
2105569233468105117,2026-10-02T05:36:13.000Z,0,"@pakaipeci Udahlah, jgn negatif Mulu, ajg.

Kasih mrk space utk berubah, dan gw yakin udah ada perubahan drpd sblm2nya stlah bnyknya yg kritis.

Gw hrp pertukaran Kapolri ini bs jd momentum yg lebih kuat lg utk mrk berubah jd lebih profesional.",2105894601282523446,,pakaipeci,in,,0,0,0,https://x.com/FstrongW/status/2105894601282523446,1119881742121181184,FstrongW
2105894210520207515,2026-10-02T05:34:40.000Z,0,"Kapolri baru Suyudi Ario Seto ternyata pernah tercatat sebagai semifinalis ajang Cover Boy ’88 yang digelar Majalah Mode.

Selengkapnya di https://t.co/ZlwAzDIJYH https://t.co/QW23KHmw0m",2105894210520207515,https://pbs.twimg.com/media/HTmjnaDa0AAC7AT.jpg,,in,,0,0,0,https://x.com/koranjakarta_id/status/2105894210520207515,1382213818370039808,koranjakarta_id
2105893869292494874,2026-10-02T05:33:18.000Z,0,"Pasar Narkoba Gunung Jati-Kampung Salo hingga Kematian Tahanan Disorot, KARST Minta Kapolri Turun Tangan 

 https://t.co/AaDEzhIYd4",2105893869292494874,,,in,,0,0,0,https://x.com/kendarikinii/status/2105893869292494874,2004645689444433920,kendarikinii
2105893587950903313,2026-10-02T05:32:11.000Z,0,"DAY-1 PASCA RESHUFFLE KABINET MERAH PUTIH: UJIAN AWAL KAPOLRI BARU, SUPER-MINISTER BAHLIL, DAN SINYAL PASAR 🇮🇩📊

Seremoni megah pelantikan di Istana Negara telah usai. Hari ini, genderang kerja nyata Kabinet Merah Putih resmi ditabuh. Perombakan kabinet yang dilakukan Presiden https://t.co/COqMyBDCHJ",2105893587950903313,https://pbs.twimg.com/media/HTmi_bAbsAAQZH8.jpg,,in,,0,1,0,https://x.com/orleanmedia/status/2105893587950903313,3012087843,orleanmedia
2105893402122576076,2026-10-02T05:31:27.000Z,0,"Kapolrestabes Semarang beserta staf, jajaran, dan Bhayangkari mengucapkan Selamat dan Sukses atas Jabatan Baru sebagai Kapolri kepada Jenderal Polisi Dr. Suyudi Ario Seto, S.I.K., S.H., https://t.co/3kksOw2Yx0. https://t.co/YASzLfV24K",2105893402122576076,https://pbs.twimg.com/media/HTmi4UcbMAA23-k.jpg,,in,,0,0,0,https://x.com/Pol85473Polsek/status/2105893402122576076,1856239065018052608,Pol85473Polsek
2105549409610318240,2026-10-02T05:30:34.000Z,0,"@NasiAking234 @ekky1995 Faktanya Listyo menjabat terlama kedua stlh Kapolri pertama, kan? Lgian, klo modal utak atik gtu. Knp g skalian masukin Moeldoko atau Agus Subianto jg? Pdhl org2 bsa liat pas nikahan anaknya Jokowi, Moeldoko jd perwakilan. Km itu ndakik2 tapi ky lupa klo Jokowi backgroundny sipil",2105893180592034090,,NasiAking234,in,,0,1,0,https://x.com/Juliakango/status/2105893180592034090,1654146641304363009,Juliakango
2105890862488309800,2026-10-02T05:30:11.000Z,1,@PakKarti Semoga terketuk hati pak kapolri baru,2105893084383138221,,PakKarti,in,,0,0,0,https://x.com/dede_dars/status/2105893084383138221,1705453887736655872,dede_dars
2105892944213627210,2026-10-02T05:29:38.000Z,0,"Daftar 264 Alumni Akpol 1994 yang Seangkatan Kapolri Jenderal Suyudi Ario Seto, Ada Ferdy Sambo
 
https://t.co/ZHKkGBhI2F lewat @tribunnews",2105892944213627210,,,in,,0,0,0,https://x.com/banjarmasinpost/status/2105892944213627210,65639033,banjarmasinpost
2105892665883803655,2026-10-02T05:28:31.000Z,13,"Perkiraan kenapa kapolri diganti ?

Sepertinya biar gak mengkondisikan/mengamankan terus safari/kampanye PSI pak OOwi ke daerah2.

PSI target 12 %, ambil punya gerindra/PDIP, Oowi di masyarakat bawah masih di elu2kan, dan Wowo mulai sebel atas pat-gulipat ijazah Gbran di MK, gak",2105892665883803655,,,in,,0,2,3,https://x.com/WongAlasRoban/status/2105892665883803655,1220019150585643009,WongAlasRoban
2105892190643978453,2026-10-02T05:26:38.000Z,54,"Selamat mengemban amanah sebagai Kapolri. Semoga senantiasa diberikan kesehatan, kekuatan, kebijaksanaan, dan kelancaran dalam memimpin serta mengabdi untuk masyarakat, bangsa, dan negara. https://t.co/ZIkyEsCHsF",2105892190643978453,https://pbs.twimg.com/media/HTmhyG3bsAAs2FD.jpg,,in,,0,7,7,https://x.com/bidhumas_jatim/status/2105892190643978453,1444824442954137603,bidhumas_jatim
2105891807792074770,2026-10-02T05:25:07.000Z,1,Semoga Kapolri Baru bisa seperti Jenderal Polisi Hoegeng Imam Santoso.. Selamat Bertugas Jenderal 🫡,2105891807792074770,,,in,,0,1,0,https://x.com/Inos_Mdc99/status/2105891807792074770,716189225868111873,Inos_Mdc99
2105594704314372107,2026-10-02T05:24:06.000Z,0,"@pingwiners ini kalau kapolri baru nau cari muka tinggal tindak
tapi wereng kan urusan keburukan solidnya naudzubillah",2105891553722147006,,pingwiners,in,,0,0,0,https://x.com/bumercon/status/2105891553722147006,738952801590509568,bumercon
2105537662342078624,2026-10-02T05:21:50.000Z,0,@ferrykoto @ListyoSigitP Pak Listyo ini salah satu kapolri yang takut sama bawahan. Tidak berani menindak bawahan yang salah.,2105890980729880952,,ferrykoto,in,,1,0,0,https://x.com/tonnysofijan/status/2105890980729880952,1203887301346000898,tonnysofijan
2105890862488309800,2026-10-02T05:21:21.000Z,118,Nitip buat pak KAPOLRI yang baru terpilih. https://t.co/IL5ssIUoEs,2105890862488309800,https://pbs.twimg.com/media/HTmgk2JbUAAqaPh.jpg,,in,,1,5,55,https://x.com/PakKarti/status/2105890862488309800,1125374325723238400,PakKarti
2105890815138730148,2026-10-02T05:21:10.000Z,31,"Viral Ramzi Curhat Kapolri Baru Suyudi Ario Seto Jadi Imam Sholat Maghrib usai Dilantik
https://t.co/j7JXeaTptZ",2105890815138730148,,,in,,0,0,6,https://x.com/geloraco/status/2105890815138730148,3319260420,geloraco
2105890652932510087,2026-10-02T05:20:31.000Z,1,Hati 2 pak Gibran saya bukan Kapolri lagi.....,2105890652932510087,,,in,,0,0,0,https://x.com/mr_giangacor/status/2105890652932510087,1845110522649378819,mr_giangacor
2105890622326415536,2026-10-02T05:20:24.000Z,0,"Daftar Kapolri dari Masa ke Masa, Suyudi Ario Seto Jadi yang ke-26 https://t.co/VjzR125eUX",2105890622326415536,,,in,,0,0,0,https://x.com/Harian_Jogja/status/2105890622326415536,118371948,Harian_Jogja
2105485929934954983,2026-10-02T05:19:24.000Z,0,"@kenhans03 @Gerindra {^Kapolrinya diangkat dari BNN.. 

Maka.._ tindakan akhir trhdp tiga orang trsbut nanti_ bisa djadikn tolak-ukur kinerja &gt;orang yg diangkat sbgai Kapolri itu&lt; smasa msih mnjbt sbgai kepala BNN.. dan akn mmpngruhi tingkt kprcyaan masyrkt padanya... .^}",2105890371847020958,,kenhans03,in,,0,0,0,https://x.com/ImayChan26132/status/2105890371847020958,1814175212323340288,ImayChan26132
2105537662342078624,2026-10-02T05:19:20.000Z,0,"@ardiuna @ferrykoto @ListyoSigitP Yaach...gak nyambung. Yg dibicarakan kapolri, kau ngajukan diri kau sbg atasan presiden.
Coba lu pecat presiden.",2105890355141136872,,ardiuna,in,,0,1,0,https://x.com/ak03l/status/2105890355141136872,314950399,ak03l
2105602304405815369,2026-10-02T05:16:31.000Z,1,"@is_pelssy Itu Suyudi Arie Seto. Kapolri namanya Suyudi Ario Seto. Arie dan Ario beda. Disitu usia 16. Kapolri kelahiran 1973, thn 88 usia baru 15. Beda orang itu.",2105889644848218530,,is_pelssy,in,,0,0,0,https://x.com/smartjohann/status/2105889644848218530,113583429,smartjohann
2105826027327094840,2026-10-02T05:09:15.000Z,3,"@xquitavee @ListyoSigitP Sigit ini termasuk keren. Kapolri terlama sejak reformasi.

Tpi dia gak manfaatkan jabatannya utk kepentingan pribadi. Contohnya semua anak anaknya. Tidak ada yang jadi polri, bahkan anaknya pernah gagal masuk akpol.

Sya baru baca bionya.",2105887814336295347,,xquitavee,in,,0,1,0,https://x.com/DeHoutman_iQ/status/2105887814336295347,1604136869415247872,DeHoutman_iQ
2105887322587922544,2026-10-02T05:07:17.000Z,12,"koran kompas hari ini bahas jam-jam proses pengangkatan kapolri suyudi, kamis 1 oktober 2026 

09:10 komisi 3 dpr mulai rapat, bacakan surat presiden soal usulan suyudi jadi kapolri

09:18 suyudi masuk ruang rapat komisi 3, ditemani beberapa pimpinan dpr

09:21 suyudi mulai https://t.co/vylzAyrKBq",2105887322587922544,https://pbs.twimg.com/media/HTmdAnnagAEyr74.jpg,,in,,1,2,8,https://x.com/LambeSahamjja/status/2105887322587922544,1772323119111487490,LambeSahamjja
2105887248759894504,2026-10-02T05:07:00.000Z,2,"Kursi orang nomor satu di Korps Bhayangkara kembali berganti. Presiden Prabowo Subianto resmi melantik Suyudi Ario Seto sebagai Kepala Kepolisian Negara Republik Indonesia (Kapolri) di Istana Negara, Jakarta, Kamis (1/10/2026).

Suyudi dilantik menggantikan Jenderal Polisi Listyo https://t.co/JKI9XvV0DG",2105887248759894504,https://pbs.twimg.com/media/HTlpcTEaAAA_DVH.jpg,,in,,0,0,0,https://x.com/akuratco/status/2105887248759894504,786549338818224128,akuratco
2105887088461930768,2026-10-02T05:06:22.000Z,0,"Kapolda Jawa Timur Irjen Pol Drs. Nanang Avianto, https://t.co/3ay81BOgJt., beserta staf dan jajaran mengucapkan:

Selamat dan Sukses atas Pelantikan Jenderal Polisi Dr. (H.C.) Suyudi Ario Seto, S.I.K., S.H., https://t.co/3ay81BOgJt. sebagai Kapolri https://t.co/Z4p4NOPVPm",2105887088461930768,https://pbs.twimg.com/media/HTmdJJ9akAEib1a.jpg,,in,,0,0,0,https://x.com/PolsekTarokan/status/2105887088461930768,1454265758452633600,PolsekTarokan
2105886906336817361,2026-10-02T05:05:38.000Z,5,"PROSES KILAT KAPOLRI BARU 😭

09.10: Komisi III mulai rapat
09.18: Suyudi masuk ruang rapat
09.21: Suyudi paparkan visi misi
09.44: Habiburokhman ketok palu
10.05: Hasil dibawa ke Rapat Paripurna
10.16: Puan Maharani ketok palu Kapolri baru
14.15: Suyudi dilantik Presiden
Super https://t.co/UBRQtW06eM",2105886906336817361,https://pbs.twimg.com/media/HTmc8BsbwAAVZMU.jpg,,in,,0,0,4,https://x.com/Sipitungscbd/status/2105886906336817361,2069980234796142592,Sipitungscbd
2105569233468105117,2026-10-02T05:03:28.000Z,0,"@pakaipeci itu keinginan, skali lg keinginan kapolri baru. Realisasi ny 0%, UUD(ujung2ny Duit)",2105886361836454247,,pakaipeci,in,,0,0,0,https://x.com/Guyts37414/status/2105886361836454247,1721462539996004352,Guyts37414
2105885637467681030,2026-10-02T05:00:36.000Z,0,"menteri keuangan diganti, kapolri diganti hadeuhh saran gw presidennya aja sih yang diganti. saran aja inimah y",2105885637467681030,,,in,,0,0,0,https://x.com/deadluneaff/status/2105885637467681030,2027054179521630208,deadluneaff
2105602304405815369,2026-10-02T04:59:11.000Z,0,"@is_pelssy Ohhh....Mantan Model Ternyata di Era nya Keren Pak Kapolri ,Semoga Amanah yaa Pak 😊🙏",2105885280909902041,,is_pelssy,in,,0,0,0,https://x.com/AlineRaztha/status/2105885280909902041,1394611814596431875,AlineRaztha
2105885235485544892,2026-10-02T04:59:00.000Z,0,"Anggota Komisi III DPR RI Fraksi Partai Golkar, Soedeson Tandra, meminta Kepala Kepolisian Negara Republik Indonesia (Kapolri) baru Jenderal Pol Suyudi Ario Seto agar kinerja dan prestasi kepolisian yang sudah baik dari kepemimpinan sebelumnya tetap dipertahankan.

Hal tersebut https://t.co/8nYJ5bizQD",2105885235485544892,https://pbs.twimg.com/media/HTmFd3abQAAwvho.jpg,,in,,0,0,0,https://x.com/tribunnews/status/2105885235485544892,124171593,tribunnews
2105867024358617524,2026-10-02T04:56:54.000Z,2,"@Sebelahkampus Dia ngomong sendiri, kapolRI siap di kritik sampek akar serabut 😆 dan lebih demokratis dari kepemimpinan sebelomnya. . . . .",2105884706260873569,,Sebelahkampus,in,,0,0,0,https://x.com/FrozyidEnjiner/status/2105884706260873569,2066697705402081280,FrozyidEnjiner
2105884595187277921,2026-10-02T04:56:27.000Z,0,"Keluarga Besar BNNP Sumsel mengucapkan Selamat dan Sukses kepada Jenderal Polisi Suyudi Ario Seto, S.I.K., S.H., https://t.co/94o7mMWOup. atas jabatan baru sebagai Kapolri.

Selengkapnya:
https://t.co/eQX5uMEieZ https://t.co/BpQuau5dCe",2105884595187277921,https://pbs.twimg.com/amplify_video_thumb/2105884536651616256/img/EJtPo54C7PAOptcI.jpg,,in,,0,0,1,https://x.com/bnnp_sumsel/status/2105884595187277921,1346072858397536256,bnnp_sumsel
2105884499955601752,2026-10-02T04:56:04.000Z,0,"A grown ass man. Came from a privileged family, tapi gak peduli pendidikan. Definisi tolol kalo kata gue. Beginilah kalo hidup cuman ngandelin bapak.

Belum beres masalah ini. Udah rame lagi soal Kapolri. Sibuk bener di atas ye. https://t.co/6hHJeSqx8I",2105884499955601752,https://pbs.twimg.com/media/HTmaydZa4AAMm1F.jpg,,in,,0,0,0,https://x.com/jaesxc/status/2105884499955601752,2436416310,jaesxc
2105884315209081208,2026-10-02T04:55:20.000Z,6,"Masih terhenyak dengan jadinya Komjen Pol Suyudi menempati posisi Kapolri. 

Dua tahun Prabowo, seperti terpancar semacam koalisi keumatan dan kebangsaan yang membawa harapan cerah masa depan. 

Ya nggak sih?",2105884315209081208,,,in,,0,4,0,https://x.com/OtskieLabs/status/2105884315209081208,1994729185592688640,OtskieLabs
2105836216910573613,2026-10-02T04:53:58.000Z,0,@chusnulhadiset1 @yaniarsim Preman dan ormas itu sahabat Wowo gembul. Kalo di berantas bisa2 dicopot kapolri nya,2105883969178964240,,chusnulhadiset1,in,,0,0,0,https://x.com/PutraKrisn6327/status/2105883969178964240,2013294656185081858,PutraKrisn6327
2105853928361672723,2026-10-02T04:53:17.000Z,2,@sshbrina_ Oh kapolri nya juga udah ada istri? Wow,2105883796818034999,,sshbrina_,in,,0,0,0,https://x.com/Susumurniadhja/status/2105883796818034999,1490675342897397768,Susumurniadhja
2105883604849205684,2026-10-02T04:52:31.000Z,15,"Sebelum menjadi Kapolri, Suyudi Ario Seto ternyata pernah menjadi model saat SMP dan berhasil melaju hingga semifinal ajang Coverboy Majalah Mode 1988.

Simak selengkapnya di https://t.co/k04jD5uxV3
#SoftNews_Viral #NewsOne #CariBeritaditvOne #SuyudiArioSeto #Kapolri #NO02 https://t.co/poCart1aCq",2105883604849205684,https://pbs.twimg.com/media/HTmZR43a8AA0Aik.jpg,,in,,0,2,3,https://x.com/tvOneNews/status/2105883604849205684,55507370,tvOneNews
2105617092385103993,2026-10-02T04:52:21.000Z,0,@GusDikaOfficial Kapolri ini saudaranya dito aryo seto kah?,2105883563069678013,,GusDikaOfficial,in,,0,0,0,https://x.com/hermantwitt/status/2105883563069678013,153340589,hermantwitt
2105883245686694041,2026-10-02T04:51:05.000Z,0,"Dicalonkan Jadi Kapolri, Ini Sosok Komjen Suyudi Asli Pandeglang

Baca selengkapnya disini
https://t.co/GUBSjd3z0T https://t.co/EL7BXmH3Om",2105883245686694041,https://pbs.twimg.com/media/HTmZNiZbQAAym8N.jpg,,in,,0,0,0,https://x.com/RRIBanten/status/2105883245686694041,558371444,RRIBanten
2105499598639054933,2026-10-02T04:50:54.000Z,0,"@regar_op0sisi @prabowo Kita lihat kiinerja Kapolri yg baru, apakah akan terus membiarkan oknum² berkeliaran?",2105883197318062412,,regar_op0sisi,in,,0,0,0,https://x.com/kangmirdja/status/2105883197318062412,72010193,kangmirdja
2105883149326864596,2026-10-02T04:50:42.000Z,0,"🇮🇩 Suyudi resmi jadi Kapolri. Ia menegaskan komitmen menghadirkan Polri lebih dekat dengan masyarakat lewat program “Polisi Bersama Masyarakat”. @DivHumas_Polri
@_poldabanten 
#SuyudiArioSeto #Kapolri
https://t.co/7mZFAHdZj6",2105883149326864596,,,in,,0,0,0,https://x.com/rmbantencom/status/2105883149326864596,2911375412,rmbantencom
2105882864302825716,2026-10-02T04:49:34.000Z,66,"Akun medsos Shandy Aulia langsung jadi rame netizen ngucapin selamat karna di duga jadi simpenan Suyudi Ario Seto yang udah resmi dilantik sebagai KAPOLRI baru. 

Melihat postingan postingan Shandy Aulia juga setelah cerai malah makin hedon udah menenteng tas dior terbaru😌😌 https://t.co/ECRAhvQqwB",2105882864302825716,https://pbs.twimg.com/amplify_video_thumb/2105882688188256256/img/WMfZA5JV85mj_kVF.jpg,,in,,1,3,10,https://x.com/amourphelia/status/2105882864302825716,1722748046,amourphelia
2105882713198841896,2026-10-02T04:48:58.000Z,0,"Polres Metro Tangerang Kota beserta seluruh jajaran
mengucapkan selamat dan sukses kepada

Jenderal Polisi Dr. (HC) Suyudi Ario Seto, S.I.K., S.H., https://t.co/uDr7BLatXL.

atas dilantiknya sebagai
KEPALA KEPOLISIAN NEGARA REPUBLIK INDONESIA (KAPOLRI) https://t.co/DJmk5im6Ds",2105882713198841896,https://pbs.twimg.com/media/HTmZKaibIAAbKS7.jpg,,in,,0,0,0,https://x.com/restrotangkot/status/2105882713198841896,4722542119,restrotangkot
2105594066704433461,2026-10-02T04:47:19.000Z,1,"@txtdrimedia Narasi yg berkembang...Dari kelompok orang dungu """" Orang Jokowi mulai di habisi Prabowo """" Narasi sesat yg hanya bisa di makan oleh orang yg sering mendengar filsafat Rocky Gerung. Jabatan baru Listyo itu malah makin mendekat kan nya ke ring 1 istana. Apa pun yg terjadi di https://t.co/uAR7qqrxgr",2105882294905155853,https://pbs.twimg.com/media/HTmYx2Pa4AAI5nd.png,txtdrimedia,in,,0,0,0,https://x.com/Bonarto_kim/status/2105882294905155853,1869810692750241792,Bonarto_kim
2105882085861077147,2026-10-02T04:46:29.000Z,3,"Harapan Kepada Kapolri Baru (2)

Oleh: Farid Wajdi, Farid Wajdi Wajdi Lubis &amp; Rekan

Kapolri baru membawa harapan baru. Rakyat mendambakan Polri yang semakin profesional, berintegritas, humanis, tegas dalam menegakkan hukum, serta hadir sebagai pelindung dan pengayom masyarakat. https://t.co/OopMyUbPt5",2105882085861077147,https://pbs.twimg.com/media/HTmYlv9aEAApYDf.jpg,,in,,0,1,2,https://x.com/farid_wajdi70/status/2105882085861077147,636145036,farid_wajdi70
2105577108475105383,2026-10-02T04:46:13.000Z,0,@keluhkesahkonoh KAPOLRI maker?,2105882019570045126,,keluhkesahkonoh,in,,0,0,0,https://x.com/Susiloh/status/2105882019570045126,66853414,Susiloh
2105881766062113265,2026-10-02T04:45:13.000Z,0,"Kepala BNN ini menjadi sosok polisi inspiratif 😍 

Setelah Presiden mengusulkan dan di sepakati anggo DPR, Komjen Suyudi Ario Seto dilantik menjadi Kapolri

Selamat bertugas Pak https://t.co/7FOpIDbK7Z",2105881766062113265,https://pbs.twimg.com/amplify_video_thumb/2105881558053982208/img/8dzZu-bX_ucR3MVS.jpg,,in,,0,0,0,https://x.com/rhikeresty/status/2105881766062113265,593613873,rhikeresty
2105881749461045697,2026-10-02T04:45:09.000Z,0,"Selamat &amp; Sukses kepada Komjen Pol. Dr. (H.C.) Suyudi Ario Seto, S.I.K., S.H., https://t.co/z3GWoPjYo0. atas penunjukan sebagai Kapolri.

Semoga senantiasa diberikan kesehatan, kelancaran, dan kekuatan dalam mengemban amanah demi bangsa, negara, dan masyarakat. https://t.co/Igi8S9AQs4",2105881749461045697,https://pbs.twimg.com/media/HTmYLzoaAAAbG9d.jpg,,in,,0,0,0,https://x.com/infobnnkgtlo/status/2105881749461045697,1347989253662248960,infobnnkgtlo
2105549409610318240,2026-10-02T04:40:12.000Z,0,@Juliakango @ekky1995 Juga hadi tjahjanto yg saat itu jadi danlanud solo. Berapa peluang kapolres dan danlanud solo bisa bersamaan jadi kapolri dan panglima tni di periode yg sama? Ya ga perlu naif lah ya,2105880505271095776,,NasiAking234,in,,0,1,0,https://x.com/NasiAking234/status/2105880505271095776,1631607061053333505,NasiAking234
2105870501809988090,2026-10-02T04:39:36.000Z,0,@Kosimatkasah Jangan² ini balas dendam polri atas pergantian Kapolri ?!?!,2105880356188828092,,Kosimatkasah,in,,0,0,0,https://x.com/sitiA98006455/status/2105880356188828092,977039538269794305,sitiA98006455
2105523293466059083,2026-10-02T04:37:24.000Z,0,@Rudetiawanst Hoax murahan isu kapolri dicopot bikin ngakak.,2105879800267345978,,Rudetiawanst,in,,0,0,0,https://x.com/katiedunford143/status/2105879800267345978,1183635937,katiedunford143
2105879740343263605,2026-10-02T04:37:10.000Z,349,"Kenapa ya Wowow milih Jend (Pol) Suyudi Ario Seto jadi Kapolri?

Suyudi ini mantan finalis cover boy tahun 1988 lho.... apa Wowow gak takut Bunted bakalan cemburu?

Gawat nih!
Bisa terjadi prahara rumah tangga nih. https://t.co/NQNQIMVmCP",2105879740343263605,https://pbs.twimg.com/media/HTmWdYzagAA55Zn.jpg,,in,,7,101,66,https://x.com/bangherwin/status/2105879740343263605,1267940786991099905,bangherwin
2105879718511919240,2026-10-02T04:37:04.000Z,1,"Kapolrestabes Semarang beserta Staf Jajaran dan Bhayangkari mengucapkan Selamat dan Sukses kepada Jenderal Polisi Dr. Suyudi Ario Seto, S.I.K., S.H., https://t.co/yymuspSLC1. atas pelantikan sebagai Kapolri.

Semoga sukses dan senantiasa dalam lindungan Tuhan Yang Maha Esa. 🙏🇮🇩 https://t.co/sXnnPDCql4",2105879718511919240,https://pbs.twimg.com/media/HTmWaqOaEAAABmj.jpg,,in,,0,0,0,https://x.com/PolsekTembalang/status/2105879718511919240,941485516435812352,PolsekTembalang
2105879468296573353,2026-10-02T04:36:05.000Z,0,"Daftar 264 Alumni Akpol 1994 Angkatan Kapolri Jenderal Suyudi Ario Seto
https://t.co/2HGVJlv3bb",2105879468296573353,,,in,,0,0,0,https://x.com/tribunnews/status/2105879468296573353,124171593,tribunnews
2105549409610318240,2026-10-02T04:35:51.000Z,0,"@Juliakango @ekky1995 Loh loh listyo itu loncat angkatan banyak loh pas jadi kapolri dan karirnya akselerasi. Apa benar karena dia sejenius itu? Kalau bukan karena merit jelas karena kedekatan. Jokowi mau menjaga sirkel dia orang yg paling loyal, makanya dia grooming kapolres solo jaman dia walkot",2105879410549420162,,Juliakango,in,,0,1,0,https://x.com/NasiAking234/status/2105879410549420162,1631607061053333505,NasiAking234
2105586478604820488,2026-10-02T04:34:52.000Z,0,@arieparikesit @IcalBejedor nama nama itu masi cakep till now....sedangkan kapolri nya 🤭,2105879161512317177,,arieparikesit,in,,0,0,0,https://x.com/casteloseven/status/2105879161512317177,2516764844,casteloseven
2105878841952768330,2026-10-02T04:33:35.000Z,3,"Fyi : Jendral Listyo Sigit Pernah bilang apabila ada pilihan apakah polisi tetap berada dibawah presiden atau polisi tetap berada dibawah presiden namun ada kementrian polisi, Koplri tetap memimpin saya pilih Kapolri saja yang dicopot.",2105878841952768330,,,in,,1,1,0,https://x.com/SIVENNN5s/status/2105878841952768330,2025104129006489601,SIVENNN5s
2105878077486321859,2026-10-02T04:30:33.000Z,13,"pergantian kapolri kayak pake layanan instant-same day. 

09.10 : komisi III rapat terkait surpres
09.18 : suyudi datang ke ruangan rapat
09.21 : suyudi memaparkan visi misi
09.44 : habiburokhman ketok palu
10.05 : hasil dibawa ke rapat paripurna
10.11 : habiburokhman memaparkan https://t.co/MIVGW7H2IU",2105878077486321859,https://pbs.twimg.com/media/HTmU8lXb0AAjsJY.jpg,,in,,0,2,2,https://x.com/satirnesia/status/2105878077486321859,2017662538524069888,satirnesia
2105877821356900641,2026-10-02T04:29:32.000Z,0,"Baca di sini: https://t.co/Z0VkKlg3Du 

Mantan Komisioner Kompolnas Poengky Indarti menilai usia menjadi salah satu faktor Presiden Prabowo memilih Suyudi sebagai Kapolri. Ia menyebut Suyudi sebagai generasi muda Polri dengan pengalaman cukup lengkap.

~KR #SuyudiArioSeto https://t.co/EJH2sxPNJh",2105877821356900641,https://pbs.twimg.com/amplify_video_thumb/2105877718147661824/img/W96qLjd-nMXg8WNI.jpg,,in,,0,0,0,https://x.com/kompascom/status/2105877821356900641,23343960,kompascom
2105877692067549400,2026-10-02T04:29:01.000Z,3,"Calon Kapolri Komjen Pol Suyudi Ario Seto menegaskan perubahan harus dimulai dari pimpinan dan dibuktikan langsung di lapangan. 
“Semangat yang ingin saya hidupkan sederhana. Tidak arogan, tidak berbohong, tidak menyalahgunakan kewenangan, dan tidak menyakiti masyarakat"" kata nya https://t.co/L5goYygHoV",2105877692067549400,https://pbs.twimg.com/amplify_video_thumb/2105877079107768320/img/b-SpI9pkWh4EjOCz.jpg,,in,,0,1,0,https://x.com/tvsuarabersatu/status/2105877692067549400,2071812222461018112,tvsuarabersatu
2105799967696986417,2026-10-02T04:28:46.000Z,0,"@tempodotco Narasi yg berkembang...Dari kelompok orang dungu """" Orang Jokowi mulai di habisi Prabowo """" Narasi sesat yg hanya bisa di makan oleh orang yg sering mendengar filsafat Rocky Gerung. Jabatan baru Listyo itu malah makin mendekat kan nya ke ring 1 istana. Apa pun yg terjadi di",2105877627517186420,,tempodotco,in,,0,1,0,https://x.com/Bonarto_kim/status/2105877627517186420,1869810692750241792,Bonarto_kim
2105485929934954983,2026-10-02T04:25:05.000Z,1,"@kenhans03 @Gerindra yuk Pak KAPOLRI yang baru..

Berikan sentuhan pertama anda, 
bagaimana kasus ini seharusnya berproses?

karena proses asesmen dan rehabilitasi HANYA AKAL AKALAN 

@DivHumas_Polri 
@ListyoSigitP 
@prabowo 

https://t.co/zGTFg74NNE",2105876701960130692,,kenhans03,in,,0,2,0,https://x.com/TheUncleDee/status/2105876701960130692,2408810690,TheUncleDee
2105876191077188014,2026-10-02T04:23:03.000Z,0,"Pak Listyo tigiS gag sempet lenger² kehilangan jabatannya sebage Kapolri, karena kemarin harus segera bersiap diri dilantik sebagai KSP",2105876191077188014,,,in,,0,0,0,https://x.com/MicksMarzuq/status/2105876191077188014,1150066041927528450,MicksMarzuq
2105807720372977792,2026-10-02T04:22:47.000Z,0,"@pilarkeamanan Wajar banget kapolri baru langsung istirahat habis tes padat, apresiasi kerjanya",2105876123821420865,,pilarkeamanan,in,,0,0,0,https://x.com/QaylaAnindia/status/2105876123821420865,1319179947026518016,QaylaAnindia
2105807720372977792,2026-10-02T04:20:31.000Z,0,@pilarkeamanan Apresiasi setinggi tingginya atas totalitas kerja kapolri baru mengemban amanah,2105875552997626200,,pilarkeamanan,in,,0,0,0,https://x.com/NindyAp15421940/status/2105875552997626200,1311496276525998082,NindyAp15421940
2105875499549667678,2026-10-02T04:20:19.000Z,1,"Selamat dan Sukses atas Pelantikan Jenderal Polisi Dr. (H.C.) Suyudi Ario Seto, S.I.K., S.H., https://t.co/8vtPC6207R. sebagai Kepala Kepolisian Negara Republik Indonesia (Kapolri). https://t.co/YIbCH7p6r2",2105875499549667678,https://pbs.twimg.com/media/HTmSmfAaMAAwoS6.jpg,,in,,0,0,0,https://x.com/sekkedirikota/status/2105875499549667678,1755418411885355008,sekkedirikota
2105807720372977792,2026-10-02T04:18:47.000Z,0,@pilarkeamanan Dukung penuh langkah awal kapolri jenderal suyudi wujudkan polri yang solid,2105875113908519360,,pilarkeamanan,in,,0,0,0,https://x.com/hertisarii/status/2105875113908519360,1739927304875458561,hertisarii
2105870343269446057,2026-10-02T03:59:49.000Z,0,Ada darah Kanjuruhan dalam masa jabatannya sebagai Kapolri.,2105870343269446057,,,in,,0,0,0,https://x.com/4d_h1m/status/2105870343269446057,105695916,4d_h1m
2105848537460429181,2026-10-02T03:59:12.000Z,0,@prilikitiw @hasyimmah Itupun gak sekolah tapi rehab. Mantan kapolri yg baru dipecat sebentar lagi pasti nyanyi soal orchid school😂,2105870186436067377,,prilikitiw,in,,0,0,0,https://x.com/ndriygs/status/2105870186436067377,1990480960492912640,ndriygs
2105869884353859742,2026-10-02T03:58:00.000Z,0,"Jenderal Suyudi Ario Seto resmi dilantik sebagai Kepala Kepolisian Republik Indonesia (Kapolri) menggantikan Jenderal Listyo Sigit Prabowo.

Pelantikan Suyudi sebagai Kapolri dipimpin langsung oleh Presiden Prabowo Subianto di Istana Negara, Jakarta Pusat, Kamis (1/10/2026). https://t.co/QXesvLXiVG",2105869884353859742,https://pbs.twimg.com/media/HTmE0aiaUAAsneB.jpg,,in,,0,0,0,https://x.com/tribunnews/status/2105869884353859742,124171593,tribunnews
2105869824798941271,2026-10-02T03:57:46.000Z,0,"Suyudi Ario Seto Resmi Jadi Kapolri, Janjikan Polri Bersih dan Tak Ada Rekayasa Perkara
 https://t.co/LKuRi22Mte",2105869824798941271,,,in,,0,0,0,https://x.com/romyfanboy/status/2105869824798941271,1450818985503571969,romyfanboy
2105869112903876861,2026-10-02T03:56:04.000Z,0,@DisunTeddy Tahun 1988 deseu kapolri baru,2105869400624545979,,DisunTeddy,in,,0,0,0,https://x.com/netipedia/status/2105869400624545979,1405141922600034306,netipedia
2105869269577974207,2026-10-02T03:55:33.000Z,0,"Cita-cita Kapolri

https://t.co/AeZW3WeE6z",2105869269577974207,,,in,,0,0,0,https://x.com/PBB_80/status/2105869269577974207,15398472,PBB_80
2105869216754868384,2026-10-02T03:55:21.000Z,0,"Presiden Prabowo Subianto melantik Komjen Pol. Suyudi Ario Seto sebagai Kepala Kepolisian Negara Republik Indonesia (Kapolri) menggantikan Jenderal Pol. Listyo Sigit Prabowo, Kamis (1/10/2026).
https://t.co/Vf0M1CkRJl",2105869216754868384,,,in,,0,0,0,https://x.com/nusabalicom/status/2105869216754868384,2655442453,nusabalicom
2105868989159121058,2026-10-02T03:54:26.000Z,0,"Karo SDM Polda Sulsel beserta staf mengucapkan Selamat dan Sukses atas dilantiknya Jenderal Polisi Dr. (H.C) Suyudi Ario Seto, SIK., SH., M. Si sebagai Kapolri https://t.co/QApSkzVIRF",2105868989159121058,https://pbs.twimg.com/media/HTmMrhRasAAGKYp.jpg,,in,,0,0,0,https://x.com/birosdmsulsel_/status/2105868989159121058,1644652156308578304,birosdmsulsel_
2105868804098240668,2026-10-02T03:53:42.000Z,0,"Reshuffle Kabinet Merah Putih 1 Oktober 2026: Dari Jajaran Menko, Kepala Badan, hingga Kapolri Baru https://t.co/fQTImrkE4V",2105868804098240668,https://pbs.twimg.com/media/HTmMg3xbQAAY_a4.jpg,,in,,0,1,0,https://x.com/konten_negara/status/2105868804098240668,1941172596290330624,konten_negara
2105868441119080873,2026-10-02T03:52:16.000Z,0,"Selamat dan sukses atas dilantiknya Jenderal Polisi Dr. (H.C.) Suyudi Ario Seto, S.I.K., S.H., https://t.co/1BIgtetqbP. sebagai Kepala Kepolisian Negara Republik Indonesia (Kapolri) oleh Presiden Republik Indonesia, Jenderal TNI (Purn) H. Prabowo Subianto.

#YARA #Kapolri #polisi https://t.co/KVJEAtPVj8",2105868441119080873,https://pbs.twimg.com/media/HTmMLpvaUAA36Yk.jpg,,in,,0,0,2,https://x.com/ACEH_Foundation/status/2105868441119080873,347048082,ACEH_Foundation
2105867781032104172,2026-10-02T03:49:38.000Z,1,"Selamat atas Penunjukan Jabatan Baru sebagai Kapolri 🇮🇩

Keluarga Besar Kepolisian Daerah Jawa Barat mengucapkan selamat dan sukses kepada Jenderal Polisi Suyudi Ario Seto, S.I.K., S.H., https://t.co/MiEp0RL5OP. atas penunjukan sebagai Kepala Kepolisian Negara Republik Indonesia https://t.co/tyywb9staA",2105867781032104172,https://pbs.twimg.com/media/HTmLjFgbUAAz_EE.jpg,,in,,0,0,0,https://x.com/humaspolrestas2/status/2105867781032104172,1537989210724270080,humaspolrestas2
2105867517097017790,2026-10-02T03:48:35.000Z,0,"Jenderal Pol. Suyudi Ario Seto resmi menjabat Kepala Kepolisian Negara Republik Indonesia (Kapolri) setelah dilantik Presiden Prabowo Subianto di Istana Negara, Jakarta, Kamis (1/10/2026).
https://t.co/0jxtsytA1W",2105867517097017790,,,in,,0,0,0,https://x.com/nusabalicom/status/2105867517097017790,2655442453,nusabalicom
2105867401787273620,2026-10-02T03:48:08.000Z,0,https://t.co/LpwDgvjKyi,2105867401787273620,,,zxx,,0,0,0,https://x.com/RajamediaIDN/status/2105867401787273620,839770049309106176,RajamediaIDN
2105867076648972666,2026-10-02T03:46:50.000Z,0,"Fraksi PKB DPR RI mendukung pergantian Kapolri dan berharap kepemimpinan Jendral Pol Suyudi Ario Seto dapat membawa semangat baru, memperkuat penegakan hukum, serta membuat Polri semakin dekat dengan masyarakat, hal ini disampaikan oleh Ketua Fraksi PKB DPR RI, Jazilul Fawaid, https://t.co/dnDoilYkg5",2105867076648972666,https://pbs.twimg.com/media/HTmK8SMbwAA7wih.jpg,,in,,0,0,0,https://x.com/RadioElshinta/status/2105867076648972666,121640063,RadioElshinta
2105867024358617524,2026-10-02T03:46:38.000Z,76,"jawa pos hari ini (02/10).
tolong yang mau ngetik aneh2. cukup dalam hati saja.

ini awal yang baru. . .
selamat bertugas pak kapolri. https://t.co/ghI9on1U2m",2105867024358617524,https://pbs.twimg.com/media/HTmK5FGaMAAJa77.jpg,,in,,7,41,19,https://x.com/Sebelahkampus/status/2105867024358617524,1901591046,Sebelahkampus
2105866933677785537,2026-10-02T03:46:16.000Z,1,"Kepala Kepolisian Resor Kediri AKBP Dr. Muh. Wahyudin Latif, S.H., S.I.K., https://t.co/NDYWZANVgx. beserta Staf dan Jajaran mengucapkan selamat dan sukses atas pelantikan Jenderal Polisi Dr. (H.C.) Suyudi Ario Seto, S.I.K., S.H., https://t.co/NDYWZANVgx. sebagai Kapolri. https://t.co/naglSSeJ1O",2105866933677785537,https://pbs.twimg.com/media/HTmK0CHa0AEtyxp.jpg,,in,,0,0,0,https://x.com/PolsekKandat/status/2105866933677785537,888350689381842944,PolsekKandat
2105866625006411804,2026-10-02T03:45:03.000Z,4,"Pergantian Kapolri dari Jenderal Listyo Sigit Prabowo kepada Jenderal Suyudi Ario Seto berlangsung sangat cepat. DPR menerima Surat Presiden terkait usulan pergantian Kapolri pada 30 September 2026. Sehari kemudian, Suyudi menjalani fit and proper test di Komisi III DPR yang https://t.co/EA8t88Or8S",2105866625006411804,https://pbs.twimg.com/amplify_video_thumb/2105866208935628800/img/JjuG_j8Wc8TuNy51.jpg,,in,,0,2,0,https://x.com/kompascom/status/2105866625006411804,23343960,kompascom
2105866612981088282,2026-10-02T03:45:00.000Z,0,"Ketua DPR RI, Puan Maharani, menyatakan, Jenderal Listyo Sigit Prabowo diberhentikan dari jabatan Kapolri secara terhormat.
 
 Hal tersebut ia sampaikan usai memimpin Rapat Paripurna di Gedung DPR, Kompleks Parlemen, Senayan, Jakarta, Kamis (1/10/2026).
 
 Puan mengatakan Listyo https://t.co/IvIG5pxWqZ",2105866612981088282,https://pbs.twimg.com/amplify_video_thumb/2105806672577130496/img/NBrXxjTxIcd2TZwj.jpg,,in,,0,0,0,https://x.com/akuratco/status/2105866612981088282,786549338818224128,akuratco
2105562344868962600,2026-10-02T03:44:55.000Z,1,"@Wagimandeep2 Listyo sigit kapolri terlama sepanjang republik ini berdiri..namun institusi yg dia pimpin cendrung semakin bobrok..pdhl dia sendiri yg mengatakan "" Ikan busuk itu dimulai dri kepalanya""entah dia nyndir mantan bosnya..si mulyono..",2105866592978661420,,Wagimandeep2,in,,0,0,0,https://x.com/blacksanrego/status/2105866592978661420,2014853855469879296,blacksanrego
2105866522023412209,2026-10-02T03:44:38.000Z,0,"Baca di sini: https://t.co/OZ9pmyhmwN

Pergantian Listyo Sigit Prabowo oleh Suyudi Ario Seto sebagai Kapolri dinilai menjadi momentum untuk melanjutkan kebijakan yang baik sekaligus membenahi pengawasan, promosi-mutasi, pungli, akuntabilitas penegakan hukum, dan netralitas Polri. https://t.co/atCOyKqX2z",2105866522023412209,https://pbs.twimg.com/media/HTmKSqlacAAWVDl.jpg,,in,,0,0,0,https://x.com/kompascom/status/2105866522023412209,23343960,kompascom
2105860091106996305,2026-10-02T03:19:05.000Z,0,kok feelingku Menlu dan Kapolri baru bakal bikin kebijakan yang lebih baik untuk Indonesia ya? who knows lah ya liat aja kedepannya,2105860091106996305,,,in,,0,0,0,https://x.com/gbpishere/status/2105860091106996305,1873265236138196992,gbpishere
2105532347353579638,2026-10-02T03:16:15.000Z,0,@LambeSahamjja Dulu kapolri yg lama juga banyak janji,2105859378691883402,,LambeSahamjja,in,,0,0,0,https://x.com/iwanyuli0768/status/2105859378691883402,1631264705674362881,iwanyuli0768
2105664685198676462,2026-10-02T03:15:09.000Z,0,"@P3gEl Urutannya: issue perjanjian wowo cuma 2thn yg akan jt di oct 26 - bocor projo siap klo tiba2 hrs ganti nahkoda - moment kunjungan layatan wowo ke pdip - sidang MK lanjut - kapolri, menko pmk dicopot JELAS BANGET #adilijokowi",2105859101347746112,,P3gEl,in,,0,0,0,https://x.com/flinus23/status/2105859101347746112,131438036,flinus23
2105858390828470476,2026-10-02T03:12:19.000Z,1,"Kepala Kepolisian Resor Kota Cirebon Beserta Staf dan Jajaran Mengucapkan

Selamat Kepada
JENDERAL POLISI SUYUDI ARIO SETO, S.I.K., S.H., MSi.

Atas dilantiknya Sebagai Kepala Kepolisian Negara Republik Indonesia

#Polri #PolrestaCirebon #Cirebon #Kapolri #Pelantikan https://t.co/C1UqUED0DN",2105858390828470476,https://pbs.twimg.com/media/HTmDCqkbkAAvqbz.jpg,,in,,0,1,1,https://x.com/CirebonPolresta/status/2105858390828470476,1262277887236825088,CirebonPolresta
2105858164025696606,2026-10-02T03:11:25.000Z,0,"prabowo ditinggal nengok kebelakang bentar dah ganti kapolri ajaaa, ya Allahhhhh",2105858164025696606,,,in,,0,0,0,https://x.com/salonpashoth0t/status/2105858164025696606,1115503892463280128,salonpashoth0t
2105841240990421452,2026-10-02T03:11:06.000Z,1,"@RD_4WR1212 Rakyat 280 juta ada 3 EKOR BINATANG YANG SUKA NYABU KOK MASIH DITERNAK MANFAAT NYA APA BAGI NEGARA MASBRO...💩💩🤮🤮🤮☝☝
AYOO KAPOLRI BARU DITINDAKLANJUTI KASUS INI BRO..☝💪",2105858082186383611,,RD_4WR1212,in,,0,0,0,https://x.com/wah121519_wahyu/status/2105858082186383611,833260879030267905,wah121519_wahyu
2105857834915430763,2026-10-02T03:10:07.000Z,0,"Jejak Karier Komjen Suyudi Ario Seto, Kapolri Baru Gantikan Listyo Sigit Prabowo

 https://t.co/pVZxhUSEKi.",2105857834915430763,,,in,,0,0,0,https://x.com/TribunTangerang/status/2105857834915430763,1633440097189376005,TribunTangerang
2105857805190303776,2026-10-02T03:10:00.000Z,0,"Direktur Imparsial, Ardi Manto Adiputra, menegaskan bahwa pelantikan Jenderal Suyudi Ario Seto sebagai Kepala Kepolisian Negara Republik Indonesia (Kapolri) baru menggantikan Jenderal Listyo Sigit Prabowo harus dijadikan momentum krusial. Menurutnya, kepemimpinan baru ini wajib",2105857805190303776,,,in,,0,0,0,https://x.com/mediaindonesia/status/2105857805190303776,68930552,mediaindonesia
2105857515619746122,2026-10-02T03:08:51.000Z,2,"Jenderal Suyudi Ario Seto resmi dilantik sebagai Kapolri menggantikan Jenderal Listyo Sigit Prabowo. Usai pelantikan di Istana Negara, Jakarta, Kamis (1/10/2026), Suyudi menceritakan dirinya baru mendapat informasi soal pencalonan sebagai Kapolri pada pagi hari sebelum mengikuti https://t.co/lQsp1ZhHWO",2105857515619746122,https://pbs.twimg.com/amplify_video_thumb/2105857037188083712/img/fRsiDW507_YC4yFr.jpg,,in,,0,0,0,https://x.com/kompascom/status/2105857515619746122,23343960,kompascom
2105857337508733330,2026-10-02T03:08:08.000Z,58,"KAPOLRI BARU HARAPAN BARU DRAMA KOLOSAL TERHADAP POLEMIK IJAZAH PALSU JOKOWI AKAN BERAKHIR....‼️

#MakzulkanGibranDiSidangMK
#MakzulkanGibranDiSidangMK
🆘🆗 https://t.co/FJ7mWP6qxZ",2105857337508733330,https://pbs.twimg.com/media/HTmCFXSaUAA4Pbv.jpg,,in,,1,13,27,https://x.com/ArdieSuhardi321/status/2105857337508733330,1773641343858024448,ArdieSuhardi321
2105857061896773828,2026-10-02T03:07:03.000Z,2,"Jenderal Polisi Suyudi Ario Seto resmi menjabat sebagai Kapolri menggantikan Listyo Sigit Prabowo.

Di awal kepemimpinannya, sejumlah harapan disampaikan Waketum MUI Anwar Abbas, mulai dari pembenahan pelayanan hingga penegakan hukum dan hubungan Polri dengan masyarakat. https://t.co/VU36SLo4cE",2105857061896773828,https://pbs.twimg.com/media/HTmB1ZmagAATMyG.jpg,,in,,0,0,0,https://x.com/inilahdotcom/status/2105857061896773828,46693036,inilahdotcom
2105621793176510815,2026-10-02T03:06:46.000Z,0,@DivHumas_Polri kok gak atas nama kapolri sihhh,2105856992954958239,,DivHumas_Polri,in,,0,0,0,https://x.com/gorengpatut84/status/2105856992954958239,1656685076493774853,gorengpatut84
2105856939473477735,2026-10-02T03:06:33.000Z,1,"Dicopot dari Kursi Kapolri, Listyo Sigit Dapat Bintang Mahaputera dari Presiden Prabowo

Klik link di bawah untuk berita lengkapnya:
https://t.co/L1fEi7aWLj

#Kapolri #Prabowo #ListyoSigit",2105856939473477735,,,in,,0,0,0,https://x.com/informasicom/status/2105856939473477735,1173853316511485952,informasicom
2105856873065046288,2026-10-02T03:06:18.000Z,0,Sertijab Kapolri dari Jendral Listyo ke Suyudi Digelar Siang Ini www.​idntimes.​com/news/indonesia/sertijab-kapolri-dari-jendral-listyo-ke-suyudi-digelar-siang-ini-00-vdzm7-mrf65s https://t.co/gfXq3mlKVe,2105856873065046288,https://pbs.twimg.com/media/HTmBqrOa4AAs86C.png,,in,,0,0,0,https://x.com/IDNTimes/status/2105856873065046288,388190238,IDNTimes
2105630616855486637,2026-10-02T03:04:25.000Z,0,"@DoankWarto Ah Moso,,,Omdo g Pak Kapolri yg baru?!takut nya cm gimmick jadi pelipur lara rakyat tok🫪😏",2105856401499390311,,DoankWarto,in,,0,0,0,https://x.com/IisK6291/status/2105856401499390311,1791453285100183552,IisK6291
2105856286260867444,2026-10-02T03:03:58.000Z,710,"rumor hubungan shandy aulia sama suyudi ini udah dari 2025 eh sekarang ke up lagi gara-gara si suyudi jadi kapolri

katanya sih keluarganya udah tau tp pura-pura nggak tau (?) https://t.co/RT7k5suTmg",2105856286260867444,https://pbs.twimg.com/media/HTmBGpkbUAA44Zb.jpg,,in,,9,45,83,https://x.com/562side/status/2105856286260867444,1409129129463611401,562side
2105856196855157026,2026-10-02T03:03:36.000Z,12,"harapan dokter tifa ke kapolri baru 

dokter tifa kasih selamat ke jenderal suyudi yang baru dilantik jadi kapolri

dia berharap polri di bawah suyudi jadi jauh lebih profesional

kalau pergantian kapolri ini ikut berpengaruh ke kasus ijazah jokowi, dia berharap suyudi bisa kawal https://t.co/KzXvwKmiKt",2105856196855157026,https://pbs.twimg.com/media/HTmA_yLbYAAp2hN.jpg,,in,,0,4,3,https://x.com/LambeSahamjja/status/2105856196855157026,1772323119111487490,LambeSahamjja
2105856149509857742,2026-10-02T03:03:25.000Z,0,"Selamat dan sukses atas penunjukan jabatan baru kepada Dr. (H.C.) Suyudi Ario Seto, S.I.K., S.H., https://t.co/FJ5OfJbugD. sebagai Kepala Kepolisian Negara Republik Indonesia (KAPOLRI).

#Kapolri #PolriPresisi #Indonesia #bnn #PelindungMasyarakat https://t.co/ygHuWavJ8A",2105856149509857742,https://pbs.twimg.com/media/HTmBAOgbEAEznUS.jpg,,in,,0,0,0,https://x.com/bnnkblitar/status/2105856149509857742,2052288443611508736,bnnkblitar
2105856096636408251,2026-10-02T03:03:13.000Z,5,"Presiden Prabowo Subianto resmi melantik Suyudi Ario Seto sebagai Kapolri menggantikan Jenderal Listyo Sigit Prabowo di Istana Negara, Kamis (1/10/2026).

Usai dilantik, pangkat Suyudi yang sebelumnya Komjen Pol naik menjadi Jenderal Polisi. Momen kenaikan pangkat tersebut https://t.co/2khUlcyqmT",2105856096636408251,https://pbs.twimg.com/amplify_video_thumb/2105855510645981184/img/C5Msn7P_4kWUyLGW.jpg,,in,,0,0,0,https://x.com/kompascom/status/2105856096636408251,23343960,kompascom
2105855623607058821,2026-10-02T03:01:20.000Z,0,"Kapolres Aceh Barat Daya Beser Staf dan Jajaran mengucapkan Selamat dan Sukses Kepada *JENDERAL POL. SUYUDI ARIO SETO, S.I.K., S.H., https://t.co/lfMEwSGLof.* Atas Pelantikan dan Jabatan Baru Sebagai *KEPALA KEPOLISIAN REPUBLIK INDONESIA (KAPOLRI)* 

@suyudiarioseto
@polripresisi https://t.co/1IgTAK6yeZ",2105855623607058821,https://pbs.twimg.com/media/HTmAhsOboAAGjCm.jpg,,in,,0,0,0,https://x.com/fajri_mambola07/status/2105855623607058821,1844205041588240387,fajri_mambola07
2105855374570242329,2026-10-02T03:00:20.000Z,100,"PERGANTIAN KAPOLRI MEMBUAT KUBU GENG SOLO MENJADI KETAR-KETIR...

BOROK JOKOWI DAN KELUARGANYA YANG SELAMA INI DI BECKING LISTYO AKAN JADI HANCUR....‼️

#MakzulkanGibranDiSidangMK
#MakzulkanGibranDiSidangMK
🆘🆗 https://t.co/sRoJFd73TM",2105855374570242329,https://pbs.twimg.com/media/HTmATBxbEAAna6r.jpg,,in,,3,18,44,https://x.com/PngAdilnR4kyt/status/2105855374570242329,1630749805734678529,PngAdilnR4kyt
2105855296958496819,2026-10-02T03:00:02.000Z,1,"Pergantian Kapolri, reshuffle kabinet, hingga mundurnya Dirjenpas menjadi sejumlah isu politik dan hukum yang menyita perhatian sepanjang Kamis (1/10/2026). Selain itu, ada perkembangan sidang kasus kuota haji dan pernyataan Jokowi soal PSI. Apa saja lima isu politik-hukum yang",2105855296958496819,,,in,,0,1,0,https://x.com/Beritasatu/status/2105855296958496819,154102750,Beritasatu
2105855291673948619,2026-10-02T03:00:01.000Z,0,"Ini Rekam Jejak Suyudi Ario Seto, Kapolri Baru Pilihan Prabowo Gantikan Listyo Sigit Prabowo

https://t.co/bFxbcRgweC",2105855291673948619,,,in,,0,0,0,https://x.com/radaraktual/status/2105855291673948619,853782937782714368,radaraktual
2105625073126412670,2026-10-02T02:58:50.000Z,0,@KapudS640 Jabatan kapolri itu sementara. Begitu bapak pensiun bakal jadi samsak itu anak² klo pilih jalur nepotisme. Gak perlu meromantisasi hal busuk lah.,2105854993878433962,,KapudS640,in,,0,0,0,https://x.com/zoelkarneon/status/2105854993878433962,1779664868599382016,zoelkarneon
2105854667624534075,2026-10-02T02:57:32.000Z,0,"Selengkapnya kunjungi website dengan klik link di bio atau download aplikasi di AppStore dan Google Play Store.

#BNN #Kapolri #LHKPN #Suyudi #InilahNews https://t.co/q226fzURk9",2105854667624534075,https://pbs.twimg.com/media/HTijrzeaAAAZmk3.jpg,,in,,0,0,0,https://x.com/inilahdotcom/status/2105854667624534075,46693036,inilahdotcom
2105854513118847206,2026-10-02T02:56:55.000Z,0,"Sejumlah media asing menyoroti reshuffle atau perombakan Kabinet Merah Putih yang dilakukan Presiden RI Prabowo Subianto pada Kamis (1/10/2026).

Perombakan tersebut menjadi perhatian media di kawasan Asia karena menyentuh sejumlah posisi strategis dalam pemerintahan, mulai dari",2105854513118847206,,,in,,0,1,0,https://x.com/tribunnews/status/2105854513118847206,124171593,tribunnews
2105854291953213647,2026-10-02T02:56:02.000Z,10,"pelantikan sebagai Kepala Kepolisian Negara Republik Indonesia (Kapolri).

@DivHumas_Polri
@Spripim_Polri
@HumasPoldaJatim

#PolriUntukMasyarakat
#PresisiUntukIndonesia
#HumanisTegakkanHukum
#JogoJatim
#PolresBojonegoro https://t.co/5iwcaKTUKe",2105854291953213647,https://pbs.twimg.com/media/HTl_UDubkAA68a2.jpg,,in,,0,10,1,https://x.com/PIDM_Bojonegoro/status/2105854291953213647,1460426424699932673,PIDM_Bojonegoro
2105532347353579638,2026-10-02T02:55:50.000Z,1,"@LambeSahamjja MUDAH2AN AMANAH PAK SUYUDI,TETAPI ADAKAH POLISI YANG AMANAH DI NEGERI KONOHA INI? MASBRO...☝☝MUDAH2AN P.SUYUDI JADI KAPOLRI YANG KEDUA SETELAH P.HOEGENG BRO...🙏🙏💪💪🤲",2105854240992464941,,LambeSahamjja,in,,0,0,0,https://x.com/wah121519_wahyu/status/2105854240992464941,833260879030267905,wah121519_wahyu
2105853993180414332,2026-10-02T02:54:51.000Z,0,"Nah ujian pertama kapolri baru, coba memang harus nunggu viral dulu apa? @DivHumas_Polri",2105853993180414332,,,in,,0,0,0,https://x.com/df_zeptiawan/status/2105853993180414332,246628855,df_zeptiawan
2105853622403969487,2026-10-02T02:53:23.000Z,0,"Dilantik Jadi Kapolri, Suyudi: Polri Akan Lebih Dekat dan Bersama Masyarakat https://t.co/5lIbBL8CRZ",2105853622403969487,,,in,,0,0,0,https://x.com/JurnalNews_ID/status/2105853622403969487,1307144779,JurnalNews_ID
2105853539570597898,2026-10-02T02:53:03.000Z,0,"kemarin habis nemuin temen bos lewat bilbor STC gede banget muka kapolri baru.

yah pak sigit sebel dah (｡◔ᴗ◔｡)",2105853539570597898,,,in,,0,0,0,https://x.com/umbilodon/status/2105853539570597898,77412879,umbilodon
2105853509799452700,2026-10-02T02:52:56.000Z,0,"Selamat dan Sukses atas dilantiknya Jenderal Polisi Dr. (H.C.) Suyudi Ario Seto, S.I.K., S.H., https://t.co/mPtya8CoB9. sebagai Kapolri.

Semoga Polri terus maju, presisi, dan amanah dalam menjaga keamanan serta ketertiban bangsa Indonesia. https://t.co/vIvXyGj33u",2105853509799452700,https://pbs.twimg.com/media/HTl-Gf0acAEZbf4.jpg,,in,,0,0,0,https://x.com/HumasRutansby/status/2105853509799452700,1252906975492370432,HumasRutansby
2105799967696986417,2026-10-02T02:52:16.000Z,1,@tempodotco Disosmed sebelah pada ngerujak SA waktu beliau diangkat sebagai kapolri.,2105853343717532044,,tempodotco,in,,0,0,0,https://x.com/BonnyPopeye/status/2105853343717532044,2741850668,BonnyPopeye
2105853167045124423,2026-10-02T02:51:34.000Z,1,"SELAMAT DAN SUKSES
Keluarga Besar Polrestabes Medan menyampaikan Selamat dan Sukses atas dilantiknya Jenderal Polisi. Dr. Suyudi Ario Seto, S.I.K., S.H., https://t.co/9O4e72Fpjt. sebagai Kepala Kepolisian Negara Republik Indonesia (Kapolri).
Semoga senantiasa diberikan kekuatan, https://t.co/xZz5udPpM6",2105853167045124423,https://pbs.twimg.com/media/HTl-SBqbcAACyzz.jpg,,in,,0,0,1,https://x.com/PolsekMdnKota/status/2105853167045124423,1794950183828303873,PolsekMdnKota
2105852713401831616,2026-10-02T02:49:46.000Z,0,"Main sama ayah tiri didapur

https://t.co/dQ7xoPuq89

https://t.co/hQIIav4BFU

https://t.co/NSwZzQXERH

https://t.co/rEFCvTyTZy

T.O.P Pagii #TimnasDay Melayu Selamat Hari Batik Nasional Kapolri Bahlil Lahadalia Koridor 9 Solo Leveling Diaduk https://t.co/uSi00JhrXk",2105852713401831616,https://pbs.twimg.com/amplify_video_thumb/2105852631218552832/img/NR8iaH6ys7AwKFYJ.jpg,,in,,0,1,0,https://x.com/ihpair/status/2105852713401831616,2480283422,ihpair
2105852558296375735,2026-10-02T02:49:09.000Z,0,"Kapolri Suyudi Siapkan Pembenahan Internal Polri, Pelayanan Publik Jadi Prioritas

https://t.co/EyNdmxLZTq https://t.co/umJTWYXT6k",2105852558296375735,https://pbs.twimg.com/media/HTl9tFWaIAAi2pf.jpg,,in,,0,0,0,https://x.com/sinpotv/status/2105852558296375735,1012174601055449088,sinpotv
2105524945531085145,2026-10-02T02:48:33.000Z,0,"@ardisatriawan Semoga Kapolri baru mampu menjaga kepercayaan masyarakat dan meningkatkan pelayanan masyarakat. 
Brapo💪💪💪",2105852405799956686,,ardisatriawan,in,,0,0,0,https://x.com/Alifa4591/status/2105852405799956686,1975758958163013632,Alifa4591
2105852329312551191,2026-10-02T02:48:14.000Z,0,"Bocil a day in my life

https://t.co/dQ7xoPuq89

https://t.co/hQIIav4BFU

https://t.co/NSwZzQXERH

https://t.co/rEFCvTyTZy

T.O.P Pagii #TimnasDay Melayu Selamat Hari Batik Nasional Kapolri Bahlil Lahadalia Koridor 9 Solo Leveling Diaduk https://t.co/rUusjSLshB",2105852329312551191,https://pbs.twimg.com/amplify_video_thumb/2105852295338704896/img/fez2y3KtlFjnkdXs.jpg,,in,,0,3,0,https://x.com/ihpair/status/2105852329312551191,2480283422,ihpair
2105852235309842705,2026-10-02T02:47:52.000Z,0,"Kapolri Suyudi Prioritaskan Pelayanan Publik, Penegakan Hukum yang Adil, dan Kedekatan dengan Masyarakat

https://t.co/dbxhqPxhVA https://t.co/17qRm9ie2l",2105852235309842705,https://pbs.twimg.com/media/HTl9bpSagAACaeZ.jpg,,in,,0,0,0,https://x.com/sinpotv/status/2105852235309842705,1012174601055449088,sinpotv
2105852137041432737,2026-10-02T02:47:28.000Z,0,"Putra Pandeglang Jadi Kapolri, Arif Rahman: Sejarah Baru bagi Banten

https://t.co/0y9zTgz1yt https://t.co/T1PjxpK9a2",2105852137041432737,https://pbs.twimg.com/media/HTl9VnmagAAx7QC.jpg,,in,,0,0,0,https://x.com/sinpotv/status/2105852137041432737,1012174601055449088,sinpotv
2105600953500271056,2026-10-02T02:46:59.000Z,0,@BosPurwa Bismillah dg niat baik benahi negeri insyaa-Allah Pak Kapolri yg anak Benhil akan kolaborasi dg @OmbudsmanRI137 dan aktivis² keadilan,2105852012579684438,,BosPurwa,in,,0,0,0,https://x.com/didihusadiwong/status/2105852012579684438,1776462839009714176,didihusadiwong
2105851682651562430,2026-10-02T02:45:40.000Z,0,"DPR Yakin Kepemimpinan Suyudi Sebagai Kapolri Perkuat Sinergi Polri dan BNN

https://t.co/DisAnaKDlT https://t.co/9tB1BDPsFc",2105851682651562430,https://pbs.twimg.com/media/HTl87HqboAEywi8.jpg,,in,,0,0,0,https://x.com/sinpotv/status/2105851682651562430,1012174601055449088,sinpotv
2105851662921564178,2026-10-02T02:45:35.000Z,7,"Seluruh Keluarga Besar Badan Narkotika Nasional Republik Indonesia (BNN RI) beserta jajaran mengucapkan selamat dan sukses kepada Jenderal Polisi Dr. (H.C.) Suyudi Ario Seto, S.I.K., S.H., https://t.co/JoMwq0g4Nw. atas pelantikannya sebagai Kapolri. https://t.co/BLLtc84Ipy",2105851662921564178,https://pbs.twimg.com/media/HTl86-6bgAAK9kR.jpg,,in,,0,0,1,https://x.com/INFOBNN/status/2105851662921564178,260571311,INFOBNN
2105851549042012301,2026-10-02T02:45:08.000Z,3,"Bocil handuk putih viral

https://t.co/dQ7xoPuq89

https://t.co/hQIIav4BFU

https://t.co/NSwZzQXERH

https://t.co/rEFCvTyTZy

T.O.P Pagii #TimnasDay Melayu Selamat Hari Batik Nasional Kapolri Bahlil Lahadalia Koridor 9 Solo Leveling Diaduk https://t.co/bgKTZWUyMn",2105851549042012301,https://pbs.twimg.com/media/HTl8yema8AAL4di.jpg,,in,,0,8,0,https://x.com/ihpair/status/2105851549042012301,2480283422,ihpair
2105851513155281067,2026-10-02T02:45:00.000Z,0,"Profil Komjen Polisi Suyudi Ario Seto, Kapolri yang Gantikan Listyo Sigit Prabowo https://t.co/oa9tCFm1HI",2105851513155281067,https://pbs.twimg.com/media/HTlSbiQaMAAzieQ.jpg,,in,,0,1,0,https://x.com/akuratco/status/2105851513155281067,786549338818224128,akuratco
2105851378988163304,2026-10-02T02:44:28.000Z,6,"KEPALA BNN RI SUYUDI ARIO SETO RESMI DILANTIK MENJADI KAPOLRI

Kepala BNN RI, Suyudi Ario Seto, resmi dilantik oleh Presiden Republik Indonesia, Prabowo Subianto, sebagai Kepala Kepolisian Negara Republik Indonesia (Kapolri) di Istana Negara, Jakarta Pusat, Kamis (1/10). https://t.co/qIHw2H00JN",2105851378988163304,https://pbs.twimg.com/media/HTl8ptcaEAAMwiq.jpg,,in,,0,0,0,https://x.com/INFOBNN/status/2105851378988163304,260571311,INFOBNN
2105502556189536291,2026-10-02T02:42:40.000Z,1,"@HansAhmadLubis Pergantian Kapolri emg bikin kaget, tp jg campur fakta dengan spekulasi. Yang terkonfirmasi Listyo diganti Suyudi, ada Surpres, proses fit and proper test DPR, persetujuan paripurna, lalu pelantikan. Soal ‘habis pensiun masuk partai?’ ya tunggu bukti, jgn bikin kesimpulan dulu",2105850925982347756,,HansAhmadLubis,in,,0,0,0,https://x.com/Flo_Christyn95/status/2105850925982347756,1606809859072348160,Flo_Christyn95
2105850888292389313,2026-10-02T02:42:31.000Z,0,🇮🇩 Selamat &amp; Sukses atas Pelantikan Kapolri dan Wakapolri https://t.co/eEwNNOzXH8,2105850888292389313,https://pbs.twimg.com/media/HTl8N4sbcAAZ3ZH.jpg,,in,,0,0,0,https://x.com/86Polsekplaosan/status/2105850888292389313,1646455262142926854,86Polsekplaosan
2105524473613197688,2026-10-02T02:41:44.000Z,0,@pw_gun Kalimat ‘kasihan banget’ itu opini. Faktanya cuma ada pergantian Kapolri pada hari yang sama,2105850690778382363,,pw_gun,in,,0,0,0,https://x.com/Flo_Christyn95/status/2105850690778382363,1606809859072348160,Flo_Christyn95
2105850653633552541,2026-10-02T02:41:35.000Z,0,"Kapolda Jawa Timur Irjen Pol Drs. Nanang Avianto, https://t.co/DssFPqOD8e., beserta staf dan jajaran mengucapkan:

Selamat dan Sukses atas Pelantikan Jenderal Polisi Dr. (H.C.) Suyudi Ario Seto, S.I.K., S.H., https://t.co/DssFPqOD8e. sebagai Kapolri. https://t.co/7D9WBYsf0v",2105850653633552541,https://pbs.twimg.com/media/HTl8ANIbkAANwV6.jpg,,in,,0,0,0,https://x.com/HumasBanyakan/status/2105850653633552541,1478743253579014144,HumasBanyakan
2105850518274994569,2026-10-02T02:41:03.000Z,2,"Keluarga Besar BNN Kabupaten Karo mengucapkan
Selamat dan Sukses atas Dilantiknya 

Komjen Pol. Dr. (H.C.) Suyudi Ario Seto, S.I.K., S.H., https://t.co/OeldbRdvIh.
sebagai Kepala Kepolisian Negara Republik Indonesia (Kapolri). https://t.co/KrdC8Is4U1",2105850518274994569,https://pbs.twimg.com/media/HTl71I5bYAAVFQH.jpg,,in,,0,0,0,https://x.com/Info_BNNK_Karo/status/2105850518274994569,1749281815637155840,Info_BNNK_Karo
2105524473613197688,2026-10-02T02:40:47.000Z,0,@pw_gun Narasinya dibuat dramatis banget. Padahal pergantian Kapolri bukan keputusan spontan yang baru muncul jam 10 pagi,2105850454987157534,,pw_gun,in,,0,0,0,https://x.com/AquiloAquiloxx/status/2105850454987157534,1509412008009285635,AquiloAquiloxx
2105524945531085145,2026-10-02T02:39:00.000Z,0,@ardisatriawan Semoga pergantian Kapolri membawa semangat baru untuk Polri dan masyarakat.,2105850003084464196,,ardisatriawan,in,,0,0,0,https://x.com/Aldi4591/status/2105850003084464196,1975745276037238784,Aldi4591
2105499559975940227,2026-10-02T02:38:41.000Z,0,"@Panathinatikos Woy bang, itu Tito karnavian sebelum jadi kapolri dia kepala BNPT, pendahulunya badrodin haiti juga sebelumnya wakapolri",2105849923434647598,,Panathinatikos,in,,0,0,0,https://x.com/real4conqua/status/2105849923434647598,1637754167543631873,real4conqua
2105849739967349212,2026-10-02T02:37:57.000Z,34,Jangan percaya narasi tanpa bukti tentang Kapolri dan Shandy Aulia. Verifikasi informasi sebelum menyebarkan. #DugaanBukanFakta #WaspadaHoax https://t.co/vOgZgNOkLg,2105849739967349212,https://pbs.twimg.com/media/HTl7INBaAAAVh_3.jpg,,in,,0,33,13,https://x.com/segaratimor/status/2105849739967349212,1039874077,segaratimor
2105625073126412670,2026-10-02T02:37:55.000Z,1,@KapudS640 Halah gak usah digitu²in banget lah. Ukur kinerja beliau sebagai Kapolri aja. Udah seberapa baik kinerja polisi dibawah kepemimpinannya yang kelamaan itu 🙄,2105849730966474805,,KapudS640,in,,0,0,0,https://x.com/piadesu_/status/2105849730966474805,71741008,piadesu_
2105849637978660929,2026-10-02T02:37:33.000Z,0,"Harta Dua Jenderal Polisi Terpaut Rp9,5 Miliar, Wajar atau Jadi Sorotan?

Siapa sangka, harta kekayaan dua jenderal polisi yang namanya mencuat dalam dinamika pergantian Kapolri ternyata punya selisih cukup jumbo, mencapai sekitar Rp9,5 miliar.

Mengacu pada LHKPN 2025, Listyo https://t.co/AErZNeqA1P",2105849637978660929,https://pbs.twimg.com/media/HTl7FQzbsAAHfLE.jpg,,in,,0,0,0,https://x.com/xixiomi240/status/2105849637978660929,1787636991196286976,xixiomi240
2105849446965870922,2026-10-02T02:36:47.000Z,0,"🇮🇩 Selamat &amp; Sukses atas Pelantikan Kapolri dan Wakapolri

Keluarga besar Polres Magetan mengucapkan selamat dan sukses atas pelantikan Jenderal Polisi Dr. (HC) Suyudi Ario Seto, S.I.K., S.H., https://t.co/r32Htirfqj. https://t.co/I3AD3OuleN",2105849446965870922,https://pbs.twimg.com/media/HTl65v6aMAAGYAe.jpg,,in,,0,0,0,https://x.com/polsekboyo/status/2105849446965870922,1519125968006574080,polsekboyo
2105849392628731992,2026-10-02T02:36:34.000Z,22,"Kepala Kepolisian Daerah Sumatera Utara beserta Staff dan jajaran mengucapkan Selamat dan Sukses Kepada Jenderal Pol. Dr. Suyudi Ario Seto, S.I.K., S.H., https://t.co/WGxzndE2Y5. sebagai Kepala Kepolisian Negara Republik Indonesia (Kapolri).

“Semoga senantiasa diberi kesehatan, https://t.co/lljXljhwK0",2105849392628731992,https://pbs.twimg.com/media/HTl62-BakAA1won.jpg,,in,,0,16,0,https://x.com/HumasPoldaSumut/status/2105849392628731992,1540532249124253696,HumasPoldaSumut
2105849229419880552,2026-10-02T02:35:55.000Z,1,"RESHUFFLE KABINET MERAH PUTIH LAGI.

Kamis, 1 Oktober 2026, Presiden Prabowo Subianto melantik 18 pejabat di Istana Negara, Jakarta Pusat. detikNews menyebut ini rotasi kabinet ketujuh sejak pemerintahan berjalan. Dasarnya sejumlah keputusan presiden, antara lain Keppres",2105849229419880552,,,in,,0,0,0,https://x.com/0KTAV1ANUSK0K0H/status/2105849229419880552,2082792899717267456,0KTAV1ANUSK0K0H
2105583776789131418,2026-10-02T02:34:42.000Z,0,"@brammmnya3 @LambeSahamjja Gak sebanyak Tito and LSP, ini masih sangat normal, praktis hanya tersisa 2 angkatan yg masih aktif, sama kayak Kapolri jaman pak Dibyo Widodo dll juga begitu",2105848924196204952,,brammmnya3,in,,0,0,0,https://x.com/buaskurn/status/2105848924196204952,1348991849814376449,buaskurn
2105848541705039972,2026-10-02T02:33:11.000Z,0,"Selamat dan Sukses kepada Jenderal Pol. Dr. (H.C) Suyudi Ario Setio, S.I.K., S.H., https://t.co/H3MKtYH9ZT

Atas Dilantiknya Sebagai KAPOLRI https://t.co/gy6ppUvVjB",2105848541705039972,https://pbs.twimg.com/media/HTl6FrbagAAyeMZ.jpg,,in,,0,0,0,https://x.com/Humasrestubaba/status/2105848541705039972,1227043293579448320,Humasrestubaba
2105584247566455162,2026-10-02T02:32:13.000Z,0,@Uniliswara0 Tinggal Kapolri baru buktikan aja kinerjanya... Gak perlu yg satu ribet yg satunya belain,2105848299001667816,,Uniliswara0,in,,0,0,0,https://x.com/bamz_iam/status/2105848299001667816,1549933541936746496,bamz_iam
2105583776789131418,2026-10-02T02:31:28.000Z,0,@LambeSahamjja masih masuk geng solo bukan si kapolri sekarang ?,2105848107754029291,,LambeSahamjja,in,,0,1,0,https://x.com/Mercyboyz/status/2105848107754029291,183840135,Mercyboyz
2105848075726278675,2026-10-02T02:31:20.000Z,0,"Selamat atas penunjukan Komjen Pol. Dr. (H.C.) Suyudi Ario Seto, S.I.K., S.H., https://t.co/TETzbyLYRv. sebagai Kapolri.

Semoga senantiasa diberikan kesehatan, kekuatan, dan petunjuk dalam mengemban amanah serta memberikan pelayanan terbaik bagi masyarakat dan Indonesia. https://t.co/MzNqqmtY4Z",2105848075726278675,https://pbs.twimg.com/media/HTl5o4_bcAApQKp.jpg,,in,,0,0,0,https://x.com/BawasluKotaSMI/status/2105848075726278675,1069787142618902529,BawasluKotaSMI
2105847946080346584,2026-10-02T02:30:49.000Z,0,"Kapolrestabes Semarang beserta staf, jajaran, dan Bhayangkari mengucapkan Selamat dan Sukses atas Jabatan Baru sebagai Kapolri kepada Jenderal Polisi Drs. Suyudi Ario Seto, S.I.K., S.H., https://t.co/oLLwFpsuhh.

Polri Bersama Masyarakat 🇮🇩 https://t.co/tB8pxmIBY1",2105847946080346584,https://pbs.twimg.com/media/HTl5i0maEAA8y5T.jpg,,in,,0,0,0,https://x.com/Polsek_Pdr442/status/2105847946080346584,1420613542152077313,Polsek_Pdr442
2105569233468105117,2026-10-02T02:29:39.000Z,0,"@pakaipeci ini kan maksud beliau sebenar-benarnya adalah menciptakan insan kepolisian yg cerdas memikul tanggung jawabnya sebagai pengayom masyarakat yang waras pikiran dan perilakunya 😊revisi cita2  polisi ideal bukan lagi polisi tidur atau figur kapolri jaman baheula, benar?",2105847649857622414,,pakaipeci,in,,0,0,0,https://x.com/AngTuh/status/2105847649857622414,1505594392995762177,AngTuh
2105594643870298517,2026-10-02T02:29:14.000Z,1,"@DokterTifa Berharap ada bantuan dari Kapolri yang Baru ,hahaha",2105847547969569006,,DokterTifa,in,,0,0,0,https://x.com/agus_setty/status/2105847547969569006,1750825582445858816,agus_setty
2105846971038880010,2026-10-02T02:26:57.000Z,1,"Kepala BNN Kabupaten Mempawah Anida Sari, https://t.co/WBNHX5gCDG., M.M Beserta Staf Mengucapkan Selamat Kepada Komjen Pol. Suyudi Ario Seto, S.I.K., SH., https://t.co/AxfinE86YN atas penunjukan Jabatan Baru Sebagai Kapolri.
#polri https://t.co/KYMG24tNyG",2105846971038880010,https://pbs.twimg.com/media/HTl4pt4bkAAHpTE.jpg,,in,,0,0,0,https://x.com/BNNK_Mempawah/status/2105846971038880010,1355818530428469249,BNNK_Mempawah
2105846668352712937,2026-10-02T02:25:45.000Z,3,ARSIP KOMPASTV - Momen Presiden ke-7 RI Jokowi Lantik Kapolri Listyo Sigit Prabowo di Januari 2021 dlvr.​it/TVkwCn https://t.co/Gzay2VTjiy,2105846668352712937,https://pbs.twimg.com/media/HTl4YeQbMAA24xV.jpg,,in,,0,1,0,https://x.com/KompasTV/status/2105846668352712937,71436318,KompasTV
2105594643870298517,2026-10-02T02:23:27.000Z,1,"@DokterTifa Presiden sdh kasi kesempatan 2thn utk Sigit tp tdk ada perubahan dgn terpaksa Sigit di copot dr kapolri, biarkan dia pilh jd petani atau membuat parcok pendukung siMul utk berkolaborasi dgn psi di 2029 mengusung F4 yg tak memiliki ijazah setara sma",2105846091468132764,,DokterTifa,in,,0,1,0,https://x.com/BSJ4Indonesia/status/2105846091468132764,1647998596145643520,BSJ4Indonesia
2105675720651583953,2026-10-02T02:21:34.000Z,1,"@tawajkt Inilh risko kalau semua dmi kelompok,usia listyo blm masuk masa pensiun,maknya mau tak mau hrs diberi jbata.
Sbnarnya sebagai kapolri terlalu muda dn terlalu bnyak jga melangkahi senior",2105845615783772452,,tawajkt,in,,1,0,0,https://x.com/AjoSiam/status/2105845615783772452,799558725438578688,AjoSiam
2105625073126412670,2026-10-02T02:19:41.000Z,0,"@KapudS640 Sebagai kapolri terlama tidak ekuivalen dengan anaknya yg tidak jadi polisi.
Logika macam apa ini? 

Listyo Sigit jadi kapolri terlama itu sudah anomali. Ada politisasi yang membuat jabatan kapolrinya ini menjaid tidak amanah dalam jabatannya. Sebab kinerjanya buruh.",2105845142582394976,,KapudS640,in,,0,0,0,https://x.com/Pengopipagi/status/2105845142582394976,1289236012929957889,Pengopipagi
2105569233468105117,2026-10-02T02:19:17.000Z,0,"@pakaipeci Perlu dievaluasi Jam piket di penjagaan, manusiawi klo kadang PakPol galak pas kita minta pelayanan, udh puyeng dgn laporan sblmnya yg rata2 bikin tensi anggota naik. Kesejahteraan udh lumayan sih sekarang. Biar cita2 sederhana Pak Kapolri bisa tercapai",2105845042304942531,,pakaipeci,in,,0,0,0,https://x.com/Kholiq1881/status/2105845042304942531,1659151855124103169,Kholiq1881
2105844984922640834,2026-10-02T02:19:03.000Z,0,"Horeee...!!! Kapolri diganti, Selamat datang  Kapolri baru, berdirilah di pojok Netral, tegakkan keadilan, anda berhutang budi hanya kepada Allah, bukan kepada Manusia, Buzzer, Termul, Relawan bangsat ini awal gak enak tidur kalian gak bisa suka2 mu lagi... bravo",2105844984922640834,,,in,,0,0,0,https://x.com/AswandiNasutio6/status/2105844984922640834,1632516850335776768,AswandiNasutio6
2105612128321413144,2026-10-02T02:18:31.000Z,0,"@LambeSahamjja sejujurnya saya pebih percaya kang Xiomai drpd polisi, jadi saya nggak perduli siapapun Kapolri nya, sama Saja",2105844851233407026,,LambeSahamjja,in,,0,0,0,https://x.com/Alqadriwahyu14/status/2105844851233407026,1550854032474140672,Alqadriwahyu14
2105634561002746232,2026-10-02T02:17:08.000Z,2,@Jayabay19479190 Berani buka ijasah Drs Ir Joko Widodo &amp; buka kasus KM50 Kapolri baru ini ???,2105844500488949898,,Jayabay19479190,in,,0,1,0,https://x.com/Joxplalong/status/2105844500488949898,1414014630507081731,Joxplalong
2105654969928171882,2026-10-02T02:15:21.000Z,0,"@Bambangmulyonoo Hanya rotasi, dari BNN ke Kapolri, Kapolri jadi KSP",2105844052646375431,,Bambangmulyonoo,in,,0,1,0,https://x.com/stobsjr/status/2105844052646375431,1526915443,stobsjr
2105843788409397585,2026-10-02T02:14:18.000Z,0,"Suyudi Ario Seto Resmi Dilantik Jadi Kapolri, Komjen Wahyu Hadiningrat Wakapolri https://t.co/rdRPlmdCND",2105843788409397585,,,in,,0,0,0,https://x.com/WaspadaOnline/status/2105843788409397585,78596326,WaspadaOnline
2105843696155677064,2026-10-02T02:13:56.000Z,0,"Listyo Sigit Dilantik Jadi KSP, Tinggalkan Kursi Kapolri Setelah 5 Tahun 8 Bulan https://t.co/4lw69nRwcB",2105843696155677064,,,in,,0,0,0,https://x.com/WaspadaOnline/status/2105843696155677064,78596326,WaspadaOnline
